-- MySQL dump 10.13  Distrib 5.7.33, for Linux (x86_64)
--
-- Host: localhost    Database: diaspora_production
-- ------------------------------------------------------
-- Server version	5.7.33-0ubuntu0.18.04.1

/*!40101 SET @OLD_CHARACTER_SET_CLIENT=@@CHARACTER_SET_CLIENT */;;;
/*!40101 SET @OLD_CHARACTER_SET_RESULTS=@@CHARACTER_SET_RESULTS */;;;
/*!40101 SET @OLD_COLLATION_CONNECTION=@@COLLATION_CONNECTION */;;;
/*!40101 SET NAMES utf8 */;;;
/*!40103 SET @OLD_TIME_ZONE=@@TIME_ZONE */;;;
/*!40103 SET TIME_ZONE='+00:00' */;;;
/*!40014 SET @OLD_UNIQUE_CHECKS=@@UNIQUE_CHECKS, UNIQUE_CHECKS=0 */;;;
/*!40014 SET @OLD_FOREIGN_KEY_CHECKS=@@FOREIGN_KEY_CHECKS, FOREIGN_KEY_CHECKS=0 */;;;
/*!40101 SET @OLD_SQL_MODE=@@SQL_MODE, SQL_MODE='NO_AUTO_VALUE_ON_ZERO' */;;;
/*!40111 SET @OLD_SQL_NOTES=@@SQL_NOTES, SQL_NOTES=0 */;;;

--
-- Table structure for table `account_deletions`
--

DROP TABLE IF EXISTS `account_deletions`;;;
/*!40101 SET @saved_cs_client     = @@character_set_client */;;;
/*!40101 SET character_set_client = utf8 */;;;
CREATE TABLE `account_deletions` (
  `id` int(11) NOT NULL AUTO_INCREMENT,
  `person_id` int(11) DEFAULT NULL,
  `completed_at` datetime DEFAULT NULL,
  PRIMARY KEY (`id`),
  UNIQUE KEY `index_account_deletions_on_person_id` (`person_id`)
) ENGINE=InnoDB DEFAULT CHARSET=utf8mb4 COLLATE=utf8mb4_bin;;;
/*!40101 SET character_set_client = @saved_cs_client */;;;

--
-- Dumping data for table `account_deletions`
--

LOCK TABLES `account_deletions` WRITE;;;
/*!40000 ALTER TABLE `account_deletions` DISABLE KEYS */;;;
/*!40000 ALTER TABLE `account_deletions` ENABLE KEYS */;;;
UNLOCK TABLES;;;

--
-- Table structure for table `account_migrations`
--

DROP TABLE IF EXISTS `account_migrations`;;;
/*!40101 SET @saved_cs_client     = @@character_set_client */;;;
/*!40101 SET character_set_client = utf8 */;;;
CREATE TABLE `account_migrations` (
  `id` bigint(20) NOT NULL AUTO_INCREMENT,
  `old_person_id` int(11) NOT NULL,
  `new_person_id` int(11) NOT NULL,
  `completed_at` datetime DEFAULT NULL,
  PRIMARY KEY (`id`),
  UNIQUE KEY `index_account_migrations_on_old_person_id_and_new_person_id` (`old_person_id`,`new_person_id`),
  UNIQUE KEY `index_account_migrations_on_old_person_id` (`old_person_id`),
  KEY `fk_rails_610fe19943` (`new_person_id`),
  CONSTRAINT `fk_rails_610fe19943` FOREIGN KEY (`new_person_id`) REFERENCES `people` (`id`),
  CONSTRAINT `fk_rails_ddbe553eee` FOREIGN KEY (`old_person_id`) REFERENCES `people` (`id`)
) ENGINE=InnoDB DEFAULT CHARSET=utf8mb4 COLLATE=utf8mb4_bin;;;
/*!40101 SET character_set_client = @saved_cs_client */;;;

--
-- Dumping data for table `account_migrations`
--

LOCK TABLES `account_migrations` WRITE;;;
/*!40000 ALTER TABLE `account_migrations` DISABLE KEYS */;;;
/*!40000 ALTER TABLE `account_migrations` ENABLE KEYS */;;;
UNLOCK TABLES;;;

--
-- Table structure for table `ar_internal_metadata`
--

DROP TABLE IF EXISTS `ar_internal_metadata`;;;
/*!40101 SET @saved_cs_client     = @@character_set_client */;;;
/*!40101 SET character_set_client = utf8 */;;;
CREATE TABLE `ar_internal_metadata` (
  `key` varchar(255) CHARACTER SET utf8 COLLATE utf8_bin NOT NULL,
  `value` varchar(255) COLLATE utf8mb4_bin DEFAULT NULL,
  `created_at` datetime NOT NULL,
  `updated_at` datetime NOT NULL,
  PRIMARY KEY (`key`)
) ENGINE=InnoDB DEFAULT CHARSET=utf8mb4 COLLATE=utf8mb4_bin;;;
/*!40101 SET character_set_client = @saved_cs_client */;;;

--
-- Dumping data for table `ar_internal_metadata`
--

LOCK TABLES `ar_internal_metadata` WRITE;;;
/*!40000 ALTER TABLE `ar_internal_metadata` DISABLE KEYS */;;;
INSERT INTO `ar_internal_metadata` VALUES ('environment','production','2021-04-05 04:51:01','2021-04-05 04:51:01');;;
/*!40000 ALTER TABLE `ar_internal_metadata` ENABLE KEYS */;;;
UNLOCK TABLES;;;

--
-- Table structure for table `aspect_memberships`
--

DROP TABLE IF EXISTS `aspect_memberships`;;;
/*!40101 SET @saved_cs_client     = @@character_set_client */;;;
/*!40101 SET character_set_client = utf8 */;;;
CREATE TABLE `aspect_memberships` (
  `id` int(11) NOT NULL AUTO_INCREMENT,
  `aspect_id` int(11) NOT NULL,
  `contact_id` int(11) NOT NULL,
  `created_at` datetime NOT NULL,
  `updated_at` datetime NOT NULL,
  PRIMARY KEY (`id`),
  UNIQUE KEY `index_aspect_memberships_on_aspect_id_and_contact_id` (`aspect_id`,`contact_id`),
  KEY `index_aspect_memberships_on_aspect_id` (`aspect_id`),
  KEY `index_aspect_memberships_on_contact_id` (`contact_id`),
  CONSTRAINT `aspect_memberships_aspect_id_fk` FOREIGN KEY (`aspect_id`) REFERENCES `aspects` (`id`) ON DELETE CASCADE,
  CONSTRAINT `aspect_memberships_contact_id_fk` FOREIGN KEY (`contact_id`) REFERENCES `contacts` (`id`) ON DELETE CASCADE
) ENGINE=InnoDB AUTO_INCREMENT=48 DEFAULT CHARSET=utf8mb4 COLLATE=utf8mb4_bin;;;
/*!40101 SET character_set_client = @saved_cs_client */;;;

--
-- Dumping data for table `aspect_memberships`
--

LOCK TABLES `aspect_memberships` WRITE;;;
/*!40000 ALTER TABLE `aspect_memberships` DISABLE KEYS */;;;
INSERT INTO `aspect_memberships` VALUES (1,4,1,'2021-04-05 05:49:00','2021-04-05 05:49:00'),(2,8,2,'2021-04-08 22:18:11','2021-04-08 22:18:11'),(3,7,3,'2021-04-13 06:07:43','2021-04-13 06:07:43'),(4,12,5,'2021-04-26 07:25:36','2021-04-26 07:25:36'),(7,12,8,'2021-04-26 07:27:19','2021-04-26 07:27:19'),(9,5,9,'2021-04-26 07:33:20','2021-04-26 07:33:20'),(10,9,10,'2021-04-26 07:34:08','2021-04-26 07:34:08'),(11,16,12,'2021-04-27 20:36:03','2021-04-27 20:36:03'),(12,20,13,'2021-04-27 20:42:59','2021-04-27 20:42:59'),(13,24,14,'2021-04-27 20:52:16','2021-04-27 20:52:16'),(14,28,15,'2021-04-27 20:55:32','2021-04-27 20:55:32'),(15,32,16,'2021-04-27 20:56:28','2021-04-27 20:56:28'),(16,36,17,'2021-04-27 20:57:30','2021-04-27 20:57:30'),(17,40,18,'2021-04-27 21:01:03','2021-04-27 21:01:03'),(18,44,19,'2021-04-27 21:01:54','2021-04-27 21:01:54'),(19,48,20,'2021-04-27 21:02:23','2021-04-27 21:02:23'),(20,52,21,'2021-04-27 21:03:35','2021-04-27 21:03:35'),(21,56,22,'2021-04-27 21:03:43','2021-04-27 21:03:43'),(22,60,23,'2021-04-27 21:03:50','2021-04-27 21:03:50'),(23,64,24,'2021-04-27 21:03:57','2021-04-27 21:03:57'),(24,68,25,'2021-04-27 21:04:03','2021-04-27 21:04:03'),(25,72,26,'2021-04-27 21:06:48','2021-04-27 21:06:48'),(26,76,27,'2021-04-27 21:06:54','2021-04-27 21:06:54'),(27,80,28,'2021-04-27 21:07:01','2021-04-27 21:07:01'),(28,84,29,'2021-04-27 21:07:09','2021-04-27 21:07:09'),(29,88,30,'2021-04-27 21:07:16','2021-04-27 21:07:16'),(30,92,31,'2021-04-27 21:07:24','2021-04-27 21:07:24'),(31,96,32,'2021-04-27 21:07:30','2021-04-27 21:07:30'),(32,100,33,'2021-04-27 21:07:38','2021-04-27 21:07:38'),(33,104,34,'2021-04-27 21:07:46','2021-04-27 21:07:46'),(34,108,35,'2021-04-27 21:07:52','2021-04-27 21:07:52'),(35,112,36,'2021-04-27 21:07:59','2021-04-27 21:07:59'),(36,116,37,'2021-04-27 21:08:06','2021-04-27 21:08:06'),(37,120,38,'2021-04-27 21:08:15','2021-04-27 21:08:15'),(38,124,39,'2021-04-27 21:08:21','2021-04-27 21:08:21'),(39,128,40,'2021-04-27 21:08:30','2021-04-27 21:08:30'),(40,132,41,'2021-04-27 21:08:36','2021-04-27 21:08:36'),(41,8,42,'2021-04-28 03:16:09','2021-04-28 03:16:09'),(42,8,43,'2021-04-28 03:16:12','2021-04-28 03:16:12'),(43,8,46,'2021-04-28 03:16:16','2021-04-28 03:16:16'),(44,8,48,'2021-04-28 03:16:20','2021-04-28 03:16:20'),(45,8,50,'2021-04-28 03:16:25','2021-04-28 03:16:25'),(46,8,52,'2021-04-28 03:16:29','2021-04-28 03:16:29'),(47,8,54,'2021-04-28 03:16:33','2021-04-28 03:16:33');;;
/*!40000 ALTER TABLE `aspect_memberships` ENABLE KEYS */;;;
UNLOCK TABLES;;;

--
-- Table structure for table `aspect_visibilities`
--

DROP TABLE IF EXISTS `aspect_visibilities`;;;
/*!40101 SET @saved_cs_client     = @@character_set_client */;;;
/*!40101 SET character_set_client = utf8 */;;;
CREATE TABLE `aspect_visibilities` (
  `id` int(11) NOT NULL AUTO_INCREMENT,
  `shareable_id` int(11) NOT NULL,
  `aspect_id` int(11) NOT NULL,
  `shareable_type` varchar(255) COLLATE utf8mb4_bin NOT NULL DEFAULT 'Post',
  PRIMARY KEY (`id`),
  UNIQUE KEY `index_aspect_visibilities_on_shareable_and_aspect_id` (`shareable_id`,`shareable_type`(189),`aspect_id`),
  KEY `index_aspect_visibilities_on_aspect_id` (`aspect_id`),
  KEY `index_aspect_visibilities_on_shareable_id_and_shareable_type` (`shareable_id`,`shareable_type`(190)),
  CONSTRAINT `aspect_visibilities_aspect_id_fk` FOREIGN KEY (`aspect_id`) REFERENCES `aspects` (`id`) ON DELETE CASCADE
) ENGINE=InnoDB AUTO_INCREMENT=8 DEFAULT CHARSET=utf8mb4 COLLATE=utf8mb4_bin;;;
/*!40101 SET character_set_client = @saved_cs_client */;;;

--
-- Dumping data for table `aspect_visibilities`
--

LOCK TABLES `aspect_visibilities` WRITE;;;
/*!40000 ALTER TABLE `aspect_visibilities` DISABLE KEYS */;;;
INSERT INTO `aspect_visibilities` VALUES (1,3,2,'Post'),(2,7,9,'Post'),(3,8,5,'Post'),(4,9,5,'Post'),(5,9,6,'Post'),(6,9,7,'Post'),(7,9,8,'Post');;;
/*!40000 ALTER TABLE `aspect_visibilities` ENABLE KEYS */;;;
UNLOCK TABLES;;;

--
-- Table structure for table `aspects`
--

DROP TABLE IF EXISTS `aspects`;;;
/*!40101 SET @saved_cs_client     = @@character_set_client */;;;
/*!40101 SET character_set_client = utf8 */;;;
CREATE TABLE `aspects` (
  `id` int(11) NOT NULL AUTO_INCREMENT,
  `name` varchar(255) COLLATE utf8mb4_bin NOT NULL,
  `user_id` int(11) NOT NULL,
  `created_at` datetime NOT NULL,
  `updated_at` datetime NOT NULL,
  `order_id` int(11) DEFAULT NULL,
  `chat_enabled` tinyint(1) DEFAULT '0',
  `post_default` tinyint(1) DEFAULT '1',
  PRIMARY KEY (`id`),
  UNIQUE KEY `index_aspects_on_user_id_and_name` (`user_id`,`name`(190)),
  KEY `index_aspects_on_user_id` (`user_id`)
) ENGINE=InnoDB AUTO_INCREMENT=133 DEFAULT CHARSET=utf8mb4 COLLATE=utf8mb4_bin;;;
/*!40101 SET character_set_client = @saved_cs_client */;;;

--
-- Dumping data for table `aspects`
--

LOCK TABLES `aspects` WRITE;;;
/*!40000 ALTER TABLE `aspects` DISABLE KEYS */;;;
INSERT INTO `aspects` VALUES (1,'Family',1,'2021-04-05 05:48:58','2021-04-05 05:48:58',1,0,1),(2,'Friends',1,'2021-04-05 05:48:58','2021-04-05 05:48:58',2,0,1),(3,'Work',1,'2021-04-05 05:48:58','2021-04-05 05:48:58',3,0,1),(4,'Acquaintances',1,'2021-04-05 05:48:58','2021-04-05 05:48:58',4,0,1),(5,'Family',2,'2021-04-08 22:18:11','2021-04-08 22:18:11',1,0,1),(6,'Friends',2,'2021-04-08 22:18:11','2021-04-08 22:18:11',2,0,1),(7,'Work',2,'2021-04-08 22:18:11','2021-04-08 22:18:11',3,0,1),(8,'Acquaintances',2,'2021-04-08 22:18:11','2021-04-08 22:18:11',4,0,1),(9,'Family',3,'2021-04-26 07:25:36','2021-04-26 07:25:36',1,0,1),(10,'Friends',3,'2021-04-26 07:25:36','2021-04-26 07:25:36',2,0,1),(11,'Work',3,'2021-04-26 07:25:36','2021-04-26 07:25:36',3,0,1),(12,'Acquaintances',3,'2021-04-26 07:25:36','2021-04-26 07:25:36',4,0,1),(13,'Family',4,'2021-04-27 20:36:03','2021-04-27 20:36:03',1,0,1),(14,'Friends',4,'2021-04-27 20:36:03','2021-04-27 20:36:03',2,0,1),(15,'Work',4,'2021-04-27 20:36:03','2021-04-27 20:36:03',3,0,1),(16,'Acquaintances',4,'2021-04-27 20:36:03','2021-04-27 20:36:03',4,0,1),(17,'Family',5,'2021-04-27 20:42:59','2021-04-27 20:42:59',1,0,1),(18,'Friends',5,'2021-04-27 20:42:59','2021-04-27 20:42:59',2,0,1),(19,'Work',5,'2021-04-27 20:42:59','2021-04-27 20:42:59',3,0,1),(20,'Acquaintances',5,'2021-04-27 20:42:59','2021-04-27 20:42:59',4,0,1),(21,'Family',6,'2021-04-27 20:52:16','2021-04-27 20:52:16',1,0,1),(22,'Friends',6,'2021-04-27 20:52:16','2021-04-27 20:52:16',2,0,1),(23,'Work',6,'2021-04-27 20:52:16','2021-04-27 20:52:16',3,0,1),(24,'Acquaintances',6,'2021-04-27 20:52:16','2021-04-27 20:52:16',4,0,1),(25,'Family',7,'2021-04-27 20:55:32','2021-04-27 20:55:32',1,0,1),(26,'Friends',7,'2021-04-27 20:55:32','2021-04-27 20:55:32',2,0,1),(27,'Work',7,'2021-04-27 20:55:32','2021-04-27 20:55:32',3,0,1),(28,'Acquaintances',7,'2021-04-27 20:55:32','2021-04-27 20:55:32',4,0,1),(29,'Family',8,'2021-04-27 20:56:28','2021-04-27 20:56:28',1,0,1),(30,'Friends',8,'2021-04-27 20:56:28','2021-04-27 20:56:28',2,0,1),(31,'Work',8,'2021-04-27 20:56:28','2021-04-27 20:56:28',3,0,1),(32,'Acquaintances',8,'2021-04-27 20:56:28','2021-04-27 20:56:28',4,0,1),(33,'Family',9,'2021-04-27 20:57:30','2021-04-27 20:57:30',1,0,1),(34,'Friends',9,'2021-04-27 20:57:30','2021-04-27 20:57:30',2,0,1),(35,'Work',9,'2021-04-27 20:57:30','2021-04-27 20:57:30',3,0,1),(36,'Acquaintances',9,'2021-04-27 20:57:30','2021-04-27 20:57:30',4,0,1),(37,'Family',10,'2021-04-27 21:01:03','2021-04-27 21:01:03',1,0,1),(38,'Friends',10,'2021-04-27 21:01:03','2021-04-27 21:01:03',2,0,1),(39,'Work',10,'2021-04-27 21:01:03','2021-04-27 21:01:03',3,0,1),(40,'Acquaintances',10,'2021-04-27 21:01:03','2021-04-27 21:01:03',4,0,1),(41,'Family',11,'2021-04-27 21:01:54','2021-04-27 21:01:54',1,0,1),(42,'Friends',11,'2021-04-27 21:01:54','2021-04-27 21:01:54',2,0,1),(43,'Work',11,'2021-04-27 21:01:54','2021-04-27 21:01:54',3,0,1),(44,'Acquaintances',11,'2021-04-27 21:01:54','2021-04-27 21:01:54',4,0,1),(45,'Family',12,'2021-04-27 21:02:23','2021-04-27 21:02:23',1,0,1),(46,'Friends',12,'2021-04-27 21:02:23','2021-04-27 21:02:23',2,0,1),(47,'Work',12,'2021-04-27 21:02:23','2021-04-27 21:02:23',3,0,1),(48,'Acquaintances',12,'2021-04-27 21:02:23','2021-04-27 21:02:23',4,0,1),(49,'Family',13,'2021-04-27 21:03:35','2021-04-27 21:03:35',1,0,1),(50,'Friends',13,'2021-04-27 21:03:35','2021-04-27 21:03:35',2,0,1),(51,'Work',13,'2021-04-27 21:03:35','2021-04-27 21:03:35',3,0,1),(52,'Acquaintances',13,'2021-04-27 21:03:35','2021-04-27 21:03:35',4,0,1),(53,'Family',14,'2021-04-27 21:03:43','2021-04-27 21:03:43',1,0,1),(54,'Friends',14,'2021-04-27 21:03:43','2021-04-27 21:03:43',2,0,1),(55,'Work',14,'2021-04-27 21:03:43','2021-04-27 21:03:43',3,0,1),(56,'Acquaintances',14,'2021-04-27 21:03:43','2021-04-27 21:03:43',4,0,1),(57,'Family',15,'2021-04-27 21:03:50','2021-04-27 21:03:50',1,0,1),(58,'Friends',15,'2021-04-27 21:03:50','2021-04-27 21:03:50',2,0,1),(59,'Work',15,'2021-04-27 21:03:50','2021-04-27 21:03:50',3,0,1),(60,'Acquaintances',15,'2021-04-27 21:03:50','2021-04-27 21:03:50',4,0,1),(61,'Family',16,'2021-04-27 21:03:57','2021-04-27 21:03:57',1,0,1),(62,'Friends',16,'2021-04-27 21:03:57','2021-04-27 21:03:57',2,0,1),(63,'Work',16,'2021-04-27 21:03:57','2021-04-27 21:03:57',3,0,1),(64,'Acquaintances',16,'2021-04-27 21:03:57','2021-04-27 21:03:57',4,0,1),(65,'Family',17,'2021-04-27 21:04:03','2021-04-27 21:04:03',1,0,1),(66,'Friends',17,'2021-04-27 21:04:03','2021-04-27 21:04:03',2,0,1),(67,'Work',17,'2021-04-27 21:04:03','2021-04-27 21:04:03',3,0,1),(68,'Acquaintances',17,'2021-04-27 21:04:03','2021-04-27 21:04:03',4,0,1),(69,'Family',18,'2021-04-27 21:06:48','2021-04-27 21:06:48',1,0,1),(70,'Friends',18,'2021-04-27 21:06:48','2021-04-27 21:06:48',2,0,1),(71,'Work',18,'2021-04-27 21:06:48','2021-04-27 21:06:48',3,0,1),(72,'Acquaintances',18,'2021-04-27 21:06:48','2021-04-27 21:06:48',4,0,1),(73,'Family',19,'2021-04-27 21:06:54','2021-04-27 21:06:54',1,0,1),(74,'Friends',19,'2021-04-27 21:06:54','2021-04-27 21:06:54',2,0,1),(75,'Work',19,'2021-04-27 21:06:54','2021-04-27 21:06:54',3,0,1),(76,'Acquaintances',19,'2021-04-27 21:06:54','2021-04-27 21:06:54',4,0,1),(77,'Family',20,'2021-04-27 21:07:01','2021-04-27 21:07:01',1,0,1),(78,'Friends',20,'2021-04-27 21:07:01','2021-04-27 21:07:01',2,0,1),(79,'Work',20,'2021-04-27 21:07:01','2021-04-27 21:07:01',3,0,1),(80,'Acquaintances',20,'2021-04-27 21:07:01','2021-04-27 21:07:01',4,0,1),(81,'Family',21,'2021-04-27 21:07:09','2021-04-27 21:07:09',1,0,1),(82,'Friends',21,'2021-04-27 21:07:09','2021-04-27 21:07:09',2,0,1),(83,'Work',21,'2021-04-27 21:07:09','2021-04-27 21:07:09',3,0,1),(84,'Acquaintances',21,'2021-04-27 21:07:09','2021-04-27 21:07:09',4,0,1),(85,'Family',22,'2021-04-27 21:07:16','2021-04-27 21:07:16',1,0,1),(86,'Friends',22,'2021-04-27 21:07:16','2021-04-27 21:07:16',2,0,1),(87,'Work',22,'2021-04-27 21:07:16','2021-04-27 21:07:16',3,0,1),(88,'Acquaintances',22,'2021-04-27 21:07:16','2021-04-27 21:07:16',4,0,1),(89,'Family',23,'2021-04-27 21:07:24','2021-04-27 21:07:24',1,0,1),(90,'Friends',23,'2021-04-27 21:07:24','2021-04-27 21:07:24',2,0,1),(91,'Work',23,'2021-04-27 21:07:24','2021-04-27 21:07:24',3,0,1),(92,'Acquaintances',23,'2021-04-27 21:07:24','2021-04-27 21:07:24',4,0,1),(93,'Family',24,'2021-04-27 21:07:30','2021-04-27 21:07:30',1,0,1),(94,'Friends',24,'2021-04-27 21:07:30','2021-04-27 21:07:30',2,0,1),(95,'Work',24,'2021-04-27 21:07:30','2021-04-27 21:07:30',3,0,1),(96,'Acquaintances',24,'2021-04-27 21:07:30','2021-04-27 21:07:30',4,0,1),(97,'Family',25,'2021-04-27 21:07:38','2021-04-27 21:07:38',1,0,1),(98,'Friends',25,'2021-04-27 21:07:38','2021-04-27 21:07:38',2,0,1),(99,'Work',25,'2021-04-27 21:07:38','2021-04-27 21:07:38',3,0,1),(100,'Acquaintances',25,'2021-04-27 21:07:38','2021-04-27 21:07:38',4,0,1),(101,'Family',26,'2021-04-27 21:07:46','2021-04-27 21:07:46',1,0,1),(102,'Friends',26,'2021-04-27 21:07:46','2021-04-27 21:07:46',2,0,1),(103,'Work',26,'2021-04-27 21:07:46','2021-04-27 21:07:46',3,0,1),(104,'Acquaintances',26,'2021-04-27 21:07:46','2021-04-27 21:07:46',4,0,1),(105,'Family',27,'2021-04-27 21:07:52','2021-04-27 21:07:52',1,0,1),(106,'Friends',27,'2021-04-27 21:07:52','2021-04-27 21:07:52',2,0,1),(107,'Work',27,'2021-04-27 21:07:52','2021-04-27 21:07:52',3,0,1),(108,'Acquaintances',27,'2021-04-27 21:07:52','2021-04-27 21:07:52',4,0,1),(109,'Family',28,'2021-04-27 21:07:59','2021-04-27 21:07:59',1,0,1),(110,'Friends',28,'2021-04-27 21:07:59','2021-04-27 21:07:59',2,0,1),(111,'Work',28,'2021-04-27 21:07:59','2021-04-27 21:07:59',3,0,1),(112,'Acquaintances',28,'2021-04-27 21:07:59','2021-04-27 21:07:59',4,0,1),(113,'Family',29,'2021-04-27 21:08:06','2021-04-27 21:08:06',1,0,1),(114,'Friends',29,'2021-04-27 21:08:06','2021-04-27 21:08:06',2,0,1),(115,'Work',29,'2021-04-27 21:08:06','2021-04-27 21:08:06',3,0,1),(116,'Acquaintances',29,'2021-04-27 21:08:06','2021-04-27 21:08:06',4,0,1),(117,'Family',30,'2021-04-27 21:08:15','2021-04-27 21:08:15',1,0,1),(118,'Friends',30,'2021-04-27 21:08:15','2021-04-27 21:08:15',2,0,1),(119,'Work',30,'2021-04-27 21:08:15','2021-04-27 21:08:15',3,0,1),(120,'Acquaintances',30,'2021-04-27 21:08:15','2021-04-27 21:08:15',4,0,1),(121,'Family',31,'2021-04-27 21:08:21','2021-04-27 21:08:21',1,0,1),(122,'Friends',31,'2021-04-27 21:08:21','2021-04-27 21:08:21',2,0,1),(123,'Work',31,'2021-04-27 21:08:21','2021-04-27 21:08:21',3,0,1),(124,'Acquaintances',31,'2021-04-27 21:08:21','2021-04-27 21:08:21',4,0,1),(125,'Family',32,'2021-04-27 21:08:30','2021-04-27 21:08:30',1,0,1),(126,'Friends',32,'2021-04-27 21:08:30','2021-04-27 21:08:30',2,0,1),(127,'Work',32,'2021-04-27 21:08:30','2021-04-27 21:08:30',3,0,1),(128,'Acquaintances',32,'2021-04-27 21:08:30','2021-04-27 21:08:30',4,0,1),(129,'Family',33,'2021-04-27 21:08:36','2021-04-27 21:08:36',1,0,1),(130,'Friends',33,'2021-04-27 21:08:36','2021-04-27 21:08:36',2,0,1),(131,'Work',33,'2021-04-27 21:08:36','2021-04-27 21:08:36',3,0,1),(132,'Acquaintances',33,'2021-04-27 21:08:36','2021-04-27 21:08:36',4,0,1);;;
/*!40000 ALTER TABLE `aspects` ENABLE KEYS */;;;
UNLOCK TABLES;;;

--
-- Table structure for table `authorizations`
--

DROP TABLE IF EXISTS `authorizations`;;;
/*!40101 SET @saved_cs_client     = @@character_set_client */;;;
/*!40101 SET character_set_client = utf8 */;;;
CREATE TABLE `authorizations` (
  `id` int(11) NOT NULL AUTO_INCREMENT,
  `user_id` int(11) DEFAULT NULL,
  `o_auth_application_id` int(11) DEFAULT NULL,
  `refresh_token` varchar(255) COLLATE utf8mb4_bin DEFAULT NULL,
  `code` varchar(255) COLLATE utf8mb4_bin DEFAULT NULL,
  `redirect_uri` varchar(255) COLLATE utf8mb4_bin DEFAULT NULL,
  `nonce` varchar(255) COLLATE utf8mb4_bin DEFAULT NULL,
  `scopes` varchar(255) COLLATE utf8mb4_bin DEFAULT NULL,
  `code_used` tinyint(1) DEFAULT '0',
  `created_at` datetime NOT NULL,
  `updated_at` datetime NOT NULL,
  PRIMARY KEY (`id`),
  KEY `index_authorizations_on_user_id` (`user_id`),
  KEY `index_authorizations_on_o_auth_application_id` (`o_auth_application_id`),
  CONSTRAINT `fk_rails_4ecef5b8c5` FOREIGN KEY (`user_id`) REFERENCES `users` (`id`),
  CONSTRAINT `fk_rails_e166644de5` FOREIGN KEY (`o_auth_application_id`) REFERENCES `o_auth_applications` (`id`)
) ENGINE=InnoDB DEFAULT CHARSET=utf8mb4 COLLATE=utf8mb4_bin;;;
/*!40101 SET character_set_client = @saved_cs_client */;;;

--
-- Dumping data for table `authorizations`
--

LOCK TABLES `authorizations` WRITE;;;
/*!40000 ALTER TABLE `authorizations` DISABLE KEYS */;;;
/*!40000 ALTER TABLE `authorizations` ENABLE KEYS */;;;
UNLOCK TABLES;;;

--
-- Table structure for table `blocks`
--

DROP TABLE IF EXISTS `blocks`;;;
/*!40101 SET @saved_cs_client     = @@character_set_client */;;;
/*!40101 SET character_set_client = utf8 */;;;
CREATE TABLE `blocks` (
  `id` int(11) NOT NULL AUTO_INCREMENT,
  `user_id` int(11) DEFAULT NULL,
  `person_id` int(11) DEFAULT NULL,
  PRIMARY KEY (`id`),
  UNIQUE KEY `index_blocks_on_user_id_and_person_id` (`user_id`,`person_id`)
) ENGINE=InnoDB DEFAULT CHARSET=utf8mb4 COLLATE=utf8mb4_bin;;;
/*!40101 SET character_set_client = @saved_cs_client */;;;

--
-- Dumping data for table `blocks`
--

LOCK TABLES `blocks` WRITE;;;
/*!40000 ALTER TABLE `blocks` DISABLE KEYS */;;;
/*!40000 ALTER TABLE `blocks` ENABLE KEYS */;;;
UNLOCK TABLES;;;

--
-- Table structure for table `chat_contacts`
--

DROP TABLE IF EXISTS `chat_contacts`;;;
/*!40101 SET @saved_cs_client     = @@character_set_client */;;;
/*!40101 SET character_set_client = utf8 */;;;
CREATE TABLE `chat_contacts` (
  `id` int(11) NOT NULL AUTO_INCREMENT,
  `user_id` int(11) NOT NULL,
  `jid` varchar(255) COLLATE utf8mb4_bin NOT NULL,
  `name` varchar(255) COLLATE utf8mb4_bin DEFAULT NULL,
  `ask` varchar(128) COLLATE utf8mb4_bin DEFAULT NULL,
  `subscription` varchar(128) COLLATE utf8mb4_bin NOT NULL,
  PRIMARY KEY (`id`),
  UNIQUE KEY `index_chat_contacts_on_user_id_and_jid` (`user_id`,`jid`(190))
) ENGINE=InnoDB DEFAULT CHARSET=utf8mb4 COLLATE=utf8mb4_bin;;;
/*!40101 SET character_set_client = @saved_cs_client */;;;

--
-- Dumping data for table `chat_contacts`
--

LOCK TABLES `chat_contacts` WRITE;;;
/*!40000 ALTER TABLE `chat_contacts` DISABLE KEYS */;;;
/*!40000 ALTER TABLE `chat_contacts` ENABLE KEYS */;;;
UNLOCK TABLES;;;

--
-- Table structure for table `chat_fragments`
--

DROP TABLE IF EXISTS `chat_fragments`;;;
/*!40101 SET @saved_cs_client     = @@character_set_client */;;;
/*!40101 SET character_set_client = utf8 */;;;
CREATE TABLE `chat_fragments` (
  `id` int(11) NOT NULL AUTO_INCREMENT,
  `user_id` int(11) NOT NULL,
  `root` varchar(256) COLLATE utf8mb4_bin NOT NULL,
  `namespace` varchar(256) COLLATE utf8mb4_bin NOT NULL,
  `xml` text COLLATE utf8mb4_bin NOT NULL,
  PRIMARY KEY (`id`),
  UNIQUE KEY `index_chat_fragments_on_user_id` (`user_id`)
) ENGINE=InnoDB DEFAULT CHARSET=utf8mb4 COLLATE=utf8mb4_bin;;;
/*!40101 SET character_set_client = @saved_cs_client */;;;

--
-- Dumping data for table `chat_fragments`
--

LOCK TABLES `chat_fragments` WRITE;;;
/*!40000 ALTER TABLE `chat_fragments` DISABLE KEYS */;;;
/*!40000 ALTER TABLE `chat_fragments` ENABLE KEYS */;;;
UNLOCK TABLES;;;

--
-- Table structure for table `chat_offline_messages`
--

DROP TABLE IF EXISTS `chat_offline_messages`;;;
/*!40101 SET @saved_cs_client     = @@character_set_client */;;;
/*!40101 SET character_set_client = utf8 */;;;
CREATE TABLE `chat_offline_messages` (
  `id` int(11) NOT NULL AUTO_INCREMENT,
  `from` varchar(255) COLLATE utf8mb4_bin NOT NULL,
  `to` varchar(255) COLLATE utf8mb4_bin NOT NULL,
  `message` text COLLATE utf8mb4_bin NOT NULL,
  `created_at` datetime NOT NULL,
  PRIMARY KEY (`id`)
) ENGINE=InnoDB DEFAULT CHARSET=utf8mb4 COLLATE=utf8mb4_bin;;;
/*!40101 SET character_set_client = @saved_cs_client */;;;

--
-- Dumping data for table `chat_offline_messages`
--

LOCK TABLES `chat_offline_messages` WRITE;;;
/*!40000 ALTER TABLE `chat_offline_messages` DISABLE KEYS */;;;
/*!40000 ALTER TABLE `chat_offline_messages` ENABLE KEYS */;;;
UNLOCK TABLES;;;

--
-- Table structure for table `comment_signatures`
--

DROP TABLE IF EXISTS `comment_signatures`;;;
/*!40101 SET @saved_cs_client     = @@character_set_client */;;;
/*!40101 SET character_set_client = utf8 */;;;
CREATE TABLE `comment_signatures` (
  `comment_id` int(11) NOT NULL,
  `author_signature` text COLLATE utf8mb4_bin NOT NULL,
  `signature_order_id` int(11) NOT NULL,
  `additional_data` text COLLATE utf8mb4_bin,
  UNIQUE KEY `index_comment_signatures_on_comment_id` (`comment_id`),
  KEY `comment_signatures_signature_orders_id_fk` (`signature_order_id`),
  CONSTRAINT `comment_signatures_comment_id_fk` FOREIGN KEY (`comment_id`) REFERENCES `comments` (`id`) ON DELETE CASCADE,
  CONSTRAINT `comment_signatures_signature_orders_id_fk` FOREIGN KEY (`signature_order_id`) REFERENCES `signature_orders` (`id`)
) ENGINE=InnoDB DEFAULT CHARSET=utf8mb4 COLLATE=utf8mb4_bin;;;
/*!40101 SET character_set_client = @saved_cs_client */;;;

--
-- Dumping data for table `comment_signatures`
--

LOCK TABLES `comment_signatures` WRITE;;;
/*!40000 ALTER TABLE `comment_signatures` DISABLE KEYS */;;;
/*!40000 ALTER TABLE `comment_signatures` ENABLE KEYS */;;;
UNLOCK TABLES;;;

--
-- Table structure for table `comments`
--

DROP TABLE IF EXISTS `comments`;;;
/*!40101 SET @saved_cs_client     = @@character_set_client */;;;
/*!40101 SET character_set_client = utf8 */;;;
CREATE TABLE `comments` (
  `id` int(11) NOT NULL AUTO_INCREMENT,
  `text` text COLLATE utf8mb4_bin NOT NULL,
  `commentable_id` int(11) NOT NULL,
  `author_id` int(11) NOT NULL,
  `guid` varchar(255) COLLATE utf8mb4_bin NOT NULL,
  `created_at` datetime NOT NULL,
  `updated_at` datetime NOT NULL,
  `likes_count` int(11) NOT NULL DEFAULT '0',
  `commentable_type` varchar(60) COLLATE utf8mb4_bin NOT NULL DEFAULT 'Post',
  PRIMARY KEY (`id`),
  UNIQUE KEY `index_comments_on_guid` (`guid`(191)),
  KEY `index_comments_on_person_id` (`author_id`),
  KEY `index_comments_on_commentable_id_and_commentable_type` (`commentable_id`,`commentable_type`),
  CONSTRAINT `comments_author_id_fk` FOREIGN KEY (`author_id`) REFERENCES `people` (`id`) ON DELETE CASCADE
) ENGINE=InnoDB AUTO_INCREMENT=37 DEFAULT CHARSET=utf8mb4 COLLATE=utf8mb4_bin;;;
/*!40101 SET character_set_client = @saved_cs_client */;;;

--
-- Dumping data for table `comments`
--

LOCK TABLES `comments` WRITE;;;
/*!40000 ALTER TABLE `comments` DISABLE KEYS */;;;
INSERT INTO `comments` VALUES (1,'hello, @{Wen Zhang; zhangwen0411@diaspora.internal}',2,3,'a067380085be0139d9b00332c98ff823','2021-04-22 17:32:25','2021-04-22 17:32:25',0,'Post'),(2,'hello',2,4,'a0b0ba9089c10139ad283fac22438ebe','2021-04-27 20:03:59','2021-04-27 20:03:59',0,'Post'),(3,'another comment',2,3,'a9bf077089c10139ad283fac22438ebe','2021-04-27 20:04:14','2021-04-27 20:04:14',0,'Post'),(4,'nice poll',10,3,'e7521cf089c20139ad2b3fac22438ebe','2021-04-27 20:13:07','2021-04-27 20:13:07',0,'Post'),(5,'thanks!',10,1,'f2a2207089c20139ad2b3fac22438ebe','2021-04-27 20:13:26','2021-04-27 20:13:26',0,'Post'),(6,'i voted',10,4,'01e92a4089c30139ad2b3fac22438ebe','2021-04-27 20:13:51','2021-04-27 20:13:51',0,'Post'),(7,'Nice poll! -- User 1',42,5,'841fc0b089d70139ad2e3fac22438ebe','2021-04-27 22:40:40','2021-04-27 22:40:40',0,'Post'),(8,'Nice poll! -- User 2',42,6,'a61cd5f089d70139ad2e3fac22438ebe','2021-04-27 22:41:37','2021-04-27 22:41:37',0,'Post'),(9,'Nice poll! -- User 3',42,7,'f144458089d70139ad2e3fac22438ebe','2021-04-27 22:43:43','2021-04-27 22:43:43',0,'Post'),(10,'Nice poll! -- User 4',42,8,'fbbaf43089d70139ad2e3fac22438ebe','2021-04-27 22:44:00','2021-04-27 22:44:00',0,'Post'),(11,'Nice poll! -- User 5',42,9,'28428e3089d80139ad2e3fac22438ebe','2021-04-27 22:45:15','2021-04-27 22:45:15',0,'Post'),(12,'Nice poll! -- User 6',42,10,'e821d69089d80139ad2e3fac22438ebe','2021-04-27 22:50:37','2021-04-27 22:50:37',0,'Post'),(13,'Nice poll! -- User 7',42,11,'f32136e089d80139ad2e3fac22438ebe','2021-04-27 22:50:55','2021-04-27 22:50:55',0,'Post'),(14,'Nice poll! -- User 8',42,12,'08d3958089d90139ad2e3fac22438ebe','2021-04-27 22:51:32','2021-04-27 22:51:32',0,'Post'),(15,'Nice poll! -- User 9',42,13,'54b9526089d90139ad2e3fac22438ebe','2021-04-27 22:53:39','2021-04-27 22:53:39',0,'Post'),(16,'Nice poll! -- User 10',42,14,'5bb3e03089d90139ad2e3fac22438ebe','2021-04-27 22:53:51','2021-04-27 22:53:51',0,'Post'),(17,'Nice poll! -- User 11',42,15,'624e0e6089d90139ad2e3fac22438ebe','2021-04-27 22:54:02','2021-04-27 22:54:02',0,'Post'),(18,'Nice poll! -- User 12',42,16,'691d59b089d90139ad2e3fac22438ebe','2021-04-27 22:54:13','2021-04-27 22:54:13',0,'Post'),(19,'Nice poll! -- User 13',42,17,'6fee392089d90139ad2e3fac22438ebe','2021-04-27 22:54:25','2021-04-27 22:54:25',0,'Post'),(20,'Nice poll! -- User 14',42,18,'76fe924089d90139ad2e3fac22438ebe','2021-04-27 22:54:36','2021-04-27 22:54:36',0,'Post'),(21,'Nice poll! -- User 15',42,19,'7e20581089d90139ad2e3fac22438ebe','2021-04-27 22:54:48','2021-04-27 22:54:48',0,'Post'),(22,'Nice poll! -- User 16',42,20,'854c166089d90139ad2e3fac22438ebe','2021-04-27 22:55:00','2021-04-27 22:55:00',0,'Post'),(23,'Nice poll! -- User 17',42,21,'8c09d6c089d90139ad2e3fac22438ebe','2021-04-27 22:55:12','2021-04-27 22:55:12',0,'Post'),(24,'Nice poll! -- User 18',42,22,'92cefe5089d90139ad2e3fac22438ebe','2021-04-27 22:55:23','2021-04-27 22:55:23',0,'Post'),(25,'Nice poll! -- User 19',42,23,'997d770089d90139ad2e3fac22438ebe','2021-04-27 22:55:34','2021-04-27 22:55:34',0,'Post'),(26,'Nice poll! -- User 20',42,24,'a0381ee089d90139ad2e3fac22438ebe','2021-04-27 22:55:46','2021-04-27 22:55:46',0,'Post'),(27,'Nice poll! -- User 21',42,25,'a715566089d90139ad2e3fac22438ebe','2021-04-27 22:55:57','2021-04-27 22:55:57',0,'Post'),(28,'Nice poll! -- User 22',42,26,'adf5703089d90139ad2e3fac22438ebe','2021-04-27 22:56:09','2021-04-27 22:56:09',0,'Post'),(29,'Nice poll! -- User 23',42,27,'b4b7819089d90139ad2e3fac22438ebe','2021-04-27 22:56:20','2021-04-27 22:56:20',0,'Post'),(30,'Nice poll! -- User 24',42,28,'bb65e4d089d90139ad2e3fac22438ebe','2021-04-27 22:56:31','2021-04-27 22:56:31',0,'Post'),(31,'Nice poll! -- User 25',42,29,'c20fcb2089d90139ad2e3fac22438ebe','2021-04-27 22:56:42','2021-04-27 22:56:42',0,'Post'),(32,'Nice poll! -- User 26',42,30,'c90b663089d90139ad2e3fac22438ebe','2021-04-27 22:56:54','2021-04-27 22:56:54',0,'Post'),(33,'Nice poll! -- User 27',42,31,'cfc53fe089d90139ad2e3fac22438ebe','2021-04-27 22:57:05','2021-04-27 22:57:05',0,'Post'),(34,'Nice poll! -- User 28',42,32,'d6941b8089d90139ad2e3fac22438ebe','2021-04-27 22:57:17','2021-04-27 22:57:17',0,'Post'),(35,'Nice poll! -- User 29',42,33,'dd9523e089d90139ad2e3fac22438ebe','2021-04-27 22:57:29','2021-04-27 22:57:29',0,'Post'),(36,'Nice poll! -- User 30',42,34,'e447d11089d90139ad2e3fac22438ebe','2021-04-27 22:57:40','2021-04-27 22:57:40',0,'Post');;;
/*!40000 ALTER TABLE `comments` ENABLE KEYS */;;;
UNLOCK TABLES;;;

--
-- Table structure for table `contacts`
--

DROP TABLE IF EXISTS `contacts`;;;
/*!40101 SET @saved_cs_client     = @@character_set_client */;;;
/*!40101 SET character_set_client = utf8 */;;;
CREATE TABLE `contacts` (
  `id` int(11) NOT NULL AUTO_INCREMENT,
  `user_id` int(11) NOT NULL,
  `person_id` int(11) NOT NULL,
  `created_at` datetime NOT NULL,
  `updated_at` datetime NOT NULL,
  `sharing` tinyint(1) NOT NULL DEFAULT '0',
  `receiving` tinyint(1) NOT NULL DEFAULT '0',
  PRIMARY KEY (`id`),
  UNIQUE KEY `index_contacts_on_user_id_and_person_id` (`user_id`,`person_id`),
  KEY `index_contacts_on_person_id` (`person_id`),
  CONSTRAINT `contacts_person_id_fk` FOREIGN KEY (`person_id`) REFERENCES `people` (`id`) ON DELETE CASCADE
) ENGINE=InnoDB AUTO_INCREMENT=56 DEFAULT CHARSET=utf8mb4 COLLATE=utf8mb4_bin;;;
/*!40101 SET character_set_client = @saved_cs_client */;;;

--
-- Dumping data for table `contacts`
--

LOCK TABLES `contacts` WRITE;;;
/*!40000 ALTER TABLE `contacts` DISABLE KEYS */;;;
INSERT INTO `contacts` VALUES (1,1,2,'2021-04-05 05:49:00','2021-04-05 05:49:00',0,1),(2,2,2,'2021-04-08 22:18:11','2021-04-08 22:18:11',0,1),(3,2,1,'2021-04-13 06:07:43','2021-04-13 06:07:43',0,1),(4,1,3,'2021-04-13 07:23:53','2021-04-13 07:23:53',1,0),(5,3,2,'2021-04-26 07:25:36','2021-04-26 07:25:36',0,1),(8,3,1,'2021-04-26 07:27:19','2021-04-26 07:27:19',0,1),(9,2,4,'2021-04-26 07:33:20','2021-04-26 07:35:45',1,1),(10,3,3,'2021-04-26 07:34:07','2021-04-26 07:35:45',1,1),(11,1,4,'2021-04-26 07:35:45','2021-04-26 07:35:45',1,0),(12,4,2,'2021-04-27 20:36:03','2021-04-27 20:36:03',0,1),(13,5,2,'2021-04-27 20:42:59','2021-04-27 20:42:59',0,1),(14,6,2,'2021-04-27 20:52:16','2021-04-27 20:52:16',0,1),(15,7,2,'2021-04-27 20:55:32','2021-04-27 20:55:32',0,1),(16,8,2,'2021-04-27 20:56:28','2021-04-27 20:56:28',0,1),(17,9,2,'2021-04-27 20:57:30','2021-04-27 20:57:30',0,1),(18,10,2,'2021-04-27 21:01:03','2021-04-27 21:01:03',0,1),(19,11,2,'2021-04-27 21:01:54','2021-04-27 21:01:54',0,1),(20,12,2,'2021-04-27 21:02:23','2021-04-27 21:02:23',0,1),(21,13,2,'2021-04-27 21:03:35','2021-04-27 21:03:35',0,1),(22,14,2,'2021-04-27 21:03:43','2021-04-27 21:03:43',0,1),(23,15,2,'2021-04-27 21:03:50','2021-04-27 21:03:50',0,1),(24,16,2,'2021-04-27 21:03:57','2021-04-27 21:03:57',0,1),(25,17,2,'2021-04-27 21:04:03','2021-04-27 21:04:03',0,1),(26,18,2,'2021-04-27 21:06:48','2021-04-27 21:06:48',0,1),(27,19,2,'2021-04-27 21:06:54','2021-04-27 21:06:54',0,1),(28,20,2,'2021-04-27 21:07:01','2021-04-27 21:07:01',0,1),(29,21,2,'2021-04-27 21:07:09','2021-04-27 21:07:09',0,1),(30,22,2,'2021-04-27 21:07:16','2021-04-27 21:07:16',0,1),(31,23,2,'2021-04-27 21:07:24','2021-04-27 21:07:24',0,1),(32,24,2,'2021-04-27 21:07:30','2021-04-27 21:07:30',0,1),(33,25,2,'2021-04-27 21:07:38','2021-04-27 21:07:38',0,1),(34,26,2,'2021-04-27 21:07:46','2021-04-27 21:07:46',0,1),(35,27,2,'2021-04-27 21:07:52','2021-04-27 21:07:52',0,1),(36,28,2,'2021-04-27 21:07:59','2021-04-27 21:07:59',0,1),(37,29,2,'2021-04-27 21:08:06','2021-04-27 21:08:06',0,1),(38,30,2,'2021-04-27 21:08:15','2021-04-27 21:08:15',0,1),(39,31,2,'2021-04-27 21:08:21','2021-04-27 21:08:21',0,1),(40,32,2,'2021-04-27 21:08:30','2021-04-27 21:08:30',0,1),(41,33,2,'2021-04-27 21:08:36','2021-04-27 21:08:36',0,1),(42,2,34,'2021-04-28 03:16:09','2021-04-28 03:16:09',0,1),(43,2,33,'2021-04-28 03:16:12','2021-04-28 03:16:12',0,1),(44,33,3,'2021-04-28 03:16:13','2021-04-28 03:16:13',1,0),(45,32,3,'2021-04-28 03:16:13','2021-04-28 03:16:13',1,0),(46,2,32,'2021-04-28 03:16:16','2021-04-28 03:16:16',0,1),(47,31,3,'2021-04-28 03:16:16','2021-04-28 03:16:16',1,0),(48,2,31,'2021-04-28 03:16:20','2021-04-28 03:16:20',0,1),(49,30,3,'2021-04-28 03:16:20','2021-04-28 03:16:20',1,0),(50,2,30,'2021-04-28 03:16:25','2021-04-28 03:16:25',0,1),(51,29,3,'2021-04-28 03:16:25','2021-04-28 03:16:25',1,0),(52,2,29,'2021-04-28 03:16:29','2021-04-28 03:16:29',0,1),(53,28,3,'2021-04-28 03:16:29','2021-04-28 03:16:29',1,0),(54,2,28,'2021-04-28 03:16:33','2021-04-28 03:16:33',0,1),(55,27,3,'2021-04-28 03:16:33','2021-04-28 03:16:33',1,0);;;
/*!40000 ALTER TABLE `contacts` ENABLE KEYS */;;;
UNLOCK TABLES;;;

--
-- Table structure for table `conversation_visibilities`
--

DROP TABLE IF EXISTS `conversation_visibilities`;;;
/*!40101 SET @saved_cs_client     = @@character_set_client */;;;
/*!40101 SET character_set_client = utf8 */;;;
CREATE TABLE `conversation_visibilities` (
  `id` int(11) NOT NULL AUTO_INCREMENT,
  `conversation_id` int(11) NOT NULL,
  `person_id` int(11) NOT NULL,
  `unread` int(11) NOT NULL DEFAULT '0',
  `created_at` datetime NOT NULL,
  `updated_at` datetime NOT NULL,
  PRIMARY KEY (`id`),
  UNIQUE KEY `index_conversation_visibilities_usefully` (`conversation_id`,`person_id`),
  KEY `index_conversation_visibilities_on_conversation_id` (`conversation_id`),
  KEY `index_conversation_visibilities_on_person_id` (`person_id`),
  CONSTRAINT `conversation_visibilities_conversation_id_fk` FOREIGN KEY (`conversation_id`) REFERENCES `conversations` (`id`) ON DELETE CASCADE,
  CONSTRAINT `conversation_visibilities_person_id_fk` FOREIGN KEY (`person_id`) REFERENCES `people` (`id`) ON DELETE CASCADE
) ENGINE=InnoDB AUTO_INCREMENT=3 DEFAULT CHARSET=utf8mb4 COLLATE=utf8mb4_bin;;;
/*!40101 SET character_set_client = @saved_cs_client */;;;

--
-- Dumping data for table `conversation_visibilities`
--

LOCK TABLES `conversation_visibilities` WRITE;;;
/*!40000 ALTER TABLE `conversation_visibilities` DISABLE KEYS */;;;
INSERT INTO `conversation_visibilities` VALUES (1,1,4,2,'2021-04-26 07:37:06','2021-04-28 03:20:08'),(2,1,3,0,'2021-04-26 07:37:06','2021-04-28 03:19:58');;;
/*!40000 ALTER TABLE `conversation_visibilities` ENABLE KEYS */;;;
UNLOCK TABLES;;;

--
-- Table structure for table `conversations`
--

DROP TABLE IF EXISTS `conversations`;;;
/*!40101 SET @saved_cs_client     = @@character_set_client */;;;
/*!40101 SET character_set_client = utf8 */;;;
CREATE TABLE `conversations` (
  `id` int(11) NOT NULL AUTO_INCREMENT,
  `subject` varchar(255) COLLATE utf8mb4_bin DEFAULT NULL,
  `guid` varchar(255) COLLATE utf8mb4_bin NOT NULL,
  `author_id` int(11) NOT NULL,
  `created_at` datetime NOT NULL,
  `updated_at` datetime NOT NULL,
  PRIMARY KEY (`id`),
  UNIQUE KEY `index_conversations_on_guid` (`guid`(191)),
  KEY `conversations_author_id_fk` (`author_id`),
  CONSTRAINT `conversations_author_id_fk` FOREIGN KEY (`author_id`) REFERENCES `people` (`id`) ON DELETE CASCADE
) ENGINE=InnoDB AUTO_INCREMENT=2 DEFAULT CHARSET=utf8mb4 COLLATE=utf8mb4_bin;;;
/*!40101 SET character_set_client = @saved_cs_client */;;;

--
-- Dumping data for table `conversations`
--

LOCK TABLES `conversations` WRITE;;;
/*!40000 ALTER TABLE `conversations` DISABLE KEYS */;;;
INSERT INTO `conversations` VALUES (1,'Hi Jane','1fba5970889001392c0a01764da2a31a',3,'2021-04-26 07:37:06','2021-04-28 03:20:08');;;
/*!40000 ALTER TABLE `conversations` ENABLE KEYS */;;;
UNLOCK TABLES;;;

--
-- Table structure for table `invitation_codes`
--

DROP TABLE IF EXISTS `invitation_codes`;;;
/*!40101 SET @saved_cs_client     = @@character_set_client */;;;
/*!40101 SET character_set_client = utf8 */;;;
CREATE TABLE `invitation_codes` (
  `id` int(11) NOT NULL AUTO_INCREMENT,
  `token` varchar(255) COLLATE utf8mb4_bin DEFAULT NULL,
  `user_id` int(11) DEFAULT NULL,
  `count` int(11) DEFAULT NULL,
  `created_at` datetime NOT NULL,
  `updated_at` datetime NOT NULL,
  PRIMARY KEY (`id`)
) ENGINE=InnoDB AUTO_INCREMENT=34 DEFAULT CHARSET=utf8mb4 COLLATE=utf8mb4_bin;;;
/*!40101 SET character_set_client = @saved_cs_client */;;;

--
-- Dumping data for table `invitation_codes`
--

LOCK TABLES `invitation_codes` WRITE;;;
/*!40000 ALTER TABLE `invitation_codes` DISABLE KEYS */;;;
INSERT INTO `invitation_codes` VALUES (1,'de3248db2565',1,25,'2021-04-05 05:49:19','2021-04-05 05:49:19'),(2,'9eb4674c631b',2,25,'2021-04-08 22:18:28','2021-04-08 22:18:28'),(3,'dd385a78dc13',3,25,'2021-04-26 07:25:50','2021-04-26 07:25:50'),(4,'ff65d05395a2',4,25,'2021-04-27 20:39:47','2021-04-27 20:39:47'),(5,'f8d8a0650832',5,25,'2021-04-27 20:43:13','2021-04-27 20:43:13'),(6,'f02124a8fc45',6,25,'2021-04-27 20:53:04','2021-04-27 20:53:04'),(7,'deaa6ef2feea',7,25,'2021-04-27 20:56:03','2021-04-27 20:56:03'),(8,'d73824b78843',8,25,'2021-04-27 20:56:53','2021-04-27 20:56:53'),(9,'330fa2dce77c',9,25,'2021-04-27 20:57:52','2021-04-27 20:57:52'),(10,'302a514bd1a7',10,25,'2021-04-27 21:01:12','2021-04-27 21:01:12'),(11,'7a0f7957c265',11,25,'2021-04-27 21:01:56','2021-04-27 21:01:56'),(12,'cec0945f0ebd',12,25,'2021-04-27 21:02:25','2021-04-27 21:02:25'),(13,'6816a6fa842a',13,25,'2021-04-27 21:03:37','2021-04-27 21:03:37'),(14,'b35a7bad7ba7',14,25,'2021-04-27 21:03:44','2021-04-27 21:03:44'),(15,'e705cca88c13',15,25,'2021-04-27 21:03:51','2021-04-27 21:03:51'),(16,'b5c333077f55',16,25,'2021-04-27 21:03:58','2021-04-27 21:03:58'),(17,'9f95e597b201',17,25,'2021-04-27 21:06:04','2021-04-27 21:06:04'),(18,'a0ff65afbeb7',18,25,'2021-04-27 21:06:49','2021-04-27 21:06:49'),(19,'58e247503c9e',19,25,'2021-04-27 21:06:55','2021-04-27 21:06:55'),(20,'5118ce976846',20,25,'2021-04-27 21:07:02','2021-04-27 21:07:02'),(21,'3e62273e2eee',21,25,'2021-04-27 21:07:10','2021-04-27 21:07:10'),(22,'f17896d335ca',22,25,'2021-04-27 21:07:18','2021-04-27 21:07:18'),(23,'5992866fc620',23,25,'2021-04-27 21:07:25','2021-04-27 21:07:25'),(24,'6a2dc435d2bb',24,25,'2021-04-27 21:07:32','2021-04-27 21:07:32'),(25,'a7f6e2e32b99',25,25,'2021-04-27 21:07:40','2021-04-27 21:07:40'),(26,'352d4bd2831d',26,25,'2021-04-27 21:07:47','2021-04-27 21:07:47'),(27,'fdfd4cb290a8',27,25,'2021-04-27 21:07:54','2021-04-27 21:07:54'),(28,'02a166359f3e',28,25,'2021-04-27 21:08:01','2021-04-27 21:08:01'),(29,'9d3fac2f7fe2',29,25,'2021-04-27 21:08:07','2021-04-27 21:08:07'),(30,'9776f8e89ca0',30,25,'2021-04-27 21:08:16','2021-04-27 21:08:16'),(31,'68ac84569af0',31,25,'2021-04-27 21:08:22','2021-04-27 21:08:22'),(32,'2f6ba5298822',32,25,'2021-04-27 21:08:31','2021-04-27 21:08:31'),(33,'5848dee6fe86',33,25,'2021-04-27 21:08:38','2021-04-27 21:08:38');;;
/*!40000 ALTER TABLE `invitation_codes` ENABLE KEYS */;;;
UNLOCK TABLES;;;

--
-- Table structure for table `like_signatures`
--

DROP TABLE IF EXISTS `like_signatures`;;;
/*!40101 SET @saved_cs_client     = @@character_set_client */;;;
/*!40101 SET character_set_client = utf8 */;;;
CREATE TABLE `like_signatures` (
  `like_id` int(11) NOT NULL,
  `author_signature` text COLLATE utf8mb4_bin NOT NULL,
  `signature_order_id` int(11) NOT NULL,
  `additional_data` text COLLATE utf8mb4_bin,
  UNIQUE KEY `index_like_signatures_on_like_id` (`like_id`),
  KEY `like_signatures_signature_orders_id_fk` (`signature_order_id`),
  CONSTRAINT `like_signatures_like_id_fk` FOREIGN KEY (`like_id`) REFERENCES `likes` (`id`) ON DELETE CASCADE,
  CONSTRAINT `like_signatures_signature_orders_id_fk` FOREIGN KEY (`signature_order_id`) REFERENCES `signature_orders` (`id`)
) ENGINE=InnoDB DEFAULT CHARSET=utf8mb4 COLLATE=utf8mb4_bin;;;
/*!40101 SET character_set_client = @saved_cs_client */;;;

--
-- Dumping data for table `like_signatures`
--

LOCK TABLES `like_signatures` WRITE;;;
/*!40000 ALTER TABLE `like_signatures` DISABLE KEYS */;;;
/*!40000 ALTER TABLE `like_signatures` ENABLE KEYS */;;;
UNLOCK TABLES;;;

--
-- Table structure for table `likes`
--

DROP TABLE IF EXISTS `likes`;;;
/*!40101 SET @saved_cs_client     = @@character_set_client */;;;
/*!40101 SET character_set_client = utf8 */;;;
CREATE TABLE `likes` (
  `id` int(11) NOT NULL AUTO_INCREMENT,
  `positive` tinyint(1) DEFAULT '1',
  `target_id` int(11) DEFAULT NULL,
  `author_id` int(11) DEFAULT NULL,
  `guid` varchar(255) COLLATE utf8mb4_bin DEFAULT NULL,
  `created_at` datetime NOT NULL,
  `updated_at` datetime NOT NULL,
  `target_type` varchar(60) COLLATE utf8mb4_bin NOT NULL,
  PRIMARY KEY (`id`),
  UNIQUE KEY `index_likes_on_target_id_and_author_id_and_target_type` (`target_id`,`author_id`,`target_type`),
  UNIQUE KEY `index_likes_on_guid` (`guid`(191)),
  KEY `likes_author_id_fk` (`author_id`),
  KEY `index_likes_on_post_id` (`target_id`),
  CONSTRAINT `likes_author_id_fk` FOREIGN KEY (`author_id`) REFERENCES `people` (`id`) ON DELETE CASCADE
) ENGINE=InnoDB AUTO_INCREMENT=37 DEFAULT CHARSET=utf8mb4 COLLATE=utf8mb4_bin;;;
/*!40101 SET character_set_client = @saved_cs_client */;;;

--
-- Dumping data for table `likes`
--

LOCK TABLES `likes` WRITE;;;
/*!40000 ALTER TABLE `likes` DISABLE KEYS */;;;
INSERT INTO `likes` VALUES (1,1,2,3,'a1cffaa085be0139d9b00332c98ff823','2021-04-22 17:32:27','2021-04-22 17:32:27','Post'),(2,1,10,3,'e82c2df089c20139ad2b3fac22438ebe','2021-04-27 20:13:08','2021-04-27 20:13:08','Post'),(3,1,10,4,'059c8e9089c30139ad2b3fac22438ebe','2021-04-27 20:13:57','2021-04-27 20:13:57','Post'),(6,1,42,5,'bc5ee7c089d60139ad2e3fac22438ebe','2021-04-27 22:35:04','2021-04-27 22:35:04','Post'),(7,1,42,6,'9d2f83a089d70139ad2e3fac22438ebe','2021-04-27 22:41:22','2021-04-27 22:41:22','Post'),(8,1,42,7,'be9ffe9089d70139ad2e3fac22438ebe','2021-04-27 22:42:18','2021-04-27 22:42:18','Post'),(9,1,42,8,'fb45ed4089d70139ad2e3fac22438ebe','2021-04-27 22:43:59','2021-04-27 22:43:59','Post'),(10,1,42,9,'27d49c4089d80139ad2e3fac22438ebe','2021-04-27 22:45:14','2021-04-27 22:45:14','Post'),(12,1,42,10,'e6780e8089d80139ad2e3fac22438ebe','2021-04-27 22:50:34','2021-04-27 22:50:34','Post'),(13,1,42,11,'f1746c9089d80139ad2e3fac22438ebe','2021-04-27 22:50:52','2021-04-27 22:50:52','Post'),(14,1,42,12,'07287ef089d90139ad2e3fac22438ebe','2021-04-27 22:51:29','2021-04-27 22:51:29','Post'),(15,1,42,13,'5305c5c089d90139ad2e3fac22438ebe','2021-04-27 22:53:36','2021-04-27 22:53:36','Post'),(16,1,42,14,'59f96e1089d90139ad2e3fac22438ebe','2021-04-27 22:53:48','2021-04-27 22:53:48','Post'),(17,1,42,15,'609849f089d90139ad2e3fac22438ebe','2021-04-27 22:53:59','2021-04-27 22:53:59','Post'),(18,1,42,16,'67580bb089d90139ad2e3fac22438ebe','2021-04-27 22:54:10','2021-04-27 22:54:10','Post'),(19,1,42,17,'6e26949089d90139ad2e3fac22438ebe','2021-04-27 22:54:22','2021-04-27 22:54:22','Post'),(20,1,42,18,'753d6bd089d90139ad2e3fac22438ebe','2021-04-27 22:54:34','2021-04-27 22:54:34','Post'),(21,1,42,19,'7c5aa35089d90139ad2e3fac22438ebe','2021-04-27 22:54:45','2021-04-27 22:54:45','Post'),(22,1,42,20,'838f513089d90139ad2e3fac22438ebe','2021-04-27 22:54:58','2021-04-27 22:54:58','Post'),(23,1,42,21,'8a4dfa5089d90139ad2e3fac22438ebe','2021-04-27 22:55:09','2021-04-27 22:55:09','Post'),(24,1,42,22,'910a636089d90139ad2e3fac22438ebe','2021-04-27 22:55:20','2021-04-27 22:55:20','Post'),(25,1,42,23,'97b9544089d90139ad2e3fac22438ebe','2021-04-27 22:55:31','2021-04-27 22:55:31','Post'),(26,1,42,24,'9e72018089d90139ad2e3fac22438ebe','2021-04-27 22:55:43','2021-04-27 22:55:43','Post'),(27,1,42,25,'a54f6e8089d90139ad2e3fac22438ebe','2021-04-27 22:55:54','2021-04-27 22:55:54','Post'),(28,1,42,26,'ac32160089d90139ad2e3fac22438ebe','2021-04-27 22:56:06','2021-04-27 22:56:06','Post'),(29,1,42,27,'b2f777a089d90139ad2e3fac22438ebe','2021-04-27 22:56:17','2021-04-27 22:56:17','Post'),(30,1,42,28,'b99f7d0089d90139ad2e3fac22438ebe','2021-04-27 22:56:28','2021-04-27 22:56:28','Post'),(31,1,42,29,'c04b710089d90139ad2e3fac22438ebe','2021-04-27 22:56:39','2021-04-27 22:56:39','Post'),(32,1,42,30,'c74dae2089d90139ad2e3fac22438ebe','2021-04-27 22:56:51','2021-04-27 22:56:51','Post'),(33,1,42,31,'cdfc8f4089d90139ad2e3fac22438ebe','2021-04-27 22:57:02','2021-04-27 22:57:02','Post'),(34,1,42,32,'d4c4903089d90139ad2e3fac22438ebe','2021-04-27 22:57:14','2021-04-27 22:57:14','Post'),(35,1,42,33,'dbd2911089d90139ad2e3fac22438ebe','2021-04-27 22:57:26','2021-04-27 22:57:26','Post'),(36,1,42,34,'e282dce089d90139ad2e3fac22438ebe','2021-04-27 22:57:37','2021-04-27 22:57:37','Post');;;
/*!40000 ALTER TABLE `likes` ENABLE KEYS */;;;
UNLOCK TABLES;;;

--
-- Table structure for table `locations`
--

DROP TABLE IF EXISTS `locations`;;;
/*!40101 SET @saved_cs_client     = @@character_set_client */;;;
/*!40101 SET character_set_client = utf8 */;;;
CREATE TABLE `locations` (
  `id` int(11) NOT NULL AUTO_INCREMENT,
  `address` varchar(255) COLLATE utf8mb4_bin DEFAULT NULL,
  `lat` varchar(255) COLLATE utf8mb4_bin DEFAULT NULL,
  `lng` varchar(255) COLLATE utf8mb4_bin DEFAULT NULL,
  `status_message_id` int(11) DEFAULT NULL,
  `created_at` datetime NOT NULL,
  `updated_at` datetime NOT NULL,
  PRIMARY KEY (`id`),
  KEY `index_locations_on_status_message_id` (`status_message_id`)
) ENGINE=InnoDB DEFAULT CHARSET=utf8mb4 COLLATE=utf8mb4_bin;;;
/*!40101 SET character_set_client = @saved_cs_client */;;;

--
-- Dumping data for table `locations`
--

LOCK TABLES `locations` WRITE;;;
/*!40000 ALTER TABLE `locations` DISABLE KEYS */;;;
/*!40000 ALTER TABLE `locations` ENABLE KEYS */;;;
UNLOCK TABLES;;;

--
-- Table structure for table `mentions`
--

DROP TABLE IF EXISTS `mentions`;;;
/*!40101 SET @saved_cs_client     = @@character_set_client */;;;
/*!40101 SET character_set_client = utf8 */;;;
CREATE TABLE `mentions` (
  `id` int(11) NOT NULL AUTO_INCREMENT,
  `mentions_container_id` int(11) NOT NULL,
  `person_id` int(11) NOT NULL,
  `mentions_container_type` varchar(255) COLLATE utf8mb4_bin NOT NULL,
  PRIMARY KEY (`id`),
  UNIQUE KEY `index_mentions_on_person_and_mc_id_and_mc_type` (`person_id`,`mentions_container_id`,`mentions_container_type`(191)),
  KEY `index_mentions_on_person_id` (`person_id`),
  KEY `index_mentions_on_mc_id_and_mc_type` (`mentions_container_id`,`mentions_container_type`(191))
) ENGINE=InnoDB AUTO_INCREMENT=2 DEFAULT CHARSET=utf8mb4 COLLATE=utf8mb4_bin;;;
/*!40101 SET character_set_client = @saved_cs_client */;;;

--
-- Dumping data for table `mentions`
--

LOCK TABLES `mentions` WRITE;;;
/*!40000 ALTER TABLE `mentions` DISABLE KEYS */;;;
INSERT INTO `mentions` VALUES (1,1,1,'Comment');;;
/*!40000 ALTER TABLE `mentions` ENABLE KEYS */;;;
UNLOCK TABLES;;;

--
-- Table structure for table `messages`
--

DROP TABLE IF EXISTS `messages`;;;
/*!40101 SET @saved_cs_client     = @@character_set_client */;;;
/*!40101 SET character_set_client = utf8 */;;;
CREATE TABLE `messages` (
  `id` int(11) NOT NULL AUTO_INCREMENT,
  `conversation_id` int(11) NOT NULL,
  `author_id` int(11) NOT NULL,
  `guid` varchar(255) COLLATE utf8mb4_bin NOT NULL,
  `text` text COLLATE utf8mb4_bin NOT NULL,
  `created_at` datetime NOT NULL,
  `updated_at` datetime NOT NULL,
  PRIMARY KEY (`id`),
  UNIQUE KEY `index_messages_on_guid` (`guid`(191)),
  KEY `index_messages_on_author_id` (`author_id`),
  KEY `messages_conversation_id_fk` (`conversation_id`),
  CONSTRAINT `messages_author_id_fk` FOREIGN KEY (`author_id`) REFERENCES `people` (`id`) ON DELETE CASCADE,
  CONSTRAINT `messages_conversation_id_fk` FOREIGN KEY (`conversation_id`) REFERENCES `conversations` (`id`) ON DELETE CASCADE
) ENGINE=InnoDB AUTO_INCREMENT=10 DEFAULT CHARSET=utf8mb4 COLLATE=utf8mb4_bin;;;
/*!40101 SET character_set_client = @saved_cs_client */;;;

--
-- Dumping data for table `messages`
--

LOCK TABLES `messages` WRITE;;;
/*!40000 ALTER TABLE `messages` DISABLE KEYS */;;;
INSERT INTO `messages` VALUES (1,1,3,'1fba4cb0889001392c0a01764da2a31a','How are you?','2021-04-26 07:37:06','2021-04-26 07:37:06'),(2,1,4,'03583b00889101392c0a01764da2a31a','I\'m doing well.','2021-04-26 07:43:28','2021-04-26 07:43:28'),(3,1,3,'6b391e9089fe0139ad2f3fac22438ebe','I\'m doing well too.','2021-04-28 03:19:08','2021-04-28 03:19:08'),(4,1,4,'7a5a06a089fe0139ad2f3fac22438ebe','Message #4.','2021-04-28 03:19:33','2021-04-28 03:19:33'),(5,1,3,'7f1c1c4089fe0139ad2f3fac22438ebe','Message 5.','2021-04-28 03:19:41','2021-04-28 03:19:41'),(6,1,4,'84c69ce089fe0139ad2f3fac22438ebe','Message 7.','2021-04-28 03:19:51','2021-04-28 03:19:51'),(7,1,4,'87b1a90089fe0139ad2f3fac22438ebe','Message 8.','2021-04-28 03:19:56','2021-04-28 03:19:56'),(8,1,3,'8c3a954089fe0139ad2f3fac22438ebe','Message 9.','2021-04-28 03:20:03','2021-04-28 03:20:03'),(9,1,3,'8f2bdd3089fe0139ad2f3fac22438ebe','Message 10.','2021-04-28 03:20:08','2021-04-28 03:20:08');;;
/*!40000 ALTER TABLE `messages` ENABLE KEYS */;;;
UNLOCK TABLES;;;

--
-- Table structure for table `notification_actors`
--

DROP TABLE IF EXISTS `notification_actors`;;;
/*!40101 SET @saved_cs_client     = @@character_set_client */;;;
/*!40101 SET character_set_client = utf8 */;;;
CREATE TABLE `notification_actors` (
  `id` int(11) NOT NULL AUTO_INCREMENT,
  `notification_id` int(11) DEFAULT NULL,
  `person_id` int(11) DEFAULT NULL,
  `created_at` datetime NOT NULL,
  `updated_at` datetime NOT NULL,
  PRIMARY KEY (`id`),
  UNIQUE KEY `index_notification_actors_on_notification_id_and_person_id` (`notification_id`,`person_id`),
  KEY `index_notification_actors_on_notification_id` (`notification_id`),
  KEY `index_notification_actors_on_person_id` (`person_id`),
  CONSTRAINT `notification_actors_notification_id_fk` FOREIGN KEY (`notification_id`) REFERENCES `notifications` (`id`) ON DELETE CASCADE
) ENGINE=InnoDB AUTO_INCREMENT=551 DEFAULT CHARSET=utf8mb4 COLLATE=utf8mb4_bin;;;
/*!40101 SET character_set_client = @saved_cs_client */;;;

--
-- Dumping data for table `notification_actors`
--

LOCK TABLES `notification_actors` WRITE;;;
/*!40000 ALTER TABLE `notification_actors` DISABLE KEYS */;;;
INSERT INTO `notification_actors` VALUES (1,1,3,'2021-04-13 07:23:53','2021-04-13 07:23:53'),(2,4,4,'2021-04-26 07:35:46','2021-04-26 07:35:46'),(3,2,3,'2021-04-26 07:35:46','2021-04-26 07:35:46'),(4,3,3,'2021-04-26 07:35:46','2021-04-26 07:35:46'),(5,5,3,'2021-04-26 07:35:46','2021-04-26 07:35:46'),(6,6,4,'2021-04-26 07:35:46','2021-04-26 07:35:46'),(7,7,3,'2021-04-26 07:35:46','2021-04-26 07:35:46'),(8,8,4,'2021-04-27 20:03:59','2021-04-27 20:03:59'),(9,9,4,'2021-04-27 20:03:59','2021-04-27 20:03:59'),(10,8,3,'2021-04-27 20:04:14','2021-04-27 20:04:14'),(11,10,3,'2021-04-27 20:04:14','2021-04-27 20:04:14'),(12,11,3,'2021-04-27 20:13:07','2021-04-27 20:13:07'),(13,12,3,'2021-04-27 20:13:08','2021-04-27 20:13:08'),(14,13,3,'2021-04-27 20:13:10','2021-04-27 20:13:10'),(15,14,1,'2021-04-27 20:13:26','2021-04-27 20:13:26'),(16,15,4,'2021-04-27 20:13:51','2021-04-27 20:13:51'),(17,14,4,'2021-04-27 20:13:51','2021-04-27 20:13:51'),(18,16,4,'2021-04-27 20:13:57','2021-04-27 20:13:57'),(19,17,5,'2021-04-27 22:14:27','2021-04-27 22:14:27'),(20,18,5,'2021-04-27 22:35:09','2021-04-27 22:35:09'),(21,19,5,'2021-04-27 22:40:40','2021-04-27 22:40:40'),(22,17,6,'2021-04-27 22:41:22','2021-04-27 22:41:22'),(23,18,6,'2021-04-27 22:41:27','2021-04-27 22:41:27'),(24,19,6,'2021-04-27 22:41:37','2021-04-27 22:41:37'),(25,20,6,'2021-04-27 22:41:37','2021-04-27 22:41:37'),(26,17,7,'2021-04-27 22:42:18','2021-04-27 22:42:18'),(27,18,7,'2021-04-27 22:42:18','2021-04-27 22:42:18'),(28,19,7,'2021-04-27 22:43:43','2021-04-27 22:43:43'),(29,20,7,'2021-04-27 22:43:43','2021-04-27 22:43:43'),(30,21,7,'2021-04-27 22:43:43','2021-04-27 22:43:43'),(31,17,8,'2021-04-27 22:43:59','2021-04-27 22:43:59'),(32,18,8,'2021-04-27 22:44:00','2021-04-27 22:44:00'),(33,19,8,'2021-04-27 22:44:00','2021-04-27 22:44:00'),(34,20,8,'2021-04-27 22:44:00','2021-04-27 22:44:00'),(35,21,8,'2021-04-27 22:44:00','2021-04-27 22:44:00'),(36,22,8,'2021-04-27 22:44:00','2021-04-27 22:44:00'),(37,17,9,'2021-04-27 22:45:14','2021-04-27 22:45:14'),(38,18,9,'2021-04-27 22:45:14','2021-04-27 22:45:14'),(39,19,9,'2021-04-27 22:45:15','2021-04-27 22:45:15'),(40,20,9,'2021-04-27 22:45:15','2021-04-27 22:45:15'),(41,21,9,'2021-04-27 22:45:15','2021-04-27 22:45:15'),(42,22,9,'2021-04-27 22:45:15','2021-04-27 22:45:15'),(43,23,9,'2021-04-27 22:45:15','2021-04-27 22:45:15'),(44,24,10,'2021-04-27 22:49:18','2021-04-27 22:49:18'),(45,25,10,'2021-04-27 22:50:35','2021-04-27 22:50:35'),(46,26,10,'2021-04-27 22:50:37','2021-04-27 22:50:37'),(47,20,10,'2021-04-27 22:50:37','2021-04-27 22:50:37'),(48,27,10,'2021-04-27 22:50:37','2021-04-27 22:50:37'),(49,28,10,'2021-04-27 22:50:37','2021-04-27 22:50:37'),(50,29,10,'2021-04-27 22:50:37','2021-04-27 22:50:37'),(51,30,10,'2021-04-27 22:50:37','2021-04-27 22:50:37'),(52,24,11,'2021-04-27 22:50:53','2021-04-27 22:50:53'),(53,25,11,'2021-04-27 22:50:54','2021-04-27 22:50:54'),(54,26,11,'2021-04-27 22:50:55','2021-04-27 22:50:55'),(55,20,11,'2021-04-27 22:50:55','2021-04-27 22:50:55'),(56,27,11,'2021-04-27 22:50:55','2021-04-27 22:50:55'),(57,28,11,'2021-04-27 22:50:55','2021-04-27 22:50:55'),(58,29,11,'2021-04-27 22:50:55','2021-04-27 22:50:55'),(59,30,11,'2021-04-27 22:50:56','2021-04-27 22:50:56'),(60,31,11,'2021-04-27 22:50:56','2021-04-27 22:50:56'),(61,24,12,'2021-04-27 22:51:29','2021-04-27 22:51:29'),(62,25,12,'2021-04-27 22:51:30','2021-04-27 22:51:30'),(63,26,12,'2021-04-27 22:51:32','2021-04-27 22:51:32'),(64,20,12,'2021-04-27 22:51:32','2021-04-27 22:51:32'),(65,27,12,'2021-04-27 22:51:32','2021-04-27 22:51:32'),(66,28,12,'2021-04-27 22:51:32','2021-04-27 22:51:32'),(67,29,12,'2021-04-27 22:51:32','2021-04-27 22:51:32'),(68,30,12,'2021-04-27 22:51:32','2021-04-27 22:51:32'),(69,31,12,'2021-04-27 22:51:32','2021-04-27 22:51:32'),(70,32,12,'2021-04-27 22:51:32','2021-04-27 22:51:32'),(71,24,13,'2021-04-27 22:53:36','2021-04-27 22:53:36'),(72,25,13,'2021-04-27 22:53:37','2021-04-27 22:53:37'),(73,26,13,'2021-04-27 22:53:39','2021-04-27 22:53:39'),(74,20,13,'2021-04-27 22:53:39','2021-04-27 22:53:39'),(75,27,13,'2021-04-27 22:53:39','2021-04-27 22:53:39'),(76,28,13,'2021-04-27 22:53:39','2021-04-27 22:53:39'),(77,29,13,'2021-04-27 22:53:39','2021-04-27 22:53:39'),(78,30,13,'2021-04-27 22:53:39','2021-04-27 22:53:39'),(79,31,13,'2021-04-27 22:53:39','2021-04-27 22:53:39'),(80,32,13,'2021-04-27 22:53:39','2021-04-27 22:53:39'),(81,33,13,'2021-04-27 22:53:39','2021-04-27 22:53:39'),(82,24,14,'2021-04-27 22:53:48','2021-04-27 22:53:48'),(83,25,14,'2021-04-27 22:53:49','2021-04-27 22:53:49'),(84,26,14,'2021-04-27 22:53:51','2021-04-27 22:53:51'),(85,20,14,'2021-04-27 22:53:51','2021-04-27 22:53:51'),(86,27,14,'2021-04-27 22:53:51','2021-04-27 22:53:51'),(87,28,14,'2021-04-27 22:53:51','2021-04-27 22:53:51'),(88,29,14,'2021-04-27 22:53:51','2021-04-27 22:53:51'),(89,30,14,'2021-04-27 22:53:51','2021-04-27 22:53:51'),(90,31,14,'2021-04-27 22:53:51','2021-04-27 22:53:51'),(91,32,14,'2021-04-27 22:53:51','2021-04-27 22:53:51'),(92,33,14,'2021-04-27 22:53:51','2021-04-27 22:53:51'),(93,34,14,'2021-04-27 22:53:51','2021-04-27 22:53:51'),(94,24,15,'2021-04-27 22:53:59','2021-04-27 22:53:59'),(95,25,15,'2021-04-27 22:54:00','2021-04-27 22:54:00'),(96,26,15,'2021-04-27 22:54:02','2021-04-27 22:54:02'),(97,20,15,'2021-04-27 22:54:02','2021-04-27 22:54:02'),(98,27,15,'2021-04-27 22:54:02','2021-04-27 22:54:02'),(99,28,15,'2021-04-27 22:54:02','2021-04-27 22:54:02'),(100,29,15,'2021-04-27 22:54:02','2021-04-27 22:54:02'),(101,30,15,'2021-04-27 22:54:02','2021-04-27 22:54:02'),(102,31,15,'2021-04-27 22:54:02','2021-04-27 22:54:02'),(103,32,15,'2021-04-27 22:54:02','2021-04-27 22:54:02'),(104,33,15,'2021-04-27 22:54:02','2021-04-27 22:54:02'),(105,34,15,'2021-04-27 22:54:02','2021-04-27 22:54:02'),(106,35,15,'2021-04-27 22:54:02','2021-04-27 22:54:02'),(107,24,16,'2021-04-27 22:54:10','2021-04-27 22:54:10'),(108,25,16,'2021-04-27 22:54:12','2021-04-27 22:54:12'),(109,26,16,'2021-04-27 22:54:13','2021-04-27 22:54:13'),(110,20,16,'2021-04-27 22:54:13','2021-04-27 22:54:13'),(111,27,16,'2021-04-27 22:54:13','2021-04-27 22:54:13'),(112,28,16,'2021-04-27 22:54:13','2021-04-27 22:54:13'),(113,29,16,'2021-04-27 22:54:13','2021-04-27 22:54:13'),(114,30,16,'2021-04-27 22:54:13','2021-04-27 22:54:13'),(115,31,16,'2021-04-27 22:54:13','2021-04-27 22:54:13'),(116,32,16,'2021-04-27 22:54:13','2021-04-27 22:54:13'),(117,33,16,'2021-04-27 22:54:14','2021-04-27 22:54:14'),(118,34,16,'2021-04-27 22:54:14','2021-04-27 22:54:14'),(119,35,16,'2021-04-27 22:54:14','2021-04-27 22:54:14'),(120,36,16,'2021-04-27 22:54:14','2021-04-27 22:54:14'),(121,24,17,'2021-04-27 22:54:22','2021-04-27 22:54:22'),(122,25,17,'2021-04-27 22:54:23','2021-04-27 22:54:23'),(123,26,17,'2021-04-27 22:54:25','2021-04-27 22:54:25'),(124,20,17,'2021-04-27 22:54:25','2021-04-27 22:54:25'),(125,27,17,'2021-04-27 22:54:25','2021-04-27 22:54:25'),(126,28,17,'2021-04-27 22:54:25','2021-04-27 22:54:25'),(127,29,17,'2021-04-27 22:54:25','2021-04-27 22:54:25'),(128,30,17,'2021-04-27 22:54:25','2021-04-27 22:54:25'),(129,31,17,'2021-04-27 22:54:25','2021-04-27 22:54:25'),(130,32,17,'2021-04-27 22:54:25','2021-04-27 22:54:25'),(131,33,17,'2021-04-27 22:54:25','2021-04-27 22:54:25'),(132,34,17,'2021-04-27 22:54:25','2021-04-27 22:54:25'),(133,35,17,'2021-04-27 22:54:25','2021-04-27 22:54:25'),(134,36,17,'2021-04-27 22:54:25','2021-04-27 22:54:25'),(135,37,17,'2021-04-27 22:54:25','2021-04-27 22:54:25'),(136,24,18,'2021-04-27 22:54:34','2021-04-27 22:54:34'),(137,25,18,'2021-04-27 22:54:35','2021-04-27 22:54:35'),(138,26,18,'2021-04-27 22:54:37','2021-04-27 22:54:37'),(139,20,18,'2021-04-27 22:54:37','2021-04-27 22:54:37'),(140,27,18,'2021-04-27 22:54:37','2021-04-27 22:54:37'),(141,28,18,'2021-04-27 22:54:37','2021-04-27 22:54:37'),(142,29,18,'2021-04-27 22:54:37','2021-04-27 22:54:37'),(143,30,18,'2021-04-27 22:54:37','2021-04-27 22:54:37'),(144,31,18,'2021-04-27 22:54:37','2021-04-27 22:54:37'),(145,32,18,'2021-04-27 22:54:37','2021-04-27 22:54:37'),(146,33,18,'2021-04-27 22:54:37','2021-04-27 22:54:37'),(147,34,18,'2021-04-27 22:54:37','2021-04-27 22:54:37'),(148,35,18,'2021-04-27 22:54:37','2021-04-27 22:54:37'),(149,36,18,'2021-04-27 22:54:37','2021-04-27 22:54:37'),(150,37,18,'2021-04-27 22:54:37','2021-04-27 22:54:37'),(151,38,18,'2021-04-27 22:54:37','2021-04-27 22:54:37'),(152,24,19,'2021-04-27 22:54:46','2021-04-27 22:54:46'),(153,25,19,'2021-04-27 22:54:47','2021-04-27 22:54:47'),(154,26,19,'2021-04-27 22:54:49','2021-04-27 22:54:49'),(155,20,19,'2021-04-27 22:54:49','2021-04-27 22:54:49'),(156,27,19,'2021-04-27 22:54:49','2021-04-27 22:54:49'),(157,28,19,'2021-04-27 22:54:49','2021-04-27 22:54:49'),(158,29,19,'2021-04-27 22:54:49','2021-04-27 22:54:49'),(159,30,19,'2021-04-27 22:54:49','2021-04-27 22:54:49'),(160,31,19,'2021-04-27 22:54:49','2021-04-27 22:54:49'),(161,32,19,'2021-04-27 22:54:49','2021-04-27 22:54:49'),(162,33,19,'2021-04-27 22:54:49','2021-04-27 22:54:49'),(163,34,19,'2021-04-27 22:54:49','2021-04-27 22:54:49'),(164,35,19,'2021-04-27 22:54:49','2021-04-27 22:54:49'),(165,36,19,'2021-04-27 22:54:49','2021-04-27 22:54:49'),(166,37,19,'2021-04-27 22:54:49','2021-04-27 22:54:49'),(167,38,19,'2021-04-27 22:54:49','2021-04-27 22:54:49'),(168,39,19,'2021-04-27 22:54:49','2021-04-27 22:54:49'),(169,24,20,'2021-04-27 22:54:58','2021-04-27 22:54:58'),(170,25,20,'2021-04-27 22:54:59','2021-04-27 22:54:59'),(171,26,20,'2021-04-27 22:55:01','2021-04-27 22:55:01'),(172,20,20,'2021-04-27 22:55:01','2021-04-27 22:55:01'),(173,27,20,'2021-04-27 22:55:01','2021-04-27 22:55:01'),(174,28,20,'2021-04-27 22:55:01','2021-04-27 22:55:01'),(175,29,20,'2021-04-27 22:55:01','2021-04-27 22:55:01'),(176,30,20,'2021-04-27 22:55:01','2021-04-27 22:55:01'),(177,31,20,'2021-04-27 22:55:01','2021-04-27 22:55:01'),(178,32,20,'2021-04-27 22:55:01','2021-04-27 22:55:01'),(179,33,20,'2021-04-27 22:55:01','2021-04-27 22:55:01'),(180,34,20,'2021-04-27 22:55:01','2021-04-27 22:55:01'),(181,35,20,'2021-04-27 22:55:01','2021-04-27 22:55:01'),(182,36,20,'2021-04-27 22:55:01','2021-04-27 22:55:01'),(183,37,20,'2021-04-27 22:55:01','2021-04-27 22:55:01'),(184,38,20,'2021-04-27 22:55:01','2021-04-27 22:55:01'),(185,39,20,'2021-04-27 22:55:01','2021-04-27 22:55:01'),(186,40,20,'2021-04-27 22:55:01','2021-04-27 22:55:01'),(187,24,21,'2021-04-27 22:55:09','2021-04-27 22:55:09'),(188,25,21,'2021-04-27 22:55:10','2021-04-27 22:55:10'),(189,26,21,'2021-04-27 22:55:12','2021-04-27 22:55:12'),(190,20,21,'2021-04-27 22:55:12','2021-04-27 22:55:12'),(191,27,21,'2021-04-27 22:55:12','2021-04-27 22:55:12'),(192,28,21,'2021-04-27 22:55:12','2021-04-27 22:55:12'),(193,29,21,'2021-04-27 22:55:12','2021-04-27 22:55:12'),(194,30,21,'2021-04-27 22:55:12','2021-04-27 22:55:12'),(195,31,21,'2021-04-27 22:55:12','2021-04-27 22:55:12'),(196,32,21,'2021-04-27 22:55:12','2021-04-27 22:55:12'),(197,33,21,'2021-04-27 22:55:12','2021-04-27 22:55:12'),(198,34,21,'2021-04-27 22:55:12','2021-04-27 22:55:12'),(199,35,21,'2021-04-27 22:55:12','2021-04-27 22:55:12'),(200,36,21,'2021-04-27 22:55:12','2021-04-27 22:55:12'),(201,37,21,'2021-04-27 22:55:12','2021-04-27 22:55:12'),(202,38,21,'2021-04-27 22:55:12','2021-04-27 22:55:12'),(203,39,21,'2021-04-27 22:55:12','2021-04-27 22:55:12'),(204,40,21,'2021-04-27 22:55:12','2021-04-27 22:55:12'),(205,41,21,'2021-04-27 22:55:12','2021-04-27 22:55:12'),(206,24,22,'2021-04-27 22:55:20','2021-04-27 22:55:20'),(207,25,22,'2021-04-27 22:55:22','2021-04-27 22:55:22'),(208,26,22,'2021-04-27 22:55:23','2021-04-27 22:55:23'),(209,20,22,'2021-04-27 22:55:23','2021-04-27 22:55:23'),(210,27,22,'2021-04-27 22:55:23','2021-04-27 22:55:23'),(211,28,22,'2021-04-27 22:55:23','2021-04-27 22:55:23'),(212,29,22,'2021-04-27 22:55:23','2021-04-27 22:55:23'),(213,30,22,'2021-04-27 22:55:23','2021-04-27 22:55:23'),(214,31,22,'2021-04-27 22:55:23','2021-04-27 22:55:23'),(215,32,22,'2021-04-27 22:55:23','2021-04-27 22:55:23'),(216,33,22,'2021-04-27 22:55:23','2021-04-27 22:55:23'),(217,34,22,'2021-04-27 22:55:23','2021-04-27 22:55:23'),(218,35,22,'2021-04-27 22:55:24','2021-04-27 22:55:24'),(219,36,22,'2021-04-27 22:55:24','2021-04-27 22:55:24'),(220,37,22,'2021-04-27 22:55:24','2021-04-27 22:55:24'),(221,38,22,'2021-04-27 22:55:24','2021-04-27 22:55:24'),(222,39,22,'2021-04-27 22:55:24','2021-04-27 22:55:24'),(223,40,22,'2021-04-27 22:55:24','2021-04-27 22:55:24'),(224,41,22,'2021-04-27 22:55:24','2021-04-27 22:55:24'),(225,42,22,'2021-04-27 22:55:24','2021-04-27 22:55:24'),(226,24,23,'2021-04-27 22:55:31','2021-04-27 22:55:31'),(227,25,23,'2021-04-27 22:55:33','2021-04-27 22:55:33'),(228,26,23,'2021-04-27 22:55:34','2021-04-27 22:55:34'),(229,20,23,'2021-04-27 22:55:34','2021-04-27 22:55:34'),(230,27,23,'2021-04-27 22:55:34','2021-04-27 22:55:34'),(231,28,23,'2021-04-27 22:55:35','2021-04-27 22:55:35'),(232,29,23,'2021-04-27 22:55:35','2021-04-27 22:55:35'),(233,30,23,'2021-04-27 22:55:35','2021-04-27 22:55:35'),(234,31,23,'2021-04-27 22:55:35','2021-04-27 22:55:35'),(235,32,23,'2021-04-27 22:55:35','2021-04-27 22:55:35'),(236,33,23,'2021-04-27 22:55:35','2021-04-27 22:55:35'),(237,34,23,'2021-04-27 22:55:35','2021-04-27 22:55:35'),(238,35,23,'2021-04-27 22:55:35','2021-04-27 22:55:35'),(239,36,23,'2021-04-27 22:55:35','2021-04-27 22:55:35'),(240,37,23,'2021-04-27 22:55:35','2021-04-27 22:55:35'),(241,38,23,'2021-04-27 22:55:35','2021-04-27 22:55:35'),(242,39,23,'2021-04-27 22:55:35','2021-04-27 22:55:35'),(243,40,23,'2021-04-27 22:55:35','2021-04-27 22:55:35'),(244,41,23,'2021-04-27 22:55:35','2021-04-27 22:55:35'),(245,42,23,'2021-04-27 22:55:35','2021-04-27 22:55:35'),(246,43,23,'2021-04-27 22:55:35','2021-04-27 22:55:35'),(247,24,24,'2021-04-27 22:55:43','2021-04-27 22:55:43'),(248,25,24,'2021-04-27 22:55:44','2021-04-27 22:55:44'),(249,26,24,'2021-04-27 22:55:46','2021-04-27 22:55:46'),(250,20,24,'2021-04-27 22:55:46','2021-04-27 22:55:46'),(251,27,24,'2021-04-27 22:55:46','2021-04-27 22:55:46'),(252,28,24,'2021-04-27 22:55:46','2021-04-27 22:55:46'),(253,29,24,'2021-04-27 22:55:46','2021-04-27 22:55:46'),(254,30,24,'2021-04-27 22:55:46','2021-04-27 22:55:46'),(255,31,24,'2021-04-27 22:55:46','2021-04-27 22:55:46'),(256,32,24,'2021-04-27 22:55:46','2021-04-27 22:55:46'),(257,33,24,'2021-04-27 22:55:46','2021-04-27 22:55:46'),(258,34,24,'2021-04-27 22:55:46','2021-04-27 22:55:46'),(259,35,24,'2021-04-27 22:55:46','2021-04-27 22:55:46'),(260,36,24,'2021-04-27 22:55:46','2021-04-27 22:55:46'),(261,37,24,'2021-04-27 22:55:46','2021-04-27 22:55:46'),(262,38,24,'2021-04-27 22:55:46','2021-04-27 22:55:46'),(263,39,24,'2021-04-27 22:55:46','2021-04-27 22:55:46'),(264,40,24,'2021-04-27 22:55:46','2021-04-27 22:55:46'),(265,41,24,'2021-04-27 22:55:46','2021-04-27 22:55:46'),(266,42,24,'2021-04-27 22:55:46','2021-04-27 22:55:46'),(267,43,24,'2021-04-27 22:55:46','2021-04-27 22:55:46'),(268,44,24,'2021-04-27 22:55:46','2021-04-27 22:55:46'),(269,24,25,'2021-04-27 22:55:54','2021-04-27 22:55:54'),(270,25,25,'2021-04-27 22:55:56','2021-04-27 22:55:56'),(271,26,25,'2021-04-27 22:55:57','2021-04-27 22:55:57'),(272,20,25,'2021-04-27 22:55:57','2021-04-27 22:55:57'),(273,27,25,'2021-04-27 22:55:57','2021-04-27 22:55:57'),(274,28,25,'2021-04-27 22:55:57','2021-04-27 22:55:57'),(275,29,25,'2021-04-27 22:55:57','2021-04-27 22:55:57'),(276,30,25,'2021-04-27 22:55:57','2021-04-27 22:55:57'),(277,31,25,'2021-04-27 22:55:57','2021-04-27 22:55:57'),(278,32,25,'2021-04-27 22:55:57','2021-04-27 22:55:57'),(279,33,25,'2021-04-27 22:55:57','2021-04-27 22:55:57'),(280,34,25,'2021-04-27 22:55:57','2021-04-27 22:55:57'),(281,35,25,'2021-04-27 22:55:58','2021-04-27 22:55:58'),(282,36,25,'2021-04-27 22:55:58','2021-04-27 22:55:58'),(283,37,25,'2021-04-27 22:55:58','2021-04-27 22:55:58'),(284,38,25,'2021-04-27 22:55:58','2021-04-27 22:55:58'),(285,39,25,'2021-04-27 22:55:58','2021-04-27 22:55:58'),(286,40,25,'2021-04-27 22:55:58','2021-04-27 22:55:58'),(287,41,25,'2021-04-27 22:55:58','2021-04-27 22:55:58'),(288,42,25,'2021-04-27 22:55:58','2021-04-27 22:55:58'),(289,43,25,'2021-04-27 22:55:58','2021-04-27 22:55:58'),(290,44,25,'2021-04-27 22:55:58','2021-04-27 22:55:58'),(291,45,25,'2021-04-27 22:55:58','2021-04-27 22:55:58'),(292,24,26,'2021-04-27 22:56:06','2021-04-27 22:56:06'),(293,25,26,'2021-04-27 22:56:07','2021-04-27 22:56:07'),(294,26,26,'2021-04-27 22:56:09','2021-04-27 22:56:09'),(295,20,26,'2021-04-27 22:56:09','2021-04-27 22:56:09'),(296,27,26,'2021-04-27 22:56:09','2021-04-27 22:56:09'),(297,28,26,'2021-04-27 22:56:09','2021-04-27 22:56:09'),(298,29,26,'2021-04-27 22:56:09','2021-04-27 22:56:09'),(299,30,26,'2021-04-27 22:56:09','2021-04-27 22:56:09'),(300,31,26,'2021-04-27 22:56:09','2021-04-27 22:56:09'),(301,32,26,'2021-04-27 22:56:09','2021-04-27 22:56:09'),(302,33,26,'2021-04-27 22:56:09','2021-04-27 22:56:09'),(303,34,26,'2021-04-27 22:56:09','2021-04-27 22:56:09'),(304,35,26,'2021-04-27 22:56:09','2021-04-27 22:56:09'),(305,36,26,'2021-04-27 22:56:09','2021-04-27 22:56:09'),(306,37,26,'2021-04-27 22:56:09','2021-04-27 22:56:09'),(307,38,26,'2021-04-27 22:56:09','2021-04-27 22:56:09'),(308,39,26,'2021-04-27 22:56:09','2021-04-27 22:56:09'),(309,40,26,'2021-04-27 22:56:09','2021-04-27 22:56:09'),(310,41,26,'2021-04-27 22:56:09','2021-04-27 22:56:09'),(311,42,26,'2021-04-27 22:56:09','2021-04-27 22:56:09'),(312,43,26,'2021-04-27 22:56:09','2021-04-27 22:56:09'),(313,44,26,'2021-04-27 22:56:09','2021-04-27 22:56:09'),(314,45,26,'2021-04-27 22:56:09','2021-04-27 22:56:09'),(315,46,26,'2021-04-27 22:56:09','2021-04-27 22:56:09'),(316,24,27,'2021-04-27 22:56:17','2021-04-27 22:56:17'),(317,25,27,'2021-04-27 22:56:18','2021-04-27 22:56:18'),(318,26,27,'2021-04-27 22:56:20','2021-04-27 22:56:20'),(319,20,27,'2021-04-27 22:56:20','2021-04-27 22:56:20'),(320,27,27,'2021-04-27 22:56:20','2021-04-27 22:56:20'),(321,28,27,'2021-04-27 22:56:20','2021-04-27 22:56:20'),(322,29,27,'2021-04-27 22:56:20','2021-04-27 22:56:20'),(323,30,27,'2021-04-27 22:56:20','2021-04-27 22:56:20'),(324,31,27,'2021-04-27 22:56:20','2021-04-27 22:56:20'),(325,32,27,'2021-04-27 22:56:20','2021-04-27 22:56:20'),(326,33,27,'2021-04-27 22:56:20','2021-04-27 22:56:20'),(327,34,27,'2021-04-27 22:56:20','2021-04-27 22:56:20'),(328,35,27,'2021-04-27 22:56:20','2021-04-27 22:56:20'),(329,36,27,'2021-04-27 22:56:20','2021-04-27 22:56:20'),(330,37,27,'2021-04-27 22:56:20','2021-04-27 22:56:20'),(331,38,27,'2021-04-27 22:56:20','2021-04-27 22:56:20'),(332,39,27,'2021-04-27 22:56:20','2021-04-27 22:56:20'),(333,40,27,'2021-04-27 22:56:21','2021-04-27 22:56:21'),(334,41,27,'2021-04-27 22:56:21','2021-04-27 22:56:21'),(335,42,27,'2021-04-27 22:56:21','2021-04-27 22:56:21'),(336,43,27,'2021-04-27 22:56:21','2021-04-27 22:56:21'),(337,44,27,'2021-04-27 22:56:21','2021-04-27 22:56:21'),(338,45,27,'2021-04-27 22:56:21','2021-04-27 22:56:21'),(339,46,27,'2021-04-27 22:56:21','2021-04-27 22:56:21'),(340,47,27,'2021-04-27 22:56:21','2021-04-27 22:56:21'),(341,24,28,'2021-04-27 22:56:28','2021-04-27 22:56:28'),(342,25,28,'2021-04-27 22:56:30','2021-04-27 22:56:30'),(343,26,28,'2021-04-27 22:56:31','2021-04-27 22:56:31'),(344,20,28,'2021-04-27 22:56:31','2021-04-27 22:56:31'),(345,27,28,'2021-04-27 22:56:31','2021-04-27 22:56:31'),(346,28,28,'2021-04-27 22:56:31','2021-04-27 22:56:31'),(347,29,28,'2021-04-27 22:56:31','2021-04-27 22:56:31'),(348,30,28,'2021-04-27 22:56:31','2021-04-27 22:56:31'),(349,31,28,'2021-04-27 22:56:31','2021-04-27 22:56:31'),(350,32,28,'2021-04-27 22:56:32','2021-04-27 22:56:32'),(351,33,28,'2021-04-27 22:56:32','2021-04-27 22:56:32'),(352,34,28,'2021-04-27 22:56:32','2021-04-27 22:56:32'),(353,35,28,'2021-04-27 22:56:32','2021-04-27 22:56:32'),(354,36,28,'2021-04-27 22:56:32','2021-04-27 22:56:32'),(355,37,28,'2021-04-27 22:56:32','2021-04-27 22:56:32'),(356,38,28,'2021-04-27 22:56:32','2021-04-27 22:56:32'),(357,39,28,'2021-04-27 22:56:32','2021-04-27 22:56:32'),(358,40,28,'2021-04-27 22:56:32','2021-04-27 22:56:32'),(359,41,28,'2021-04-27 22:56:32','2021-04-27 22:56:32'),(360,42,28,'2021-04-27 22:56:32','2021-04-27 22:56:32'),(361,43,28,'2021-04-27 22:56:32','2021-04-27 22:56:32'),(362,44,28,'2021-04-27 22:56:32','2021-04-27 22:56:32'),(363,45,28,'2021-04-27 22:56:32','2021-04-27 22:56:32'),(364,46,28,'2021-04-27 22:56:32','2021-04-27 22:56:32'),(365,47,28,'2021-04-27 22:56:32','2021-04-27 22:56:32'),(366,48,28,'2021-04-27 22:56:32','2021-04-27 22:56:32'),(367,24,29,'2021-04-27 22:56:40','2021-04-27 22:56:40'),(368,25,29,'2021-04-27 22:56:41','2021-04-27 22:56:41'),(369,26,29,'2021-04-27 22:56:43','2021-04-27 22:56:43'),(370,20,29,'2021-04-27 22:56:43','2021-04-27 22:56:43'),(371,27,29,'2021-04-27 22:56:43','2021-04-27 22:56:43'),(372,28,29,'2021-04-27 22:56:43','2021-04-27 22:56:43'),(373,29,29,'2021-04-27 22:56:43','2021-04-27 22:56:43'),(374,30,29,'2021-04-27 22:56:43','2021-04-27 22:56:43'),(375,31,29,'2021-04-27 22:56:43','2021-04-27 22:56:43'),(376,32,29,'2021-04-27 22:56:43','2021-04-27 22:56:43'),(377,33,29,'2021-04-27 22:56:43','2021-04-27 22:56:43'),(378,34,29,'2021-04-27 22:56:43','2021-04-27 22:56:43'),(379,35,29,'2021-04-27 22:56:43','2021-04-27 22:56:43'),(380,36,29,'2021-04-27 22:56:43','2021-04-27 22:56:43'),(381,37,29,'2021-04-27 22:56:43','2021-04-27 22:56:43'),(382,38,29,'2021-04-27 22:56:43','2021-04-27 22:56:43'),(383,39,29,'2021-04-27 22:56:43','2021-04-27 22:56:43'),(384,40,29,'2021-04-27 22:56:43','2021-04-27 22:56:43'),(385,41,29,'2021-04-27 22:56:43','2021-04-27 22:56:43'),(386,42,29,'2021-04-27 22:56:43','2021-04-27 22:56:43'),(387,43,29,'2021-04-27 22:56:43','2021-04-27 22:56:43'),(388,44,29,'2021-04-27 22:56:43','2021-04-27 22:56:43'),(389,45,29,'2021-04-27 22:56:43','2021-04-27 22:56:43'),(390,46,29,'2021-04-27 22:56:43','2021-04-27 22:56:43'),(391,47,29,'2021-04-27 22:56:43','2021-04-27 22:56:43'),(392,48,29,'2021-04-27 22:56:43','2021-04-27 22:56:43'),(393,49,29,'2021-04-27 22:56:43','2021-04-27 22:56:43'),(394,24,30,'2021-04-27 22:56:51','2021-04-27 22:56:51'),(395,25,30,'2021-04-27 22:56:53','2021-04-27 22:56:53'),(396,26,30,'2021-04-27 22:56:54','2021-04-27 22:56:54'),(397,20,30,'2021-04-27 22:56:54','2021-04-27 22:56:54'),(398,27,30,'2021-04-27 22:56:54','2021-04-27 22:56:54'),(399,28,30,'2021-04-27 22:56:54','2021-04-27 22:56:54'),(400,29,30,'2021-04-27 22:56:54','2021-04-27 22:56:54'),(401,30,30,'2021-04-27 22:56:54','2021-04-27 22:56:54'),(402,31,30,'2021-04-27 22:56:54','2021-04-27 22:56:54'),(403,32,30,'2021-04-27 22:56:54','2021-04-27 22:56:54'),(404,33,30,'2021-04-27 22:56:54','2021-04-27 22:56:54'),(405,34,30,'2021-04-27 22:56:54','2021-04-27 22:56:54'),(406,35,30,'2021-04-27 22:56:54','2021-04-27 22:56:54'),(407,36,30,'2021-04-27 22:56:55','2021-04-27 22:56:55'),(408,37,30,'2021-04-27 22:56:55','2021-04-27 22:56:55'),(409,38,30,'2021-04-27 22:56:55','2021-04-27 22:56:55'),(410,39,30,'2021-04-27 22:56:55','2021-04-27 22:56:55'),(411,40,30,'2021-04-27 22:56:55','2021-04-27 22:56:55'),(412,41,30,'2021-04-27 22:56:55','2021-04-27 22:56:55'),(413,42,30,'2021-04-27 22:56:55','2021-04-27 22:56:55'),(414,43,30,'2021-04-27 22:56:55','2021-04-27 22:56:55'),(415,44,30,'2021-04-27 22:56:55','2021-04-27 22:56:55'),(416,45,30,'2021-04-27 22:56:55','2021-04-27 22:56:55'),(417,46,30,'2021-04-27 22:56:55','2021-04-27 22:56:55'),(418,47,30,'2021-04-27 22:56:55','2021-04-27 22:56:55'),(419,48,30,'2021-04-27 22:56:55','2021-04-27 22:56:55'),(420,49,30,'2021-04-27 22:56:55','2021-04-27 22:56:55'),(421,50,30,'2021-04-27 22:56:55','2021-04-27 22:56:55'),(422,24,31,'2021-04-27 22:57:02','2021-04-27 22:57:02'),(423,25,31,'2021-04-27 22:57:04','2021-04-27 22:57:04'),(424,26,31,'2021-04-27 22:57:06','2021-04-27 22:57:06'),(425,20,31,'2021-04-27 22:57:06','2021-04-27 22:57:06'),(426,27,31,'2021-04-27 22:57:06','2021-04-27 22:57:06'),(427,28,31,'2021-04-27 22:57:06','2021-04-27 22:57:06'),(428,29,31,'2021-04-27 22:57:06','2021-04-27 22:57:06'),(429,30,31,'2021-04-27 22:57:06','2021-04-27 22:57:06'),(430,31,31,'2021-04-27 22:57:06','2021-04-27 22:57:06'),(431,32,31,'2021-04-27 22:57:06','2021-04-27 22:57:06'),(432,33,31,'2021-04-27 22:57:06','2021-04-27 22:57:06'),(433,34,31,'2021-04-27 22:57:06','2021-04-27 22:57:06'),(434,35,31,'2021-04-27 22:57:06','2021-04-27 22:57:06'),(435,36,31,'2021-04-27 22:57:06','2021-04-27 22:57:06'),(436,37,31,'2021-04-27 22:57:06','2021-04-27 22:57:06'),(437,38,31,'2021-04-27 22:57:06','2021-04-27 22:57:06'),(438,39,31,'2021-04-27 22:57:06','2021-04-27 22:57:06'),(439,40,31,'2021-04-27 22:57:06','2021-04-27 22:57:06'),(440,41,31,'2021-04-27 22:57:06','2021-04-27 22:57:06'),(441,42,31,'2021-04-27 22:57:06','2021-04-27 22:57:06'),(442,43,31,'2021-04-27 22:57:06','2021-04-27 22:57:06'),(443,44,31,'2021-04-27 22:57:06','2021-04-27 22:57:06'),(444,45,31,'2021-04-27 22:57:06','2021-04-27 22:57:06'),(445,46,31,'2021-04-27 22:57:06','2021-04-27 22:57:06'),(446,47,31,'2021-04-27 22:57:06','2021-04-27 22:57:06'),(447,48,31,'2021-04-27 22:57:06','2021-04-27 22:57:06'),(448,49,31,'2021-04-27 22:57:06','2021-04-27 22:57:06'),(449,50,31,'2021-04-27 22:57:06','2021-04-27 22:57:06'),(450,51,31,'2021-04-27 22:57:06','2021-04-27 22:57:06'),(451,24,32,'2021-04-27 22:57:14','2021-04-27 22:57:14'),(452,25,32,'2021-04-27 22:57:15','2021-04-27 22:57:15'),(453,26,32,'2021-04-27 22:57:17','2021-04-27 22:57:17'),(454,20,32,'2021-04-27 22:57:17','2021-04-27 22:57:17'),(455,27,32,'2021-04-27 22:57:17','2021-04-27 22:57:17'),(456,28,32,'2021-04-27 22:57:17','2021-04-27 22:57:17'),(457,29,32,'2021-04-27 22:57:17','2021-04-27 22:57:17'),(458,30,32,'2021-04-27 22:57:17','2021-04-27 22:57:17'),(459,31,32,'2021-04-27 22:57:17','2021-04-27 22:57:17'),(460,32,32,'2021-04-27 22:57:17','2021-04-27 22:57:17'),(461,33,32,'2021-04-27 22:57:17','2021-04-27 22:57:17'),(462,34,32,'2021-04-27 22:57:17','2021-04-27 22:57:17'),(463,35,32,'2021-04-27 22:57:17','2021-04-27 22:57:17'),(464,36,32,'2021-04-27 22:57:17','2021-04-27 22:57:17'),(465,37,32,'2021-04-27 22:57:17','2021-04-27 22:57:17'),(466,38,32,'2021-04-27 22:57:17','2021-04-27 22:57:17'),(467,39,32,'2021-04-27 22:57:17','2021-04-27 22:57:17'),(468,40,32,'2021-04-27 22:57:17','2021-04-27 22:57:17'),(469,41,32,'2021-04-27 22:57:17','2021-04-27 22:57:17'),(470,42,32,'2021-04-27 22:57:17','2021-04-27 22:57:17'),(471,43,32,'2021-04-27 22:57:17','2021-04-27 22:57:17'),(472,44,32,'2021-04-27 22:57:17','2021-04-27 22:57:17'),(473,45,32,'2021-04-27 22:57:17','2021-04-27 22:57:17'),(474,46,32,'2021-04-27 22:57:17','2021-04-27 22:57:17'),(475,47,32,'2021-04-27 22:57:17','2021-04-27 22:57:17'),(476,48,32,'2021-04-27 22:57:18','2021-04-27 22:57:18'),(477,49,32,'2021-04-27 22:57:18','2021-04-27 22:57:18'),(478,50,32,'2021-04-27 22:57:18','2021-04-27 22:57:18'),(479,51,32,'2021-04-27 22:57:18','2021-04-27 22:57:18'),(480,52,32,'2021-04-27 22:57:18','2021-04-27 22:57:18'),(481,24,33,'2021-04-27 22:57:26','2021-04-27 22:57:26'),(482,25,33,'2021-04-27 22:57:27','2021-04-27 22:57:27'),(483,26,33,'2021-04-27 22:57:29','2021-04-27 22:57:29'),(484,20,33,'2021-04-27 22:57:29','2021-04-27 22:57:29'),(485,27,33,'2021-04-27 22:57:29','2021-04-27 22:57:29'),(486,28,33,'2021-04-27 22:57:29','2021-04-27 22:57:29'),(487,29,33,'2021-04-27 22:57:29','2021-04-27 22:57:29'),(488,30,33,'2021-04-27 22:57:29','2021-04-27 22:57:29'),(489,31,33,'2021-04-27 22:57:29','2021-04-27 22:57:29'),(490,32,33,'2021-04-27 22:57:29','2021-04-27 22:57:29'),(491,33,33,'2021-04-27 22:57:29','2021-04-27 22:57:29'),(492,34,33,'2021-04-27 22:57:29','2021-04-27 22:57:29'),(493,35,33,'2021-04-27 22:57:29','2021-04-27 22:57:29'),(494,36,33,'2021-04-27 22:57:29','2021-04-27 22:57:29'),(495,37,33,'2021-04-27 22:57:29','2021-04-27 22:57:29'),(496,38,33,'2021-04-27 22:57:29','2021-04-27 22:57:29'),(497,39,33,'2021-04-27 22:57:29','2021-04-27 22:57:29'),(498,40,33,'2021-04-27 22:57:29','2021-04-27 22:57:29'),(499,41,33,'2021-04-27 22:57:29','2021-04-27 22:57:29'),(500,42,33,'2021-04-27 22:57:29','2021-04-27 22:57:29'),(501,43,33,'2021-04-27 22:57:29','2021-04-27 22:57:29'),(502,44,33,'2021-04-27 22:57:29','2021-04-27 22:57:29'),(503,45,33,'2021-04-27 22:57:29','2021-04-27 22:57:29'),(504,46,33,'2021-04-27 22:57:29','2021-04-27 22:57:29'),(505,47,33,'2021-04-27 22:57:29','2021-04-27 22:57:29'),(506,48,33,'2021-04-27 22:57:29','2021-04-27 22:57:29'),(507,49,33,'2021-04-27 22:57:29','2021-04-27 22:57:29'),(508,50,33,'2021-04-27 22:57:29','2021-04-27 22:57:29'),(509,51,33,'2021-04-27 22:57:29','2021-04-27 22:57:29'),(510,52,33,'2021-04-27 22:57:29','2021-04-27 22:57:29'),(511,53,33,'2021-04-27 22:57:29','2021-04-27 22:57:29'),(512,24,34,'2021-04-27 22:57:37','2021-04-27 22:57:37'),(513,25,34,'2021-04-27 22:57:38','2021-04-27 22:57:38'),(514,26,34,'2021-04-27 22:57:40','2021-04-27 22:57:40'),(515,20,34,'2021-04-27 22:57:40','2021-04-27 22:57:40'),(516,27,34,'2021-04-27 22:57:40','2021-04-27 22:57:40'),(517,28,34,'2021-04-27 22:57:40','2021-04-27 22:57:40'),(518,29,34,'2021-04-27 22:57:40','2021-04-27 22:57:40'),(519,30,34,'2021-04-27 22:57:40','2021-04-27 22:57:40'),(520,31,34,'2021-04-27 22:57:40','2021-04-27 22:57:40'),(521,32,34,'2021-04-27 22:57:40','2021-04-27 22:57:40'),(522,33,34,'2021-04-27 22:57:40','2021-04-27 22:57:40'),(523,34,34,'2021-04-27 22:57:40','2021-04-27 22:57:40'),(524,35,34,'2021-04-27 22:57:40','2021-04-27 22:57:40'),(525,36,34,'2021-04-27 22:57:40','2021-04-27 22:57:40'),(526,37,34,'2021-04-27 22:57:40','2021-04-27 22:57:40'),(527,38,34,'2021-04-27 22:57:40','2021-04-27 22:57:40'),(528,39,34,'2021-04-27 22:57:40','2021-04-27 22:57:40'),(529,40,34,'2021-04-27 22:57:40','2021-04-27 22:57:40'),(530,41,34,'2021-04-27 22:57:40','2021-04-27 22:57:40'),(531,42,34,'2021-04-27 22:57:40','2021-04-27 22:57:40'),(532,43,34,'2021-04-27 22:57:40','2021-04-27 22:57:40'),(533,44,34,'2021-04-27 22:57:40','2021-04-27 22:57:40'),(534,45,34,'2021-04-27 22:57:40','2021-04-27 22:57:40'),(535,46,34,'2021-04-27 22:57:40','2021-04-27 22:57:40'),(536,47,34,'2021-04-27 22:57:40','2021-04-27 22:57:40'),(537,48,34,'2021-04-27 22:57:40','2021-04-27 22:57:40'),(538,49,34,'2021-04-27 22:57:41','2021-04-27 22:57:41'),(539,50,34,'2021-04-27 22:57:41','2021-04-27 22:57:41'),(540,51,34,'2021-04-27 22:57:41','2021-04-27 22:57:41'),(541,52,34,'2021-04-27 22:57:41','2021-04-27 22:57:41'),(542,53,34,'2021-04-27 22:57:41','2021-04-27 22:57:41'),(543,54,34,'2021-04-27 22:57:41','2021-04-27 22:57:41'),(544,56,3,'2021-04-28 03:16:14','2021-04-28 03:16:14'),(545,55,3,'2021-04-28 03:16:14','2021-04-28 03:16:14'),(546,57,3,'2021-04-28 03:16:16','2021-04-28 03:16:16'),(547,58,3,'2021-04-28 03:16:20','2021-04-28 03:16:20'),(548,59,3,'2021-04-28 03:16:25','2021-04-28 03:16:25'),(549,60,3,'2021-04-28 03:16:29','2021-04-28 03:16:29'),(550,61,3,'2021-04-28 03:16:33','2021-04-28 03:16:33');;;
/*!40000 ALTER TABLE `notification_actors` ENABLE KEYS */;;;
UNLOCK TABLES;;;

--
-- Table structure for table `notifications`
--

DROP TABLE IF EXISTS `notifications`;;;
/*!40101 SET @saved_cs_client     = @@character_set_client */;;;
/*!40101 SET character_set_client = utf8 */;;;
CREATE TABLE `notifications` (
  `id` int(11) NOT NULL AUTO_INCREMENT,
  `target_type` varchar(255) COLLATE utf8mb4_bin DEFAULT NULL,
  `target_id` int(11) DEFAULT NULL,
  `recipient_id` int(11) NOT NULL,
  `unread` tinyint(1) NOT NULL DEFAULT '1',
  `created_at` datetime NOT NULL,
  `updated_at` datetime NOT NULL,
  `type` varchar(255) COLLATE utf8mb4_bin DEFAULT NULL,
  PRIMARY KEY (`id`),
  KEY `index_notifications_on_recipient_id` (`recipient_id`),
  KEY `index_notifications_on_target_id` (`target_id`),
  KEY `index_notifications_on_target_type_and_target_id` (`target_type`(190),`target_id`)
) ENGINE=InnoDB AUTO_INCREMENT=62 DEFAULT CHARSET=utf8mb4 COLLATE=utf8mb4_bin;;;
/*!40101 SET character_set_client = @saved_cs_client */;;;

--
-- Dumping data for table `notifications`
--

LOCK TABLES `notifications` WRITE;;;
/*!40000 ALTER TABLE `notifications` DISABLE KEYS */;;;
INSERT INTO `notifications` VALUES (1,'Person',3,1,1,'2021-04-13 07:23:53','2021-04-13 07:23:53','Notifications::StartedSharing'),(2,'Mention',1,1,1,'2021-04-26 07:35:46','2021-04-26 07:35:46','Notifications::MentionedInComment'),(3,'Post',2,1,1,'2021-04-26 07:35:46','2021-04-26 07:35:46','Notifications::Liked'),(4,'Person',4,1,1,'2021-04-26 07:35:46','2021-04-26 07:35:46','Notifications::StartedSharing'),(5,'Post',2,1,1,'2021-04-26 07:35:46','2021-04-26 07:35:46','Notifications::Reshared'),(6,'Person',4,2,0,'2021-04-26 07:35:46','2021-04-26 07:35:46','Notifications::StartedSharing'),(7,'Person',3,3,0,'2021-04-26 07:35:46','2021-04-26 07:35:46','Notifications::StartedSharing'),(8,'Post',2,1,1,'2021-04-27 20:03:59','2021-04-27 20:04:14','Notifications::CommentOnPost'),(9,'Post',2,2,0,'2021-04-27 20:03:59','2021-04-27 20:03:59','Notifications::AlsoCommented'),(10,'Post',2,3,0,'2021-04-27 20:04:14','2021-04-27 20:04:14','Notifications::AlsoCommented'),(11,'Post',10,1,0,'2021-04-27 20:13:07','2021-04-27 20:13:07','Notifications::CommentOnPost'),(12,'Post',10,1,0,'2021-04-27 20:13:08','2021-04-27 20:13:08','Notifications::Liked'),(13,'Post',10,1,0,'2021-04-27 20:13:10','2021-04-27 20:13:10','Notifications::Reshared'),(14,'Post',10,2,0,'2021-04-27 20:13:26','2021-04-27 20:13:51','Notifications::AlsoCommented'),(15,'Post',10,1,1,'2021-04-27 20:13:51','2021-04-27 20:13:51','Notifications::CommentOnPost'),(16,'Post',10,1,1,'2021-04-27 20:13:57','2021-04-27 20:13:57','Notifications::Liked'),(17,'Post',42,2,0,'2021-04-27 22:14:27','2021-04-27 22:45:14','Notifications::Liked'),(18,'Post',42,2,0,'2021-04-27 22:35:09','2021-04-27 22:45:14','Notifications::Reshared'),(19,'Post',42,2,0,'2021-04-27 22:40:40','2021-04-27 22:45:15','Notifications::CommentOnPost'),(20,'Post',42,4,1,'2021-04-27 22:41:37','2021-04-27 22:57:40','Notifications::AlsoCommented'),(21,'Post',42,5,0,'2021-04-27 22:43:43','2021-04-27 22:45:15','Notifications::AlsoCommented'),(22,'Post',42,6,0,'2021-04-27 22:44:00','2021-04-27 22:45:15','Notifications::AlsoCommented'),(23,'Post',42,7,0,'2021-04-27 22:45:15','2021-04-27 22:45:15','Notifications::AlsoCommented'),(24,'Post',42,2,0,'2021-04-27 22:49:18','2021-04-27 22:57:37','Notifications::Liked'),(25,'Post',42,2,0,'2021-04-27 22:50:35','2021-04-27 22:57:38','Notifications::Reshared'),(26,'Post',42,2,0,'2021-04-27 22:50:37','2021-04-27 22:57:40','Notifications::CommentOnPost'),(27,'Post',42,5,1,'2021-04-27 22:50:37','2021-04-27 22:57:40','Notifications::AlsoCommented'),(28,'Post',42,6,1,'2021-04-27 22:50:37','2021-04-27 22:57:40','Notifications::AlsoCommented'),(29,'Post',42,7,1,'2021-04-27 22:50:37','2021-04-27 22:57:40','Notifications::AlsoCommented'),(30,'Post',42,8,1,'2021-04-27 22:50:37','2021-04-27 22:57:40','Notifications::AlsoCommented'),(31,'Post',42,9,1,'2021-04-27 22:50:56','2021-04-27 22:57:40','Notifications::AlsoCommented'),(32,'Post',42,10,1,'2021-04-27 22:51:32','2021-04-27 22:57:40','Notifications::AlsoCommented'),(33,'Post',42,11,1,'2021-04-27 22:53:39','2021-04-27 22:57:40','Notifications::AlsoCommented'),(34,'Post',42,12,1,'2021-04-27 22:53:51','2021-04-27 22:57:40','Notifications::AlsoCommented'),(35,'Post',42,13,1,'2021-04-27 22:54:02','2021-04-27 22:57:40','Notifications::AlsoCommented'),(36,'Post',42,14,1,'2021-04-27 22:54:14','2021-04-27 22:57:40','Notifications::AlsoCommented'),(37,'Post',42,15,1,'2021-04-27 22:54:25','2021-04-27 22:57:40','Notifications::AlsoCommented'),(38,'Post',42,16,1,'2021-04-27 22:54:37','2021-04-27 22:57:40','Notifications::AlsoCommented'),(39,'Post',42,17,1,'2021-04-27 22:54:49','2021-04-27 22:57:40','Notifications::AlsoCommented'),(40,'Post',42,18,1,'2021-04-27 22:55:01','2021-04-27 22:57:40','Notifications::AlsoCommented'),(41,'Post',42,19,1,'2021-04-27 22:55:12','2021-04-27 22:57:40','Notifications::AlsoCommented'),(42,'Post',42,20,1,'2021-04-27 22:55:24','2021-04-27 22:57:40','Notifications::AlsoCommented'),(43,'Post',42,21,1,'2021-04-27 22:55:35','2021-04-27 22:57:40','Notifications::AlsoCommented'),(44,'Post',42,22,1,'2021-04-27 22:55:46','2021-04-27 22:57:40','Notifications::AlsoCommented'),(45,'Post',42,23,1,'2021-04-27 22:55:58','2021-04-27 22:57:40','Notifications::AlsoCommented'),(46,'Post',42,24,1,'2021-04-27 22:56:09','2021-04-27 22:57:40','Notifications::AlsoCommented'),(47,'Post',42,25,1,'2021-04-27 22:56:21','2021-04-27 22:57:40','Notifications::AlsoCommented'),(48,'Post',42,26,1,'2021-04-27 22:56:32','2021-04-27 22:57:40','Notifications::AlsoCommented'),(49,'Post',42,27,1,'2021-04-27 22:56:43','2021-04-27 22:57:41','Notifications::AlsoCommented'),(50,'Post',42,28,1,'2021-04-27 22:56:55','2021-04-27 22:57:41','Notifications::AlsoCommented'),(51,'Post',42,29,1,'2021-04-27 22:57:06','2021-04-27 22:57:41','Notifications::AlsoCommented'),(52,'Post',42,30,1,'2021-04-27 22:57:18','2021-04-27 22:57:41','Notifications::AlsoCommented'),(53,'Post',42,31,1,'2021-04-27 22:57:29','2021-04-27 22:57:41','Notifications::AlsoCommented'),(54,'Post',42,32,1,'2021-04-27 22:57:41','2021-04-27 22:57:41','Notifications::AlsoCommented'),(55,'Person',3,33,1,'2021-04-28 03:16:14','2021-04-28 03:16:14','Notifications::StartedSharing'),(56,'Person',3,32,1,'2021-04-28 03:16:14','2021-04-28 03:16:14','Notifications::StartedSharing'),(57,'Person',3,31,1,'2021-04-28 03:16:16','2021-04-28 03:16:16','Notifications::StartedSharing'),(58,'Person',3,30,1,'2021-04-28 03:16:20','2021-04-28 03:16:20','Notifications::StartedSharing'),(59,'Person',3,29,1,'2021-04-28 03:16:25','2021-04-28 03:16:25','Notifications::StartedSharing'),(60,'Person',3,28,1,'2021-04-28 03:16:29','2021-04-28 03:16:29','Notifications::StartedSharing'),(61,'Person',3,27,1,'2021-04-28 03:16:33','2021-04-28 03:16:33','Notifications::StartedSharing');;;
/*!40000 ALTER TABLE `notifications` ENABLE KEYS */;;;
UNLOCK TABLES;;;

--
-- Table structure for table `o_auth_access_tokens`
--

DROP TABLE IF EXISTS `o_auth_access_tokens`;;;
/*!40101 SET @saved_cs_client     = @@character_set_client */;;;
/*!40101 SET character_set_client = utf8 */;;;
CREATE TABLE `o_auth_access_tokens` (
  `id` int(11) NOT NULL AUTO_INCREMENT,
  `authorization_id` int(11) DEFAULT NULL,
  `token` varchar(255) COLLATE utf8mb4_bin DEFAULT NULL,
  `expires_at` datetime DEFAULT NULL,
  `created_at` datetime NOT NULL,
  `updated_at` datetime NOT NULL,
  PRIMARY KEY (`id`),
  UNIQUE KEY `index_o_auth_access_tokens_on_token` (`token`(191)),
  KEY `index_o_auth_access_tokens_on_authorization_id` (`authorization_id`),
  CONSTRAINT `fk_rails_5debabcff3` FOREIGN KEY (`authorization_id`) REFERENCES `authorizations` (`id`)
) ENGINE=InnoDB DEFAULT CHARSET=utf8mb4 COLLATE=utf8mb4_bin;;;
/*!40101 SET character_set_client = @saved_cs_client */;;;

--
-- Dumping data for table `o_auth_access_tokens`
--

LOCK TABLES `o_auth_access_tokens` WRITE;;;
/*!40000 ALTER TABLE `o_auth_access_tokens` DISABLE KEYS */;;;
/*!40000 ALTER TABLE `o_auth_access_tokens` ENABLE KEYS */;;;
UNLOCK TABLES;;;

--
-- Table structure for table `o_auth_applications`
--

DROP TABLE IF EXISTS `o_auth_applications`;;;
/*!40101 SET @saved_cs_client     = @@character_set_client */;;;
/*!40101 SET character_set_client = utf8 */;;;
CREATE TABLE `o_auth_applications` (
  `id` int(11) NOT NULL AUTO_INCREMENT,
  `user_id` int(11) DEFAULT NULL,
  `client_id` varchar(255) COLLATE utf8mb4_bin DEFAULT NULL,
  `client_secret` varchar(255) COLLATE utf8mb4_bin DEFAULT NULL,
  `client_name` varchar(255) COLLATE utf8mb4_bin DEFAULT NULL,
  `redirect_uris` text COLLATE utf8mb4_bin,
  `response_types` varchar(255) COLLATE utf8mb4_bin DEFAULT NULL,
  `grant_types` varchar(255) COLLATE utf8mb4_bin DEFAULT NULL,
  `application_type` varchar(255) COLLATE utf8mb4_bin DEFAULT 'web',
  `contacts` varchar(255) COLLATE utf8mb4_bin DEFAULT NULL,
  `logo_uri` varchar(255) COLLATE utf8mb4_bin DEFAULT NULL,
  `client_uri` varchar(255) COLLATE utf8mb4_bin DEFAULT NULL,
  `policy_uri` varchar(255) COLLATE utf8mb4_bin DEFAULT NULL,
  `tos_uri` varchar(255) COLLATE utf8mb4_bin DEFAULT NULL,
  `sector_identifier_uri` varchar(255) COLLATE utf8mb4_bin DEFAULT NULL,
  `token_endpoint_auth_method` varchar(255) COLLATE utf8mb4_bin DEFAULT NULL,
  `jwks` text COLLATE utf8mb4_bin,
  `jwks_uri` varchar(255) COLLATE utf8mb4_bin DEFAULT NULL,
  `ppid` tinyint(1) DEFAULT '0',
  `created_at` datetime NOT NULL,
  `updated_at` datetime NOT NULL,
  PRIMARY KEY (`id`),
  UNIQUE KEY `index_o_auth_applications_on_client_id` (`client_id`(191)),
  KEY `index_o_auth_applications_on_user_id` (`user_id`),
  CONSTRAINT `fk_rails_ad75323da2` FOREIGN KEY (`user_id`) REFERENCES `users` (`id`)
) ENGINE=InnoDB DEFAULT CHARSET=utf8mb4 COLLATE=utf8mb4_bin;;;
/*!40101 SET character_set_client = @saved_cs_client */;;;

--
-- Dumping data for table `o_auth_applications`
--

LOCK TABLES `o_auth_applications` WRITE;;;
/*!40000 ALTER TABLE `o_auth_applications` DISABLE KEYS */;;;
/*!40000 ALTER TABLE `o_auth_applications` ENABLE KEYS */;;;
UNLOCK TABLES;;;

--
-- Table structure for table `o_embed_caches`
--

DROP TABLE IF EXISTS `o_embed_caches`;;;
/*!40101 SET @saved_cs_client     = @@character_set_client */;;;
/*!40101 SET character_set_client = utf8 */;;;
CREATE TABLE `o_embed_caches` (
  `id` int(11) NOT NULL AUTO_INCREMENT,
  `url` varchar(1024) COLLATE utf8mb4_bin NOT NULL,
  `data` text COLLATE utf8mb4_bin NOT NULL,
  PRIMARY KEY (`id`),
  KEY `index_o_embed_caches_on_url` (`url`(191))
) ENGINE=InnoDB AUTO_INCREMENT=2 DEFAULT CHARSET=utf8mb4 COLLATE=utf8mb4_bin;;;
/*!40101 SET character_set_client = @saved_cs_client */;;;

--
-- Dumping data for table `o_embed_caches`
--

LOCK TABLES `o_embed_caches` WRITE;;;
/*!40000 ALTER TABLE `o_embed_caches` DISABLE KEYS */;;;
INSERT INTO `o_embed_caches` VALUES (1,'https://twitter.com/schemeprincess/status/1376647975896719364','---\nurl: https://twitter.com/schemeprincess/status/1376647975896719364\nauthor_name: Irene Zhang\nauthor_url: https://twitter.com/schemeprincess\nhtml: |\n  <blockquote class=\"twitter-tweet\" data-width=\"420\"><p lang=\"en\" dir=\"ltr\">My team is hard at work on the SOSP deadline. <a href=\"https://t.co/WiwGIfWWKV\">pic.twitter.com/WiwGIfWWKV</a></p>&mdash; Irene Zhang (@schemeprincess) <a href=\"https://twitter.com/schemeprincess/status/1376647975896719364?ref_src=twsrc%5Etfw\">March 29, 2021</a></blockquote>\n  <script async src=\"https://platform.twitter.com/widgets.js\" charset=\"utf-8\"></script>\nwidth: 420\nheight:\ntype: rich\ncache_age: \'3153600000\'\nprovider_name: Twitter\nprovider_url: https://twitter.com\nversion: \'1.0\'\ntrusted_endpoint_url: https://api.twitter.com/1/statuses/oembed.json\n');;;
/*!40000 ALTER TABLE `o_embed_caches` ENABLE KEYS */;;;
UNLOCK TABLES;;;

--
-- Table structure for table `open_graph_caches`
--

DROP TABLE IF EXISTS `open_graph_caches`;;;
/*!40101 SET @saved_cs_client     = @@character_set_client */;;;
/*!40101 SET character_set_client = utf8 */;;;
CREATE TABLE `open_graph_caches` (
  `id` int(11) NOT NULL AUTO_INCREMENT,
  `title` varchar(255) COLLATE utf8mb4_bin DEFAULT NULL,
  `ob_type` varchar(255) COLLATE utf8mb4_bin DEFAULT NULL,
  `image` text COLLATE utf8mb4_bin,
  `url` text COLLATE utf8mb4_bin,
  `description` text COLLATE utf8mb4_bin,
  `video_url` text COLLATE utf8mb4_bin,
  PRIMARY KEY (`id`)
) ENGINE=InnoDB DEFAULT CHARSET=utf8mb4 COLLATE=utf8mb4_bin;;;
/*!40101 SET character_set_client = @saved_cs_client */;;;

--
-- Dumping data for table `open_graph_caches`
--

LOCK TABLES `open_graph_caches` WRITE;;;
/*!40000 ALTER TABLE `open_graph_caches` DISABLE KEYS */;;;
/*!40000 ALTER TABLE `open_graph_caches` ENABLE KEYS */;;;
UNLOCK TABLES;;;

--
-- Table structure for table `participations`
--

DROP TABLE IF EXISTS `participations`;;;
/*!40101 SET @saved_cs_client     = @@character_set_client */;;;
/*!40101 SET character_set_client = utf8 */;;;
CREATE TABLE `participations` (
  `id` int(11) NOT NULL AUTO_INCREMENT,
  `guid` varchar(255) COLLATE utf8mb4_bin DEFAULT NULL,
  `target_id` int(11) DEFAULT NULL,
  `target_type` varchar(60) COLLATE utf8mb4_bin NOT NULL,
  `author_id` int(11) DEFAULT NULL,
  `created_at` datetime NOT NULL,
  `updated_at` datetime NOT NULL,
  `count` int(11) NOT NULL DEFAULT '1',
  PRIMARY KEY (`id`),
  UNIQUE KEY `index_participations_on_target_id_and_target_type_and_author_id` (`target_id`,`target_type`,`author_id`),
  KEY `index_participations_on_guid` (`guid`(191)),
  KEY `index_participations_on_author_id` (`author_id`)
) ENGINE=InnoDB AUTO_INCREMENT=70 DEFAULT CHARSET=utf8mb4 COLLATE=utf8mb4_bin;;;
/*!40101 SET character_set_client = @saved_cs_client */;;;

--
-- Dumping data for table `participations`
--

LOCK TABLES `participations` WRITE;;;
/*!40000 ALTER TABLE `participations` DISABLE KEYS */;;;
INSERT INTO `participations` VALUES (1,'a07fadf085be0139d9b00332c98ff823',2,'Post',3,'2021-04-22 17:32:25','2021-04-27 20:04:14',4),(2,'efdfeed0888f01392c0c01764da2a31a',5,'Post',1,'2021-04-26 07:35:45','2021-04-26 07:35:45',1),(3,'a0c649d089c10139ad283fac22438ebe',2,'Post',4,'2021-04-27 20:03:59','2021-04-27 20:03:59',1),(4,'e762bf0089c20139ad2b3fac22438ebe',10,'Post',3,'2021-04-27 20:13:07','2021-04-27 20:13:16',4),(5,'e9a0f31089c20139ad2a3fac22438ebe',11,'Post',1,'2021-04-27 20:13:10','2021-04-27 20:13:10',1),(6,'fc93a3d089c20139ad2b3fac22438ebe',10,'Post',4,'2021-04-27 20:13:42','2021-04-27 20:13:57',3),(9,'bc63c56089d60139ad2e3fac22438ebe',42,'Post',5,'2021-04-27 22:35:04','2021-04-27 22:40:40',4),(10,'bee20e5089d60139ad2d3fac22438ebe',43,'Post',3,'2021-04-27 22:35:09','2021-04-27 22:35:09',1),(11,'9d34be3089d70139ad2e3fac22438ebe',42,'Post',6,'2021-04-27 22:41:22','2021-04-27 22:41:37',4),(12,'a0567a3089d70139ad2d3fac22438ebe',44,'Post',3,'2021-04-27 22:41:27','2021-04-27 22:41:27',1),(13,'bea4150089d70139ad2e3fac22438ebe',42,'Post',7,'2021-04-27 22:42:18','2021-04-27 22:43:43',4),(14,'bed4406089d70139ad2d3fac22438ebe',45,'Post',3,'2021-04-27 22:42:18','2021-04-27 22:42:18',1),(15,'fb4ae85089d70139ad2e3fac22438ebe',42,'Post',8,'2021-04-27 22:43:59','2021-04-27 22:47:41',4),(16,'fb66411089d70139ad2d3fac22438ebe',46,'Post',3,'2021-04-27 22:44:00','2021-04-27 22:44:00',1),(17,'27d928a089d80139ad2e3fac22438ebe',42,'Post',9,'2021-04-27 22:45:14','2021-04-27 22:48:42',4),(18,'27f37bd089d80139ad2d3fac22438ebe',47,'Post',3,'2021-04-27 22:45:14','2021-04-27 22:45:14',1),(20,'e67cc74089d80139ad2e3fac22438ebe',42,'Post',10,'2021-04-27 22:50:34','2021-04-27 22:50:37',4),(21,'e73b171089d80139ad2d3fac22438ebe',48,'Post',3,'2021-04-27 22:50:35','2021-04-27 22:50:35',1),(22,'f178b34089d80139ad2e3fac22438ebe',42,'Post',11,'2021-04-27 22:50:52','2021-04-27 22:50:55',4),(23,'f2349e3089d80139ad2d3fac22438ebe',49,'Post',3,'2021-04-27 22:50:54','2021-04-27 22:50:54',1),(24,'072c7c5089d90139ad2e3fac22438ebe',42,'Post',12,'2021-04-27 22:51:29','2021-04-27 22:51:32',4),(25,'07ee1ce089d90139ad2d3fac22438ebe',50,'Post',3,'2021-04-27 22:51:30','2021-04-27 22:51:30',1),(26,'530ab0b089d90139ad2e3fac22438ebe',42,'Post',13,'2021-04-27 22:53:36','2021-04-27 22:53:39',4),(27,'53cad4f089d90139ad2d3fac22438ebe',51,'Post',3,'2021-04-27 22:53:37','2021-04-27 22:53:37',1),(28,'59fd205089d90139ad2e3fac22438ebe',42,'Post',14,'2021-04-27 22:53:48','2021-04-27 22:53:51',4),(29,'5ac2e00089d90139ad2d3fac22438ebe',52,'Post',3,'2021-04-27 22:53:49','2021-04-27 22:53:49',1),(30,'609c909089d90139ad2e3fac22438ebe',42,'Post',15,'2021-04-27 22:53:59','2021-04-27 22:54:02',4),(31,'615c06d089d90139ad2d3fac22438ebe',53,'Post',3,'2021-04-27 22:54:00','2021-04-27 22:54:00',1),(32,'675caef089d90139ad2e3fac22438ebe',42,'Post',16,'2021-04-27 22:54:10','2021-04-27 22:54:13',4),(33,'681b9db089d90139ad2d3fac22438ebe',54,'Post',3,'2021-04-27 22:54:12','2021-04-27 22:54:12',1),(34,'6e2bc6e089d90139ad2e3fac22438ebe',42,'Post',17,'2021-04-27 22:54:22','2021-04-27 22:54:25',4),(35,'6eed235089d90139ad2d3fac22438ebe',55,'Post',3,'2021-04-27 22:54:23','2021-04-27 22:54:23',1),(36,'7541872089d90139ad2e3fac22438ebe',42,'Post',18,'2021-04-27 22:54:34','2021-04-27 22:54:37',4),(37,'7604abc089d90139ad2d3fac22438ebe',56,'Post',3,'2021-04-27 22:54:35','2021-04-27 22:54:35',1),(38,'7c5f0f2089d90139ad2e3fac22438ebe',42,'Post',19,'2021-04-27 22:54:46','2021-04-27 22:54:48',4),(39,'7d23613089d90139ad2d3fac22438ebe',57,'Post',3,'2021-04-27 22:54:47','2021-04-27 22:54:47',1),(40,'8393a7f089d90139ad2e3fac22438ebe',42,'Post',20,'2021-04-27 22:54:58','2021-04-27 22:55:01',4),(41,'8454397089d90139ad2d3fac22438ebe',58,'Post',3,'2021-04-27 22:54:59','2021-04-27 22:54:59',1),(42,'8a526ac089d90139ad2e3fac22438ebe',42,'Post',21,'2021-04-27 22:55:09','2021-04-27 22:55:12',4),(43,'8b11586089d90139ad2d3fac22438ebe',59,'Post',3,'2021-04-27 22:55:10','2021-04-27 22:55:10',1),(44,'910e993089d90139ad2e3fac22438ebe',42,'Post',22,'2021-04-27 22:55:20','2021-04-27 22:55:23',4),(45,'91d0599089d90139ad2d3fac22438ebe',60,'Post',3,'2021-04-27 22:55:21','2021-04-27 22:55:21',1),(46,'97bd40c089d90139ad2e3fac22438ebe',42,'Post',23,'2021-04-27 22:55:31','2021-04-27 22:55:34',4),(47,'987c05e089d90139ad2d3fac22438ebe',61,'Post',3,'2021-04-27 22:55:33','2021-04-27 22:55:33',1),(48,'9e76475089d90139ad2e3fac22438ebe',42,'Post',24,'2021-04-27 22:55:43','2021-04-27 22:55:46',4),(49,'9f38040089d90139ad2d3fac22438ebe',62,'Post',3,'2021-04-27 22:55:44','2021-04-27 22:55:44',1),(50,'a553ef3089d90139ad2e3fac22438ebe',42,'Post',25,'2021-04-27 22:55:54','2021-04-27 22:55:57',4),(51,'a613d11089d90139ad2d3fac22438ebe',63,'Post',3,'2021-04-27 22:55:55','2021-04-27 22:55:55',1),(52,'ac3653b089d90139ad2e3fac22438ebe',42,'Post',26,'2021-04-27 22:56:06','2021-04-27 22:56:09',4),(53,'acf588a089d90139ad2d3fac22438ebe',64,'Post',3,'2021-04-27 22:56:07','2021-04-27 22:56:07',1),(54,'b2fbc34089d90139ad2e3fac22438ebe',42,'Post',27,'2021-04-27 22:56:17','2021-04-27 22:56:20',4),(55,'b3bc485089d90139ad2d3fac22438ebe',65,'Post',3,'2021-04-27 22:56:18','2021-04-27 22:56:18',1),(56,'b9a3ae8089d90139ad2e3fac22438ebe',42,'Post',28,'2021-04-27 22:56:28','2021-04-27 22:56:31',4),(57,'ba61c8f089d90139ad2d3fac22438ebe',66,'Post',3,'2021-04-27 22:56:30','2021-04-27 22:56:30',1),(58,'c04f7e5089d90139ad2e3fac22438ebe',42,'Post',29,'2021-04-27 22:56:39','2021-04-27 22:56:42',4),(59,'c10dd2a089d90139ad2d3fac22438ebe',67,'Post',3,'2021-04-27 22:56:41','2021-04-27 22:56:41',1),(60,'c751c7a089d90139ad2e3fac22438ebe',42,'Post',30,'2021-04-27 22:56:51','2021-04-27 22:56:54',4),(61,'c80ec79089d90139ad2d3fac22438ebe',68,'Post',3,'2021-04-27 22:56:52','2021-04-27 22:56:52',1),(62,'ce0064d089d90139ad2e3fac22438ebe',42,'Post',31,'2021-04-27 22:57:02','2021-04-27 22:57:05',4),(63,'cec194e089d90139ad2d3fac22438ebe',69,'Post',3,'2021-04-27 22:57:04','2021-04-27 22:57:04',1),(64,'d4c8d76089d90139ad2e3fac22438ebe',42,'Post',32,'2021-04-27 22:57:14','2021-04-27 22:57:17',4),(65,'d587477089d90139ad2d3fac22438ebe',70,'Post',3,'2021-04-27 22:57:15','2021-04-27 22:57:15',1),(66,'dbd6cfd089d90139ad2e3fac22438ebe',42,'Post',33,'2021-04-27 22:57:26','2021-04-27 22:57:29',4),(67,'dc95ef0089d90139ad2d3fac22438ebe',71,'Post',3,'2021-04-27 22:57:27','2021-04-27 22:57:27',1),(68,'e287364089d90139ad2e3fac22438ebe',42,'Post',34,'2021-04-27 22:57:37','2021-04-27 22:57:40',4),(69,'e347ce0089d90139ad2d3fac22438ebe',72,'Post',3,'2021-04-27 22:57:38','2021-04-27 22:57:38',1);;;
/*!40000 ALTER TABLE `participations` ENABLE KEYS */;;;
UNLOCK TABLES;;;

--
-- Table structure for table `people`
--

DROP TABLE IF EXISTS `people`;;;
/*!40101 SET @saved_cs_client     = @@character_set_client */;;;
/*!40101 SET character_set_client = utf8 */;;;
CREATE TABLE `people` (
  `id` int(11) NOT NULL AUTO_INCREMENT,
  `guid` varchar(255) COLLATE utf8mb4_bin NOT NULL,
  `diaspora_handle` varchar(255) COLLATE utf8mb4_bin NOT NULL,
  `serialized_public_key` text COLLATE utf8mb4_bin NOT NULL,
  `owner_id` int(11) DEFAULT NULL,
  `created_at` datetime NOT NULL,
  `updated_at` datetime NOT NULL,
  `closed_account` tinyint(1) DEFAULT '0',
  `fetch_status` int(11) DEFAULT '0',
  `pod_id` int(11) DEFAULT NULL,
  PRIMARY KEY (`id`),
  UNIQUE KEY `index_people_on_diaspora_handle` (`diaspora_handle`(191)),
  UNIQUE KEY `index_people_on_guid` (`guid`(191)),
  UNIQUE KEY `index_people_on_owner_id` (`owner_id`),
  KEY `people_pod_id_fk` (`pod_id`),
  CONSTRAINT `people_pod_id_fk` FOREIGN KEY (`pod_id`) REFERENCES `pods` (`id`) ON DELETE CASCADE
) ENGINE=InnoDB AUTO_INCREMENT=35 DEFAULT CHARSET=utf8mb4 COLLATE=utf8mb4_bin;;;
/*!40101 SET character_set_client = @saved_cs_client */;;;

--
-- Dumping data for table `people`
--

LOCK TABLES `people` WRITE;;;
/*!40000 ALTER TABLE `people` DISABLE KEYS */;;;
INSERT INTO `people` VALUES (1,'81dcf89078000139094f04f6bbd7efa7','zhangwen0411@diaspora.internal','-----BEGIN PUBLIC KEY-----\nMIICIjANBgkqhkiG9w0BAQEFAAOCAg8AMIICCgKCAgEAnm7ijIRoR+pFoq0UMV1b\nExqn82+gqXP1nn8OzdXHawqa3uR/sOusd18xGeAvWaUEyzk5xPLjcnTFhl95zYI3\njuDdI9XB5SCXrYmaTZwWFDGTzinkUeFtLnx68+jxOasyyg2uV9IVvAFmeO/DCREu\nKzVxVrmmP/9orqgwfAsIiEKMi6VVhc5TQC3pBVPe2DsNcykdmFwkq6GPpSGXsLCc\n0jRECc100/Kc9i53aXosvdkOlcq7dP4UsOTP+P2pD+uh99YW3kH9O7l8WpcE6qsd\nt/E1K1liwJfne8Vg6XEf7BCBIsDPwxMx2pT0k3q8hU0ZAHPpVLZJQg9d5ZWcfGjt\nU9CoPPatd9+dSpJNfJ2B0V9Lua6rrMXYYpuxwDSdQcJMCiMPHFh67jYD05suDOB1\ngJF2M4AwNvCSqn9pI7uWzF08MqlWWuUihj6C6vk2pQdm3l9esFSuf3JuR5jKOXIF\nk/+Ev7/I6lV9oL09fK9C1itnJ4jBQLwkovOjnfvzcKp7myZaO7JSK2WXbxW9S8uZ\nuHmRDsjnqOOTfBJwb6aATOKwtTyH4HoUIwKuI4WLQbl9xiBjI6UdDTbIVlLKeLrH\nz5MPX2uVZihnRoeu+3azC44q9tfnTTSHKpRhbPAP/MItCgSWkLHugx9vhED3c8GK\naOV55fhA/rERPgcJMAbIxzECAwEAAQ==\n-----END PUBLIC KEY-----\n',1,'2021-04-05 05:48:58','2021-04-05 05:48:58',0,0,NULL),(2,'7bca7c80311b01332d046c626dd55703','hq@pod.diaspora.software','-----BEGIN PUBLIC KEY-----\nMIICIjANBgkqhkiG9w0BAQEFAAOCAg8AMIICCgKCAgEAnRrtHuUwbXHXjRCypB2Q\nRv55JOsaNAVKJid5pc0FuxQ0rLK/vNXi/7fplMm4HHTwmeuK9eXZoQyvoH+qBVv6\nbFZ8KP0M95QcrOSJtvvKYm51ybO82/W/e2LLKNfLMgTq2uoCWJsq33fohRXFgpCZ\nAz+aeK41YdxCnXUkd2tZBK44dv+tHZJOXFIr0KZFLeWCEbryL5367JSe2Qjj6N4B\nWktt4dLpWO8J0HP5SiGhxTM/WUqKu3rCHtPyOWMTZz0f6R595ZOh04cwo+4iqJB2\nKvlsQAEsDfHnICNidRmSxTghn3QquYZS5N/3sKGpayOzC0GGo2g7eK7oX3ZzBGHq\nu0f4whcdq055MAGjg4pjJu1EYfMDux7Ik8JHyVinsVAvjIHbVeurWe8oMtriQ3pB\nFNIjR8SH1JNaZ1PSdIO8V/j0C24wa77jvN2AdZFdCoAvpXSd33fexwMd5vpuyfYB\naq2jOze+Hb0lxIsxOvpv2Vf76Zuc86lHYBNjB/n+e8aoDIqIMjvr+DSMsNpHHi3k\ntuEXcs0gomoOO6A2EeMdO4M57EP4S4yLaKtCNDLGNbR6rxagrxctLeylh0/a1IyS\nmUrPD6mYt9mjbmNrRpAGFS4n8KPoeqZSVdvb3bcyY2ewwYD2xAeKymiy9jxKPujK\nD2X2Zb3zifqQzfgAf2k44MECAwEAAQ==\n-----END PUBLIC KEY-----\n',NULL,'2021-04-05 05:48:59','2021-04-05 05:48:59',0,0,1),(3,'3919c1d07ae60139ec3e5db4b3e77b69','john_doe@diaspora.internal','-----BEGIN PUBLIC KEY-----\nMIICIjANBgkqhkiG9w0BAQEFAAOCAg8AMIICCgKCAgEA8iRBcZOudxFB7qGn2oEm\nVdP9qP0Jm2YxZZUvKcDs9KHJcle6wzxAQhc2CiNGV4n5MttMFD3/qLhVPaGbrGZI\nLSttG45OVhYERCv0GXRtm/6eHUlWlJqhz1fDTNZRzOfgg0UaG02LmIpUQOkW+Bez\nzMArE/mqILB6YcFDezLPaTuiMKkoUX6ZdSucyNG/1XVLtLSi8RPjyHywEm7I+mgm\nbcGVi8MEnwnIzSG3HemYrpP0nV+PZHzpTy0nj0fM5PoevU0ZDugki5gOj6zrYGuj\nkI6YTUPGqH/YQzLx6/MXpTPnCLyGpTXy7axPJi+hHyiuG/lUy3ykunYjzo3VLuUG\nkE/+6IHNXOAutGtXmCGy4tHKmk9itI1VKP1WLlqzm4zNotdOTntd1gCMyL9H3U/I\nU1rfs4weyP8iz6W1gNC1Mxwn/jnxKL+31fkPr6tRfh9czNcfIEAEnuFD9o5r6A1i\nxjoWUBvUWDz6TDsvokMoKjx9v0UumwTUUI/ERRBaq7kC1FXxCn6UVFgZiY0EBRWI\nNQHVCdSnWkYExXDdmWzzYYACmInYebniGiFvTt2XH7k30EcGpwxu9+oG8rT32i5Z\nYSwHu12xvS1zAH5BRXOgQ8N0wrANGMUCBvk0zhH72AOmwKEA0iQiqZCZG9jHh5r6\nGdJ8oMJmTCU0hoL+vs0IQCsCAwEAAQ==\n-----END PUBLIC KEY-----\n',2,'2021-04-08 22:18:11','2021-04-08 22:18:11',0,0,NULL),(4,'842afd40888e01392c0a01764da2a31a','jane_doe@diaspora.internal','-----BEGIN PUBLIC KEY-----\nMIICIjANBgkqhkiG9w0BAQEFAAOCAg8AMIICCgKCAgEAhdoSwzg/mmq08BNQJTs6\nUslUpGuSU3dTGxbP74q/JmcBDKzWETXXeDdPWmObUhIgsu9QOtyAYfNpkyPDDQDo\npEYf4Cb668rMQxACiLrOojBHwlNUH/LMJluglagimRyee0y4JS471yPbAkeiQr6W\nUlTfQRQ58Hm8t7SZhM//bVd4fML1PPfTk91I1GAmAzUznmhewT00S5QQLD/hOh9b\nhNSm9LVhooOqJwBKM05q8yQeB7USIkg2eKnW/biPilfMIdjnimuTOOuP+/xfgCus\nCzcurywM3Uega1VLUV+DNmtwZ+EI5vtda15VYcNDPHjTJq14zSqdmKh3Zr+HW4Bd\nb2HtL6dTZsAgG2D/wsxEqWnE0ZbE+C+k8uZytPW4sOhDJMHvBx6n7GzyRkiqAI3P\nrzjaqSJ7Vazqce2CkB1NHul2sYcY5YnAUAmRd2ivuYLj2TL1F5ma3TmFEFkHWGjO\nesDevRjJMg+TPWsRonJmlybHK+zO98X/yotdPEa7XdO4tVy8IBO9kTf5CKg8GSOG\nbiUuXLD1S+H0IJ4VhtGxfAGLvnLJQNAN1rtnuNDSzi/u2BuNXL1QnsRtOTvalxEB\nwsrpevkg5jWU7L1FdrkXOSf2SGEsTx74Q8tZER9ug+Lp/2hLjwyE+F7wbZTydt8g\nEwFfMITl/+1KFI1U5j/86asCAwEAAQ==\n-----END PUBLIC KEY-----\n',3,'2021-04-26 07:25:36','2021-04-26 07:25:36',0,0,NULL),(5,'1afa891089c60139ad2e3fac22438ebe','user1@diaspora.internal','-----BEGIN PUBLIC KEY-----\nMIICIjANBgkqhkiG9w0BAQEFAAOCAg8AMIICCgKCAgEA4RuTIzohe4Ghi0LppObs\nm4t23Y8E5zbKeWUotuNhJ7eGPnyNFleazvThycbh0fVt5kUE4kahnP/OxQIM/iAB\n8jxWdI5cS8R2SAtS6PjxGia1p6joG/tFTrezyc+Md4DG/YUko88IDSOgrJf/jnuw\nRdJiXZqPQtBE7C9yrk0TN8LwI5IAL1GdNoXbJg5uh5Fh3Dtvbcc41t6FYYF+aFqb\n5cEK8X7b3yCn94rJ+EqXz/MpZLURvK3QtMQ+1aqofM8hZ8oGBZ9Z/Bh28b4YbppO\n48FyNE6jWj2BSKWGpI/Ct3pokydljZa/n4bOxLnEXoYcn7z+XErjsr9eMIxvuCEd\nv1dl+e5s6O6PYAxhDao4URU/42nk0hLFZNcdmF9izqLX85/Y7NpvQkzvVTFHwC32\nSsmYwL814GsDHX2DbGWHSqGTCl2IzcCKZ6sgDwGwmGTwwLzvNncmCVTeNbrb2rg/\nA3wpL3i+Lvp+qpCEKcIeCMLWE86Peg0b9LfCMLvxVXE5L3TwfjdE7gSirmjJSu2V\n1SROs3pVsKAMGjw4sL+pLG4RJnngdOijGiKRuhdEAl/4w2muflZZEHeoz6pFcdlV\nLanD5ddRA0GsAuPjOLRUO0iDBCayebKfz4PIgGgHJr6Cu/huJDo/4GqYj0pI8nZA\nd0weoI4qdIkk0z6Kkx8J3xsCAwEAAQ==\n-----END PUBLIC KEY-----\n',4,'2021-04-27 20:36:03','2021-04-27 20:36:03',0,0,NULL),(6,'1328ddc089c70139ad2e3fac22438ebe','user2@diaspora.internal','-----BEGIN PUBLIC KEY-----\nMIICIjANBgkqhkiG9w0BAQEFAAOCAg8AMIICCgKCAgEAkhXJ6s1RA32fWhWsmji5\nvSbrCthTxCB/O8MQOkq/CeL0qpLhVb2DnzDv3U8QnMjQl9yZXiLlyrKooeawyPwF\nLkbMQu7gluz64KrJqfbWg1r2abXCh+btv1x13QluU8k5UOw8TWIISU4hCKa2E2SV\ni2Cop4+T4jxQz1lo0Pezkm1t0lalViMlGKBEYwPuqOvzVnQrxe9EB2Ba3JpM1hsO\nQrQv4dBRd6Ln1jhwCRC7kqZwXQsUjSn7sY3hbZm4R8yAIq+eCdR6Y5nl5EnMubkg\n+Q6rVn7JdBzovnhnEHKptf9ACghyzl96BrZGt31ipnoZ67+KpqXEtTIIW5w2I69X\nMsz2Khpol9iapOlJ45YYvMM67A7uyqLS0utMvqx7+GRSPJUdEcps9XYxRKdrBD1P\nTfzqzFOSCnEGrpf/mSiKOyn02HbEzBqpTLPqy+XmkZGF8xFRQoZYjI9d0H+HuMlB\n02Ymnaca7fQaPcYIvoufurnPRubEL40b0LnTO+rVy9q741ENdXYiPc8FPRAh83P0\nzy8eJnrPOUk4hHSYPgSvyxRgodA2nonTUQfsw+MCgl3KYc3R6d2dcqHPkde6oxGy\n99NkluG/FVQ3HqdfYmSbcR8/6DVhDjGBDRjb61cfjPQqM0q4G8n2sQ77l2r7K1ks\nAEqPVnk11IviVigj3kwbMiMCAwEAAQ==\n-----END PUBLIC KEY-----\n',5,'2021-04-27 20:42:59','2021-04-27 20:42:59',0,0,NULL),(7,'5e83a40089c80139ad2e3fac22438ebe','user3@diaspora.internal','-----BEGIN PUBLIC KEY-----\nMIICIjANBgkqhkiG9w0BAQEFAAOCAg8AMIICCgKCAgEAyUD2z7KKqOGIwt7aXL1L\nocuiO7HQ28YbvIVP60ucUC0hN9gO47UiaN5LXFa7dd2tUVOyrJcKefHlY4aa8ZGT\nTiPGqnmJgSbpVxGW+4ZnJQUvsAfHgHg9mBHOQXOYFJfNo/Al7KfVhW6Sj+qqCBcx\nDmxSwwwoeEI/Baumvi7SLtG0QV4lZQMwcf0xKXDsYt8T7qDSrt0TsFdYY4GBKXsx\nB/p8q6Py9sVs8XchI064wZBFPEQSDygnreBFAhQnuI4jsy/LL9M3EyjmdNHrAT7p\n5ARyt9rrOjy6pOg48J5usRtOZfa6TfgOzKWOCXGxanU/2G9y51RI0chXL7Z9Arvp\nuuTyrr4tHYQBvsWZRPvpG4fzZ2E81Z7z1EozC3e3HIymdei9PGPpBwQR1juPJRrD\nNu/TTUhaHbeaDWK7lz/+txOyGdmqpUyuCaIhsp1WFs9sCfkHq5e6UfuWqI2BNKFp\n7cbub6RJlNUSgOM5Rg9Pqj/wMWTe5Fb6LvEGTHYvEy2y2bS65AJcaZm9HTq+9IQb\n1Wdw9Rst0CAYDG94Fu2oSj7dDsz62bJ4lKIZi78lCyXFx88UTO+QqiT/Y8c2CaA9\n0YCQ0ju8lUAh/GDsY3LW0hOQJR5AiSP2ACSgg/8S6TIyTgPqfTI4b/jCBWmXN+jz\nYswxfeGt2eRPUOiiEq8EZ+UCAwEAAQ==\n-----END PUBLIC KEY-----\n',6,'2021-04-27 20:52:16','2021-04-27 20:52:16',0,0,NULL),(8,'d3770b7089c80139ad2e3fac22438ebe','user4@diaspora.internal','-----BEGIN PUBLIC KEY-----\nMIICIjANBgkqhkiG9w0BAQEFAAOCAg8AMIICCgKCAgEA0NEt4frwYqEBDR2toycy\nRVrlg828YMtRIK3hEywjhp31a2Ts73BrZoh3+1qvFZhYPd0NFnxCO8UJpjjq2hcW\nwfwg0CbTf9rkwvOQaS83KdTWsFU5grKvD74YzMzdfK4EzCab7C9GTD6TB6CnpDo8\nt1bQDfXDYK3kRe7roTX9Sj9DxiWGvD7IAzJGwBvHX5cj9i0nLxDY+s/L6ukRf0ME\nisrq+LvwKusPBILjKJ7Zk8Hw/EGdr3V650gpr7JSxwCbZ0hL3lypbFPBAicTtKjB\nu+gHh/tVIBoce3hMQ09AzXupJMaOn0f70y6DvPdINvlFqc5tOozBmjReRjOZ0YHS\nfz7LT2/RA0kWHg85nj/L/B/FfU8cRJujt17eZxW1vinZFfrp7ni2hdDnGpONUVUu\nrOj5zJMiZ19KorUn1Aad5jsv+VPBhrbK01vD7NHeuVZcmL9eYzO1/9H4sIq5XMBk\npympaRAp9D6tdqPQVbAAM+Oynw0pRFAIM+uojbvPJqXkW3M/prwPxKsvlq+e47zl\n3ZMdCUxPTGgZKiuULru9aM0OaUU12vAN+cxt0iZnecSQmvgIOmweDSJYqo88d9MI\nH8GQheALieYWcT2psPofaD36ARN5/cPW4dJaWQMYZN6orNwtDHa93AFWUl8oMplE\npGqPUBKWP4DHf1dAb03FCBUCAwEAAQ==\n-----END PUBLIC KEY-----\n',7,'2021-04-27 20:55:32','2021-04-27 20:55:32',0,0,NULL),(9,'f5087d0089c80139ad2e3fac22438ebe','user5@diaspora.internal','-----BEGIN PUBLIC KEY-----\nMIICIjANBgkqhkiG9w0BAQEFAAOCAg8AMIICCgKCAgEAttHb7MhQQxIPrh6AwKhP\nP+6oz9eTSAmTMaM7J162nSYMo3n3LDhzvZQFC3PxU8KmDluK2JtWtuXRkgeLViKu\nEzBGrD20uAAfxGT2JhrnvV0B+ZEO+r4rQASMXPAdykr7a66hUlTLetqwHSZs14Kn\nOAj/c+DyXrOgKBJLj+d1hiYsMoYoqDSCuWbsqXnBJ95aoMWwkUC/V7Rp0v2C5dLO\nfhGdHiO13sYiUe6bOLY331yebOA8+YgZaaC6k0Bki0kQWhaDD1IzpbLueH8YUbE6\nDlBDmGJPuNdJkZhbXQ8/JnrlJthpWIszHeOkM7Ykzy2/lxZvzxGY5QpwvTDCeICa\nO3fttrjQ5SAZJcz4khWsbYphnCSt6ZgCC0aDA6Vmon8gGm57aQFsrzawDfPBJ84c\nTuPt8CVA2bBb/x7gj6IG/i34OmGUxEC/kR7jQy+lOY+AVXV+q/9cHQBmFP+zagnF\nsrqFU39kRzu3H/JGhksphllxVZi1DamwyuFxIxv1lTvNGFHLVqj9Mako6l7KypGQ\n5kCmCY3T/wvjboXaLnFpXNmfrVuNCp5dWQgJ8QqyNA/T7G2RslKSldxwjhXdX23S\nB4Z+zt1NRMuivIt6Xc1EoURVSFxtBQhK35zsakCCTv3eitOfBHLL1u+/LFa01X5I\no9Q5LT0UGyYUhekdyCkqAdkCAwEAAQ==\n-----END PUBLIC KEY-----\n',8,'2021-04-27 20:56:28','2021-04-27 20:56:28',0,0,NULL),(10,'19a1f16089c90139ad2e3fac22438ebe','user6@diaspora.internal','-----BEGIN PUBLIC KEY-----\nMIICIjANBgkqhkiG9w0BAQEFAAOCAg8AMIICCgKCAgEAr68j3qc2lAmbEO5ODigy\nlwJzywkdGDJhu85jFtHEXJh/+xSyx2Lhyll14L/dNRrOJDgqjdOauFQtVt6KWI+H\n0feAv9Yt9mc5m/xYlcAV+EK6RhUHeSYIToygClAihxgNwhC16CU3tUE2/7YgUxQB\nBkBXQ8KfkHuuseVo4T5sY089YApYd+hZfLoYKM9fQlQz/PEQbO4KhRaNjH2gcO7Q\n2KpWRPWpQ66fGy20cS+Fk9EYVejvm9qZlxZlAFsj8bZfIcfYupa6k5m642S/yS+T\no8Z3vmEezg4rMP+Lx7DPNyMXVYig2a0TtPaniwx7irBSDdDDibBSfZb7W2uvAmzM\nDAKXhKkZWoiWP+tkFl7s68lQ31MeQRQUQu0lC1lTB8pYd2kWbAtMz30njeXTjYlF\nTH65jEQfS4F3Ywy4vI30V4zAH08wAB94cHQ0J5kMuAGgxYUxk+Lr3NRRTVcIAEQ7\nXbfAIX/aWbZIAAq5yJL4t0JJKVrgVM2zYQh3BeC1t8Op/os5xdWlinnTsEQQvQsa\nlYe5V5XmU779xqHr0R1J1fgAK9kMUptG4vDIMvQSN7LvwoFZpsAPAbfgSI2PEj3C\nhzqhShxABmj9YYd08YnUDjnwnoeP9+iZ1L+TYiAYvQXWOatBeqyvgTXj+UgYLCTP\nYo1iPHjZgHvkzIE2M9egfwUCAwEAAQ==\n-----END PUBLIC KEY-----\n',9,'2021-04-27 20:57:30','2021-04-27 20:57:30',0,0,NULL),(11,'986a080089c90139ad2e3fac22438ebe','user7@diaspora.internal','-----BEGIN PUBLIC KEY-----\nMIICIjANBgkqhkiG9w0BAQEFAAOCAg8AMIICCgKCAgEApzRh1KZvwkgikJinYgwp\nnmk1Z2xj/nqtuSEAS4mGQOz54xPUICxxuJ0JbQjwYhGDQqFenK94i22dhzsVOe7O\n4QyHJ6EZ5Xq6AMS+RMB5iN+Yjc2/AbIxjG7lQz1CyEXjQZdLgp7Pi4v5Ajgj417r\nH2WJ+7nt3OiofspLkZMzbuI60QWsvPfhlUjJEdt4x6bNulNr+LFpUY9reCrPVy5t\nbEUZJ2BbURJ3bLSNj1cR9+YWUTE6YdC78Y3uHJo0elvN8gbnOpN6fU+L98NCT5qv\n5KQ1oTbcMfXSKqqnir4qcQHZ0gGPPJ5nhUbprz4ilM5xOOSgBkdMJ1ClL/WC2BAu\nmxI3/JpFYU4saBd/+fporQ8ZVHXc1JkYwSf6J7jwbVj6P0uEM8c+9vcMvvk6isiG\n5q4Se6qHi9nYqvgDJt8WiHXY/03a4tNy1WbaiOP6eIxdlKD8KSiNBYPOJyyRN0CI\nvVuVbSPHpl2y8VAsrabggDAt4t874sGrSvJTRdgW53jxt6VugPjDmmFQmd/E8suN\nwt8fG56q506tbqiusBt0AMszl83aCrpv9WAaxpvoHHbNSMIFVWTN0fruyPpzvdz0\njArWeKkM3nQIGz4gYoi+ED1NDeVhII+jHQB5+FE4fnid2ivu8M+4x86m/btpcgzn\nRp+6DIstq7wjmv3p5RWVayUCAwEAAQ==\n-----END PUBLIC KEY-----\n',10,'2021-04-27 21:01:03','2021-04-27 21:01:03',0,0,NULL),(12,'b74edda089c90139ad2e3fac22438ebe','user8@diaspora.internal','-----BEGIN PUBLIC KEY-----\nMIICIjANBgkqhkiG9w0BAQEFAAOCAg8AMIICCgKCAgEAuEyfKEh9CLWYzpiNtst9\nvUqQnk7Uw7YoR1Y/P7RRRMe2mjbpP1+sSPg729cdx6v54P4Nd2MjJMX8tZdHVoJM\niV0n3oZ+CDUsEHp7+bkf0pchH5wpcJklEUCzWUE4aya5YUaHXJwsVlEq7TyAONpf\nkDTs/XjCPvb9JZQXbL9kIohBKSaLpWrw28zEs7D3K6w61Uo5d1gY2azxsIIZCQVI\nfKjF3AYp1aR2KwzNpf1Q2QWb/eGmmSxhgmuRALL8bllhv3ATWCNY+ewNY1EgOEKi\nyGFMokiKZHhUxo9VEGKU9YWqizB6O3vDTXFAuqP7k/yg0PdHMO4rQ1fCBcC9ox8U\nzYaOxPntVbo0lQAnNB6QvGfnM9z6e9AZUaP+z2G9n+9O4djZZ8GsjN/9l0SaK2Ku\n5sTYNSj92EbHy46GOsQEGMJKF2WtKL6yur3Jd2TYUgMfRpeUgAjhWWvv6Fj0Wlsl\nt2caukvt25vpfOzltalmKWK01QQp0jd7rGwIsVDG09fw7tJqxqcJif+41NDjmXC3\ncm/Uak+Jtuf189cHQ/oBeWHgyVnutWvbVbaxa8OPU8j4BTgcf7Sk6uUM84/4GrA1\ngDsdfPEhYWS9Aa8zSFm0hsYEKSIBBEhKA0gQ+OQY3tOW2/FlJFxct72zyC/iAMZP\njkm8b98aRdM2/sMC+EUHH8MCAwEAAQ==\n-----END PUBLIC KEY-----\n',11,'2021-04-27 21:01:54','2021-04-27 21:01:54',0,0,NULL),(13,'c8fce03089c90139ad2e3fac22438ebe','user9@diaspora.internal','-----BEGIN PUBLIC KEY-----\nMIICIjANBgkqhkiG9w0BAQEFAAOCAg8AMIICCgKCAgEAmcYYUrxK2ZjaaBsnOhoc\ncYQZvMwKU6Q9xuqb7T1ccnqVepYfvB1DJjBT9pnosDpAPOpeKf6zAaO5g7qkRmaL\nDwHArq/RlQ7kZdWkHiaMqprZDQUYTbgOub9DbtIpyQBUQVWGVFyv68zUbUUks3yo\n0N6MLoIWlhIfS/0Bf5yNqdRas1KOfl/epx6/hWFSK2smc6Tr10llsVThBNHMgvFw\nLV/6XhYdKm9v02gqpnFt0fk1lqzeMQPU1cVhjlxMNyYTA3jtyYA/c/tcuZ7PG+MG\nbXcw3uJog9yMu+UXeNCmRKKF4p60p5/hgkbmG8gfS9sQmZuMEsFUtseMhB6JKs/a\nH6KG0EMj1SXryJy+ywbZe53ixaHm1ycqGldYdABnIXJB/Vg0jeioza23IMKo1BBz\ncSlr+N31KhpXhoplxRQhXM1gLcvDaXpZVt01Pj4QvDZnJq6U9BQQYOs/BKIS5BnO\n1D5a4fhIQ4WLeK7WfsUMLyvw+S9+nUd5ay65n6ECIGLhtZcpvGELjYw+PjwXTqfM\nh926iY5b4Fb0VvyVbGnP2SBSCSIxD5cR+AE619FrF4EWfw6oNi0BRcTzU2rntoIt\nGZ8n38lpxE2fu/60PrqyiCzG3P+Q3fe4p7kuYHYFG7HhnjU56+z1RgLud8n6KuQQ\n7/ZIELR11odhp+4HKTsEJUMCAwEAAQ==\n-----END PUBLIC KEY-----\n',12,'2021-04-27 21:02:23','2021-04-27 21:02:23',0,0,NULL),(14,'f2a032e089c90139ad2e3fac22438ebe','user10@diaspora.internal','-----BEGIN PUBLIC KEY-----\nMIICIjANBgkqhkiG9w0BAQEFAAOCAg8AMIICCgKCAgEAstb3NjPO+UCHlBE+s3q+\ns3dSTNT8R5hcbnhJEhi9nWb/xTa51eJi4yUbO/VmKWWP0vKfDNNE6dCH0zE/IlVM\ny9A8/3668Gq3Tq78n2XZ/8fZPw+vdLVJmyIa0cL/N8h1jbUNDC3RResoiot1f6ux\n0UtA8UJ5X5uPymAgw12aKR5VPHv8fEY2JpC0KAL29PeflDEGn9v1A7wBOJI/uhnn\ngUM6O76nCtk7PtAedjAdIqSKcudnasIm/y6j6YXMlkR3JY7dRqwTnBQfSNlKThvc\n09nKOLZ5mKDNwSiJxyH+5mOutyZt+TmEMeN/94/BG+a0uQ568dj+B/KPYTos4TiA\narvhnuOJeBY7+8P/Ohfbv/fkc9LaCs2VoIP4ioj9CRZJD9SD2GIDAMmHydwyYmkE\naGZyGK74tO7wtY4gxlIZs/B92UeZImToCcD/u9Ztf+grVm4GFsd3lAegnKHfOvns\nWsaGniD+xfSv6uw963w/iasqMXaUZ7SGJvoV5CfK7G4oJ5LysGgLOZzBbmJfw+cM\nBSkGKMatUb02j60kH+UYTTGOD6brNTSnmZ9IlqYRMAfxdGQEOWkzJQF6gPRs2Nuu\noNzYT93+fVp/2B7h1HSj/cJ6zZGVgVGpbIpSJqSe1qye6RRt5ePVG9SL2cFEA5oc\nfAcamG2BQsCSWvHDSJtMmjUCAwEAAQ==\n-----END PUBLIC KEY-----\n',13,'2021-04-27 21:03:35','2021-04-27 21:03:35',0,0,NULL),(15,'f82f485089c90139ad2e3fac22438ebe','user11@diaspora.internal','-----BEGIN PUBLIC KEY-----\nMIICIjANBgkqhkiG9w0BAQEFAAOCAg8AMIICCgKCAgEAoZaxtKFg4/1uuBHciMLo\n8ruuZ19nAuEc4zuoY16ZOsT25+foapGF3jrbUix+uY6cUuQ9jFW9H3cSx3DdI3lc\noHuN7DeWQulJpFcd6lWoMtlDHqd7BbIZGt6bRfTTRZES300K4LUeO6EH1gK8R+S7\ndc+Aoh+m9fDdKxWxBFZ+/yolgpM9+avNGm+B5oL0FnvahWpZjB0S2mIaiy+v6S7o\nra/vZ7/uJXwv2DkOVPt6s3jONC852A5tMfMN9LcUdxDNWUPqjlU/BmhYvLajsZIz\nlyuyuaj5fQxwmi8uAiftWJJeVoZ7VjlFy7X4X0vBFmC2InzOyYcfw9yEd1yHaxBg\nZUnHRrjQnXj2Kr9lVvx9yDJtOc4GwunNrAFqrDffuqbxP+3K4qgV1pLFasFPoXEW\nxYwjNdrzpVTCMFvue0kN4xOEoFVY6fUuinBlfA+CxZfwZ2/OovSNxOEuQFDo90Y1\n4sAJlRSrfFlkcrZ+qtpLEMhgoK71fAyxXn8H/K7r0k1SNcPubApaN0m49yQEbesd\nIwlrnD5tcCvADGAJNkyUDYcyvaE/0gtHvgQ8NBb1vGCZSFHgxg6Fy4rB0WjVQqVb\nYlR+fM9ZVWN1xHcczhbUT0fLtJTUyWaop66YNzKFCXU1LrD+mEU7rcYfu0p70Tti\njv4GpRu2UrNRFd6+8bYLduUCAwEAAQ==\n-----END PUBLIC KEY-----\n',14,'2021-04-27 21:03:43','2021-04-27 21:03:43',0,0,NULL),(16,'fce46dd089c90139ad2e3fac22438ebe','user12@diaspora.internal','-----BEGIN PUBLIC KEY-----\nMIICIjANBgkqhkiG9w0BAQEFAAOCAg8AMIICCgKCAgEAkiR4AaP8CjIvGA6Ekvhb\n8AvopDWaO4Wk/xAkdn1xL1lRC7Aha2ZVmRO0XZnN2+SDmhF44l3AvLfLgiQVNU3C\n11w+7sOdtaRdawSLOSYR4k9M8thJACT73Q/kTPsJoCM7d+8I+IsouApFDJpa2HpA\nM4Sg+m92skC9mBWIt9joMeFO+gTV5EEUZuNgKy6I0wsXJhaQhnAFVd7T3vBkiPu4\nCcmp7/Ht8WyQefjn0fwavtllRvbwciZrRSodhoT+UbjB8vuZ5dWBqmamFmUwPS/1\ndRhpjgIIcyJo0NpQGC9wQEX/Xh2Yr00n2/V4TpB/2YrralFMrJABCPKtILnoZSi/\nW2+wAo8aOartX84kSw8bzQjWksLQVX8vg5TMXxMA8SChOA5oLZaYB2MauuCcFUbv\nLBB8Cfr3S+2uKKhflze2zrftzXhMuJIJiGJy7jtiScFZQdQhHrrWxgsiycNIjTpG\ntVkeKyn31DDJgBPZbmOE0XqzkR77vT+FjhJqofslB24BapfLlDUoXxATZ6TRoG5V\n9rD8QBGRoM8MYFoW+ISsHtWin38f6Le7n5dDwe9CrfZKtONv7CWP9DJIA/xCq0J1\nHa0n3vGHPP1grvTyiio6593GjqNRyyX5X8W5t/fJyabaRVvKbLxgVLsDQTnPe8HB\nEgVgTE4ioKO7oYAWVxU8mGcCAwEAAQ==\n-----END PUBLIC KEY-----\n',15,'2021-04-27 21:03:50','2021-04-27 21:03:50',0,0,NULL),(17,'00e1d93089ca0139ad2e3fac22438ebe','user13@diaspora.internal','-----BEGIN PUBLIC KEY-----\nMIICIjANBgkqhkiG9w0BAQEFAAOCAg8AMIICCgKCAgEA+nWqLqDeRNwxxm9/+Teb\nDljAja5rQZHP+UcUKET1yAaeGM3669Ja/Jn9sWDVKaPjvxEJGiaja1s0OUHVHw4z\ns/ipIUr5+H+mOcKgsOuH/q3B6MF7Gom1GAxc6j/M5Fq7CSspjdd6r4J+e1UciqTW\nRh3SAoa7HNnHf/VxztCYt38+hsSphaZrpWFTr2AnnNoP0f59QdOIEv9jW4UcPEj8\nXhKQyAaJCl2wrW8BR45TgRFvaaPAQPyM9zj7J58hORLybWhEmTRDTpl5n8bXv3XE\n3J5B/Q6z+x2siwDmW4tgp8rSsaZdIGxukXuu8QnAxj60U3pCMDPoJAXaE3MCRV92\n/1mVmkgaK7471pgQ/ggw/LT+2Cujuwu/QYM+/1Ac5nfxANMLPTSKM6SC9zFxMFgd\n6nPeWMhg4QwIOrfKYk15NmzUqiHn+P2XeQ7kFdvO8xuPcDZGpoqtUjylOjBLdFRh\nbIhQNrILQJJg8OU46fc9YuyxJ7D7/Zl37gsa8gdNfXDS1SsFOIm95rwd+d9yfzQO\nP/OMU6kyeW9UtG1Z60qehNAJmYn/HostSz8Z+uyAM8/o2vSSrjvtXgFuwCkzJl/X\n+Zj2P4MAGottlC+pk+HwhdwMVES7AOnp+VuenZkC4VISRvy24iHaz2CbjGhM1dFz\nXCjprrbDGYDsG7s2Kqe9VDsCAwEAAQ==\n-----END PUBLIC KEY-----\n',16,'2021-04-27 21:03:57','2021-04-27 21:03:57',0,0,NULL),(18,'04e28c9089ca0139ad2e3fac22438ebe','user14@diaspora.internal','-----BEGIN PUBLIC KEY-----\nMIICIjANBgkqhkiG9w0BAQEFAAOCAg8AMIICCgKCAgEA5muZvWceviedDrNXBGEF\niWfjbHBFDYHDkWrQ/Mddc9QJuM1XMKXT2g/G2QOQqcUp7VcR9/B1VTYAbb2gCY2Q\nfanQH8pyJcvzUZXyYpKUUetKFf1GnxXdy7TJiFmwnrnC90TCLsLDmZgmtFXqutRI\na8VJXUxoJzlNGMeMiPaNxVpiATBzlWuqLxIRbo5djHVRsLxhYB9CEbqaqtXlnPzJ\n4F/TNWqWMto6xxrdu7yTUQ504E9B74ONdqRL7n3UOSBd+WCzwP3vrmqBrPVv3vRw\nTaAsA3Q7MsjIQXM/bhWdwYMi2oX7y2buptYLaKyMqlXZ2wZmDevNKuZ5Du2psZck\nE/YTimaLQgxGmSrhRRDWvk0T6stAP733z6pz8eTDvvoz2N9jM21leg1ouj0rpMxJ\nh8cfq4Mkp97ndYuDHroJ/MKpXxZon/ZzrQcggrNEnIqpob97skyTthVYxknUqJA+\nyp/oEwzpkA8nr45HK5u6fwoPe4FrSLFgLQGoLcx5VpVNuydvxmcZv2ya9skkabgd\nnVh+4smHyvYIx5Np1n7d7O8x2x+Nv8fvZWQZ2j+jndvwO8X7meCSDdT9uxOlQlaW\nkZA9AHH41H8vAs/zDrt1+FXOBJiIdLMVLj+c1TJaG9+Ek0FT6DaH97E8TO6guFrG\nIzjY4gwGJj10JQZte+fu/i0CAwEAAQ==\n-----END PUBLIC KEY-----\n',17,'2021-04-27 21:04:03','2021-04-27 21:04:03',0,0,NULL),(19,'66c908d089ca0139ad2e3fac22438ebe','user15@diaspora.internal','-----BEGIN PUBLIC KEY-----\nMIICIjANBgkqhkiG9w0BAQEFAAOCAg8AMIICCgKCAgEAuhfsrdp0Mb8Ty7HVsn+Y\nzJhVKMb7Og+8w9hhkxEWapXtZtzYfav+d6zMTBQzi4XELo2h/V/yGqrH35wqDue1\nZWqMD+WtE8LDHJ9FttVHCbDitqdKGfewNjk77H92jYxBae4kazkca9ljkcTrVDas\nqrBOBCK4uXpxKvevNcS2Ed5TBZYd1HiJ6iycnFatZEhGiGXXVgHoIC83pNVVHcov\nllW9oiLkc+hosy2Y7VQA2auFM9iZnVZhPNInGf1HvBrRPFmk00eqwOW5JbYj3O4c\nLXnhFJCNuoM9OuTJ5JsPXJbsUzG7+mT1PeDRgNwEHebVKclouhiXYtPKzbjOOuLC\nGw4bedIaKx//Tmj8gOyt7JbWK286LA251wbm/kXfAwaI7C4P8H2zCkw77Y8Fu6lB\ntIqZVgtigJsikK/gepFdkE9rb9s4RUb2cOojuxMpvGJMIi7x3WY/EKZ+YyGtYahv\nIPLsuuyZx+AW412fKBn0Z+cUehq7hEwqGpgzbWWBPPIZVy8npQzb2NLGuKEjobpu\nxJOwTfRmwzKuoe4D9uqxWDjSjtgUuUNEUX7CXk8jGeqQJ9KQcrG337FWD+vYusB8\nIQuN2vY2nWvPs5Wp9DyvBrKcmUzq0BZi6Dsv0/vXLWVKl+rOkymbLsuf4cpEp3G7\nyd6Q+7o48yEcAYdVI9d1NvcCAwEAAQ==\n-----END PUBLIC KEY-----\n',18,'2021-04-27 21:06:48','2021-04-27 21:06:48',0,0,NULL),(20,'6ad828a089ca0139ad2e3fac22438ebe','user16@diaspora.internal','-----BEGIN PUBLIC KEY-----\nMIICIjANBgkqhkiG9w0BAQEFAAOCAg8AMIICCgKCAgEAySotVjCJH7wYh3C0xtuc\n27c+T44uMOiUcH1CQz4ZVn1mCOc4phlqt4ZQbK7VwQcdgYzo1qgXqmPOQ6kDA2x9\nUK8LUzCKqtmOjb32QgcPaaOuLP4fvaOGPmKfFX4NnUfxA3s7ArryOit2cClz5oPb\ng/0Lzwf3SDqcnZ1VDAxN4DwpcwyPoUXH2OhSQaF+ojnZu6xO9tfSo3sxTEhHEysF\nWwDXvuG89REL6HBigmulIhxaVre2fzPdEEGlqKTR3HjAdb00gnuXzqgu/r5ik4DB\nyH/uA0O3FHITCeaQdIX2kXPXR4XTKOMnhmjm4En5fmNNa1VzUceMyL+fksq1QD0y\ngQOKHFxVtjS1r5UuLOk0Or/ooapn54FLSXDMmCuy91TwIETRZ/UI5necXyYtSM5R\n5VeWzs7PPqMfpOCv4xi63h6L1ZgtRLiby4kejGt+V3iJWja7ku5w3HWdELwqJ+R+\nw9gdQJR/4auRSddqZqN+Td0n+BXLkPK5wUzGk/5KqwqoUOHdV7h7b6jlUxfGrAt/\nWgiiu0tY08CyRhGmmBxHZAsJV4FetAM/xXl7aV/rVHWUy55CKYEL1cdjJIk9/vun\nTC25nkNg/jqYybUP1Pck/kYT66pb8/eYRq15NVGKdqCcAnncwFDjELT88ziUkpjC\neKW63Ue96lVucEnRIB0i1tkCAwEAAQ==\n-----END PUBLIC KEY-----\n',19,'2021-04-27 21:06:54','2021-04-27 21:06:54',0,0,NULL),(21,'6e9f12c089ca0139ad2e3fac22438ebe','user17@diaspora.internal','-----BEGIN PUBLIC KEY-----\nMIICIjANBgkqhkiG9w0BAQEFAAOCAg8AMIICCgKCAgEAlZ3XrWNk4/1o7JIrl0oW\ng3AFzL2SPFX1/HF5sG6xN7+b5x4Cy+xDiqUlk8XdOt3ohVBkFQnz45ewdcZkryFA\nAqr5duL/tVfLmNYNlx3b0mJ4ZDnBuA6XmNPyTl0iwM+ql5OuOBxKV23Pven9dSGV\nK/nF/swnF1DErrIimfI/FcN/8bNM+R9gc/hypCrbCaDfSLSVAaqZY37vGNYdaq5r\nk+/KGpVPfw0X0CIBT1u0Na14ojeyuCZzUGsZ1aPJqyXJegYIDzrwquST0Y0WbuN9\nPT9GhD7fN9VpKNi1SNqRfUr0B4kckQlEj90Pjk1MqT+4P56kIndW2gQfM9dUoioN\nMMt97Pl3MFwzgILEHhsLmhRHqXtypSw9E6yXR0pZMowVKHznEbHwgSByoj2d6ZLf\np9Kc4rk++nrjTdTN+Vg5tuelCfYO5t7qnI/LscFVrB/SsYuZq4QCe8SVIhMm76EM\noaeEIItkgAxU81GSRypA2Be3rcusT7xO25TVo3e+INqusWdQ5ZLwS6dcDU/VibkY\nqf5leAfGuHsbZKOwwzLMRM7NppOPFQiNb3Z87UTIvCvTyIaLoxxZWRCenbeuNJaT\n5Q4LHAXSPqWGXwctgjczZCHfD5JaHwZ/4OzVqXFLB3T2e9hMtwklV4g/EHtYdnNs\nrXuZHFaSvJsSJzrn2I8w/EUCAwEAAQ==\n-----END PUBLIC KEY-----\n',20,'2021-04-27 21:07:01','2021-04-27 21:07:01',0,0,NULL),(22,'72b05dc089ca0139ad2e3fac22438ebe','user18@diaspora.internal','-----BEGIN PUBLIC KEY-----\nMIICIjANBgkqhkiG9w0BAQEFAAOCAg8AMIICCgKCAgEAuX+wXBT5XjQyYd5ReHxd\nfRpRAERQC6vi53WuE2rhvT66vpqmsXFTvROZ/JxDuOmoHwqABL9pv4euGGdzQ15Y\nvyp9RS9c3dIdYGmoCNLDuVa696d+azSuf+CdevJ9PRyP2P2bDgY1+I3cIBn1sGGZ\nSMM6PY7U+vrqiJotKOWdLkuFO3SFFvVfCLig1Y9jlfqmc6pag/lWAxgK/Kr2tv76\nT81MCdtrsmNC279fZJ2ClDnTKmbj76s9Wsol9SZPmch9wdu0qFnuS6c912nMH4Nv\nlgAJDfzoQt++U2+uS5a2e2/1itPvt5JHcO/BdilHiLNABfcUDjSA129W5vs3XJNf\nY+E5AfuI87rtyXAR+uU+HKD9ojrxVyO0uS4Pc+MyjPr6BNXBj09F2p3jx1f9spZY\nf81b0RrMnjPmdtcg+S1LN8nR49Sd9K0GvoRpU8feTC4CNNszTeZCH2tki+AmV+SS\nvX0NTyTe93n6Rsv4VHSHFZ4Js9sVr13DflS5l/0rcLgFIWO5U5P6HDnbhFT2hHwc\ncV8xoBQyzWabnrmQ5NROo26NxeyiTxVA+6erI5JWZYzLcpg8xxOmHixrzwzi7SA2\nWAtE+wLokXiiH26E5048pfaRO7brNdP4ECZdShc2h1jbC2ibowmKfZBNIYFn4+zz\nQcZ1Aydr+ForRLaTSzWIw68CAwEAAQ==\n-----END PUBLIC KEY-----\n',21,'2021-04-27 21:07:09','2021-04-27 21:07:09',0,0,NULL),(23,'77a440c089ca0139ad2e3fac22438ebe','user19@diaspora.internal','-----BEGIN PUBLIC KEY-----\nMIICIjANBgkqhkiG9w0BAQEFAAOCAg8AMIICCgKCAgEA2t/kVKZgdZjYg6n/FPme\nZ4zHYHSGltb2jTwS+FUkzKzstAOk2iFKQMx5/ZgyrWEajnVdgENWyFlIxCGLxGyQ\nl3aVnR7e1eSz/hLHl8d4cAjMyl2X/f/wXQh4aRxAzWYDQ5AFhBJ5FZOcrqrHRvrw\n5ECqEqnTG/2+9+nnn36SLkMeRfGkKfe3fGuyxf+H+JwoUxT/fcp7hL8ISvmPj6NI\n+E0rL593BpbxiVc34xEDp1ww+zTauxIcuFC7832FzJDeaaJtZq3uxEDA7B/wIS94\neHIMOj4jpfjSqpMcD6k/eSAh5zrva3AG/d8fDkJz9nIc0zfeSuXRR3+RjrwHPTNC\nkI+amDl4CtlFbcH+6OqgFfe31K73GCtu7EsQyRrknyLD/nRNIbigPQaaAJvgesjH\ntMOjKw1bmYYIkaVUl1Tni70rjFgqh6bDUE5HVTu7QxcMd9lV3WTcUEv8493y7nhB\nr9HVTJ/PpagSzb72+ROuJ45a7F9Gx8V5pj9LbSK67j+krmm8PueCHE8C9IcCx+do\nWe44Tv+RVrM7G6wLOVQ/wg/2jNNU041gwjettLKj1G7h8QumerkNwBrV0ii/lDSy\nitibI6YbKs0j0OteKVY9/0BZQGfBNJjNo0zGTu1IT7vRCLKEErpiXw6Jio8PbEeE\nP+zoFZtj5AEvIPIYIiJTyDkCAwEAAQ==\n-----END PUBLIC KEY-----\n',22,'2021-04-27 21:07:16','2021-04-27 21:07:16',0,0,NULL),(24,'7bfec2a089ca0139ad2e3fac22438ebe','user20@diaspora.internal','-----BEGIN PUBLIC KEY-----\nMIICIjANBgkqhkiG9w0BAQEFAAOCAg8AMIICCgKCAgEAquqzIljPoG3H9OaXyVFF\nukzivhQ2hSLtw1jfB/LdoQKtx2Mc9maH0v2l4nv4t9e0BnSsK694XEbMvtYjUVId\nH/7ILFuYqRDs+jCs1sWTPZ5pwQDB0x81gbxq6ZscmwE4oXqZ+RhiEQYypl1/7YWe\n1FXzyV9TLeKBz5txxunrUFq04TTbtlXeTMNOBE3v+NHgyiGZM4iindzcFC2JGg6A\n6dds2lDCYvA7zzdFHbL2cCDbEKM1k0TsDEchLTmCqX9/Q/hLvPGvt6UAGpAn+/Wt\nhmRwh5NvxiaF1k2qIcVzr3Vbpc8dUpL1XEyMoPzfSlRjqGBZJ9NdaNhU1ZbmLh9z\nq/r78PrP5SstcSrKJpvrjpKKLKhrEOD5WrzQNi6nLXASN4K8KCRPyBtgX81Wsm7K\nVo8SHBjWWhOCMDY0DEOFMbW0Hdmkt1jZ9F3AxqP+xfSnUc9l6d4QuVvX8A5B/nSj\nx4AY07dXxAJvUSKIwcPo4PTo5LiFjcX7jKnm0cDKM4uguQWQRrc483MCK9xCofuy\ngGgBz8V1tKvC6h2NXEZEQx2u4JSk7N+I7XAsDJL7K9LbpQ2Nu+P3JyJQUfqis/0v\nqP7Cb0VLLffK4S/VLCUAlQ8TRd5gRDPIAjgI5Lkg3rUld8wgQUgdA0XLy4z4vISL\nJXw+C0uhwvir0QZOQkkZbnMCAwEAAQ==\n-----END PUBLIC KEY-----\n',23,'2021-04-27 21:07:24','2021-04-27 21:07:24',0,0,NULL),(25,'8041015089ca0139ad2e3fac22438ebe','user21@diaspora.internal','-----BEGIN PUBLIC KEY-----\nMIICIjANBgkqhkiG9w0BAQEFAAOCAg8AMIICCgKCAgEAkUxRSSeUrmjZ6TM36SON\nkEepKfPnlM5Np5JbGHR6rUYwH2K89w3D3E2FNOB12EEtbSO0t4imKF0s0jECQm19\n3fnOH49os8OUhASDyod349fpbvw1PPcmgE5rPu+tdNqhZJClZk3F4YdHpqmpDWOG\nMe7TyAaOVyylxfWELd9f7YxM8o9a7ejlRkT3i5Jqp2DNZZrfuPg4WoXl/iDcX4Ug\ngk7jiwC/u/WzfcE3NJ1jOvH6q7DuTTkZi4dkp69YQvsipEQaGjBqQtwTeYX5y0GU\nAIaBxTfJHLICDJukPUPDKdmpZ98i+NfGi+M4sX4eoMZvZmFo+DtMwICJgL7kMgGM\nq4VICMRBm4GjUWBxGgNJzgDkZTAiy9iJukdfLK5BRNkOcyY4xjzY4q48Xy9VQRap\nnCjayk7wvI40SdoX9qVH/qjQu5Q1JS9T84xPLlHHCgYUyzI+qAKuUfUXvKV+H/pE\nKXTBVMnj51lPyfYe2pP9+7lRUwXhP++BG2/2BP24y5b4dR4A+n7GwnD5/SS+/6w1\n04PNokier88XTrFh2oD1KEIcJTJJSzLRgbiU9mTzw9NOs3iiYiah/15rrVsjlXpT\nbTEyMTcOdH9Tgv/VLDpugpSOhGLg4SbLQPeuBmbNDhBfkHpRfQtKhX22xLPdN4dz\nXCzFcjcaY6FOiQjngBU37s0CAwEAAQ==\n-----END PUBLIC KEY-----\n',24,'2021-04-27 21:07:30','2021-04-27 21:07:30',0,0,NULL),(26,'845469e089ca0139ad2e3fac22438ebe','user22@diaspora.internal','-----BEGIN PUBLIC KEY-----\nMIICIjANBgkqhkiG9w0BAQEFAAOCAg8AMIICCgKCAgEAoV/9ABLMTrPi/QwyJQBh\nSwzfFVIxordHgtmURuCyx4s7QExJat3qk5UdRP1CImullrRQ8XQq/0eEfYiOjuuM\nb8yhbc5ERd+sDwBBGdWf+0JjzRuJcjsrOfjbEoP1JJSlj7kVIgQN0xJcnH6ZGDZb\nmbfgxt2zSo98CW+aiGycpZfbe8RCi6suwjIYzUaD4wBEJi6C19SI5/ZM/87oG/mK\nUZhvR+nHUJvTZxDVvNX3BtASrCz3V2S45uBDrrDyzuVbY1MVzf3NHdlFNnJOU2OK\nyZEDZcQiVsZfKsZaZvMsiLcXUF22kizlyR3YEV56QTC+nwm31K0CzoHxsxs0SmpE\nxZZ8JURt4iTmpF3CPzqUb2zi3apNCFwJWhgZgaOsJM3Dqkr0dPheTuxhWJJChG0i\nOY0XYtNyWStgu87YDGLxwD0t3dpXU+HVbdveDRJsILlPz1d45LLEQwGcvOGAJPK5\nyFnpnLGVIYlZn8eDRXE/TLWJTMaWOROzumhjD5oUxVyTwU9bNuaxFB57tbiHtiE1\nDn2JciBbMtBPtudcNw6uum16nkWo85igg9iy+8K8OvvBrQiH58A5LRMtqOIPLJii\nn9ty0D6B1Km4KJF+B3ppVH9/FpG4mk3GV0SnnE/AAfLGo22/27UhM1XigVOxGKDZ\n2hxMPcIE+JnbMLtofrWWnf8CAwEAAQ==\n-----END PUBLIC KEY-----\n',25,'2021-04-27 21:07:38','2021-04-27 21:07:38',0,0,NULL),(27,'893ed47089ca0139ad2e3fac22438ebe','user23@diaspora.internal','-----BEGIN PUBLIC KEY-----\nMIICIjANBgkqhkiG9w0BAQEFAAOCAg8AMIICCgKCAgEAqpIzA2YwwwSuKSXSjCzJ\ngLM096+Qco5Nhwun+qDwmOkw4DL3yr1sQ+fQJ1GxJ4ZR2gHAoYuxfFEVHn1lwCOh\n2K5rSJm8HYPGG5+RMeVhM/surWJ+X0nemS5tYJa84SoyGFwllxvGaTnKwkGccgzh\nDVY4LFLzAnWoD6oU0zdp9KH8rYmLtXpcZQwAp1qQRJ3J79bcEHxXBpkE9yZ9WEW9\nssWENOi92mBSk1FfJkyKqCzmzdjBQJmBbN6maBT+IQs+kKQxvrlP8DyHeLbwSU15\nABy7+m1uqOsiaAKPM71RqEHHZQFNbCfp+x0kMxdLJjJwVy+aK/nZyP/4K34ZjR+l\nLANO01ANkn++3wBJWhUExa2SyiNS2+C6tFOq7v1+htx7UblK5E9RiFcrKmxVjWSX\nL87fppR3i/AnpLZ0La2psePGeztLZF8aejxWVgR02w6Bs7xR5Q9PV4kh/h/FhniS\nkBxDlZPuIBgm0YzTHlZr1e5apOYe43kTc1WKfhud3+1YvW5xVytZPhvZJMfeK2bL\nXGRFNL42gyga3RThZZw4U3VDJT7dQA+9VlGXwKiK/LJACYsB/6IPr/ku77651dhM\nppio/EXPX1YZcGPe5UUpKqEeFaPyMnmwePoyg0YL8XWHKb3wTdu6Kqy7E9aBOq78\nfkAC1YoeoxKOO6Ddr5eXSsECAwEAAQ==\n-----END PUBLIC KEY-----\n',26,'2021-04-27 21:07:46','2021-04-27 21:07:46',0,0,NULL),(28,'8da0465089ca0139ad2e3fac22438ebe','user24@diaspora.internal','-----BEGIN PUBLIC KEY-----\nMIICIjANBgkqhkiG9w0BAQEFAAOCAg8AMIICCgKCAgEAsCPdu27pN+vVDC40Uljf\n0ndZ8PrBCJrxgX9r90zfitg1bx69w0H6vfxxaBZGrtFWgi5ZkQru0dIPRwKW7i28\nXWfF/Q7FNLMNOpU6Nc7fVmwYsfnSb50Yb/AyCOIqpjrRIa6uTswzoNCsfQTaglOZ\nPEOu4ItZe58xyDCw6UKNA0zpFWBzwvOVN0hPJhIGIkc2VW1y6IQ/RSLjtB1alJ2g\nly/PFg3wd28YYvW7Hs2s9sbZMOGmJB03u1McM+XFBKEPfR33xtGWkuET4BKNeusS\nMCXyBJ4z8h4w3pAj8MFnhSYybZM3vFHQ4l2lLIC9QObztc/2g+UXARcYpUpsd5+I\nnJ8GVu58GeKsimML13CdpeG6BGLoy9ximDlIHDYZTsL8u2mh+fOvq+pir17hLQF1\nScvuuVwuY7lHK31lptYM6J0pFF7xQe5cMRlNXvXaJEJ/b/wTBBV/X5EujJ0KXW16\ncL+I6rLZ1kPmXhLlLGRv5nWo4USeY7BuUtLPBU6RJu1OKWpSzr/sdkTtCvtjkuIA\n4LoBSRs555xilLDyf+P9cj5eB7mDwffFssuEGJln5Y53JL4XTiIxhgqXE/u+GftT\nLN+7gwG08+NS1xY8AHbjsrS1u4TkKTwda7SMvncMKpa6NlI6yZGEuKzOAqk/TEP5\nKdxE+Io/LVRvkUqAHJPqgJ0CAwEAAQ==\n-----END PUBLIC KEY-----\n',27,'2021-04-27 21:07:52','2021-04-27 21:07:52',0,0,NULL),(29,'915fd3b089ca0139ad2e3fac22438ebe','user25@diaspora.internal','-----BEGIN PUBLIC KEY-----\nMIICIjANBgkqhkiG9w0BAQEFAAOCAg8AMIICCgKCAgEAyhO/H5vXZp/lIzSSOjnr\ns3+Z/CEeZwxdVQzfpA7Xh+bZASpM/I5BjmUA7PbvcUvp4tLixI4a7M0KhM4tIxaP\nRGnogg3AU0K5OrRNzxwuIrWpmXwojCoRlk3xaF1Vy8/XRurTAluE/Cbgh8q+G8My\nT9MYAZmmdIRSp9G9a43SHb3oKAoM6CuxY0/59d5JyvQKRwitKaZ2FhwPQ1kXxmYT\nFe5gZOFPzU2Xn/02pk+Dt+Slv658EWxvQuspD2bYfjFVUsuwZ+sog/+TgcW/kPsD\nx+u2Q7onHRx7/a6ejHLMUloLH2H1TRFv/6VFyhxmu7MxL3Mt7rrtyH76IAajyX6n\naeJ5Tt34i3zilAFeAH1LhPrvDefRSRXYRTUWfLZONFzJcUoX0NMI/T7ZkufKOMn/\n6B+7Lmsjc5I/x3BUJN/iy95BoX8jzx4rI1zytNuQoNlJ4Jh4ejUkhpbdV3UrxaU7\nPzxPNzXlOFG6l5FsiWKlFUx0Yw7LZmB0j3jIXySPBNKMt0FJ0L5319xKX04eW8iE\nzNzG/ujSTpndN2ZhkKDpkzVDhgeJJSw7/XgN8VjS0bb7/EhwqhnxxkLy3Jsqn55/\nq/SfHq9nMzaR15Qpb6KgjbkwKH0MI4scYW7qhDNXQN7Um4m5zInPVkkNCWywLV9f\nm63rZnYY3cxugOuWam4XNSUCAwEAAQ==\n-----END PUBLIC KEY-----\n',28,'2021-04-27 21:07:59','2021-04-27 21:07:59',0,0,NULL),(30,'9597fea089ca0139ad2e3fac22438ebe','user26@diaspora.internal','-----BEGIN PUBLIC KEY-----\nMIICIjANBgkqhkiG9w0BAQEFAAOCAg8AMIICCgKCAgEAoXAATyUv/AN1QcO0drMU\n3b3+vXTnq3mNOdeh/h24eK/V6wu0TD8XTKSH2RODfmcd1PraK/CgAXzwBm72IvXt\nAvxxew6y5nrJGWw1a2yBhSZZmj9WWuUEx66FRCF42YLACLpj+rzIskIC2txJdLNi\nWnEFlYiAfJXkH8tSJhzp3LT43wnH6v7bp7nG3VGRsIjqvybzw6k8noJ4IzaM+OyH\ncjKu0WJt5HsYRnPRAMxZ9/EyUcZb4NHslHtHAiW5FwP/xGoXATDHn+4ngeW/8bOA\nOwJVoMOIfXszaqqNr6BNErmtDIw9ShW7Xku88YoYiI0qFflZpszQRjbPFifwtS6D\nz7LWPfmUDnY2lNgQ/i5jX7HBq7SvgdvBbOKg9XnInfoIsUBOOkb4FzqrGPLGXDVU\n0QFOiZev2MvLiy5pUvUHDLCyA0CjNA98h5MP8SNFFcy4JPUY8ksylEihl51z0UAi\ndAurZPTeUUI0bxk9Vt9t1Bm3ddlsVqhRJz6cIJL/shMVri5GOYzoiALgBnqLCm3K\n6sx0vsGZHVz7TZMkdoSDToC7+6HLGD8rLSc2ZFPbF91mu6m9e1+aJQLishNy2w+p\nFzIo/nmmNKWW5NP8kvXVLIrWRu/ymp+4kiEoKrcl5MedkgoN0UJgKHWt+GWgqyPO\nfdobHnyLHwPvUWjpQ7wkToUCAwEAAQ==\n-----END PUBLIC KEY-----\n',29,'2021-04-27 21:08:06','2021-04-27 21:08:06',0,0,NULL),(31,'99a5fcd089ca0139ad2e3fac22438ebe','user27@diaspora.internal','-----BEGIN PUBLIC KEY-----\nMIICIjANBgkqhkiG9w0BAQEFAAOCAg8AMIICCgKCAgEAuR2Rx4q/wcVZgn9BcIvn\nyHNA7113lsVF8VVCRel8DdLW0iLcMnEXsbopZMrbZIdNBE7OwcTQMCXcrl5AW6i0\nNK9Ck/yS7onOlRLFXMA7fYBvSgIUMnvS5ygfnmb54gnylPiCp4Oxvg/TLOkHDRTm\ndSd8AiqQG9YivCo5K26HmSMVZpMr0PooPHct7IB/SSUQtNo5Z8K6lCQKfxE9XHJX\nKh8NF8xp7y73Q8QsMgxths16rf8ltuAbMoW90fmwS0vy/i5lIAdSEuuu4xpJErI5\nQ1vs+2dljuHV0sXr2vpZcbedRQyNZzdP+JVuBgtjz7Y4m7DjIVYqr+HsQNDMiZD1\nhul0UWJbOx0DubfHbqiDH2xmZ+wDHzcHT05mStQDoY0P+8NlTgTlxNf49JIYthb5\nFWIbv3zBdCeNFM8GyyDvPuNjhIJaaeXxybcBfKEXNjqkWAIBX8SWJGkg0P6sw08d\nm4Wtl71HXf7PN/vVWnROMgaiInZpZuqrWGT8uLTBbed/Bx7kYm+f6mzPavZ0W0Xk\nOTbKwknu1SaBeFQBXyn615+CIs9i10Nq+RruUL7yfYolsS+o9z0C0tqkUXm2Y7YT\nikM48+IucMp8dh6gWVjes3BwWXHsRGAdespY6xxK9k16ewxmUJF8EKLWlBClx4Dl\nR4MD8p+J4y+9idrxEi558jUCAwEAAQ==\n-----END PUBLIC KEY-----\n',30,'2021-04-27 21:08:15','2021-04-27 21:08:15',0,0,NULL),(32,'9e8e4ad089ca0139ad2e3fac22438ebe','user28@diaspora.internal','-----BEGIN PUBLIC KEY-----\nMIICIjANBgkqhkiG9w0BAQEFAAOCAg8AMIICCgKCAgEAw6T8Rgvntp6y1P8fF8IL\nveBUTYyUI0VDo73e4bnAREE/u+ij7ltpV5NeIJfMrjh/JNMWunQhItwvEnvsdAHz\nTJ2FTT+xVfJIdSKf9zqCpeBGYCbyp64s5YqtKIpUQ47+JKpStrljSK676BdYyPE/\nJmJD/JOw5n1LBN+JDHFMp2uwmL6HmAJZGcyr+eW/JApZ43HrJv+dIBq3nqDtVuib\niSl3O/mXDZrDWILmzbtyh5gtg05hDODsASCELfhjbPp8vhkT5n1TamEKRdRhNqQm\ng8+03L1zymdvrbyc8FL7Kxf6z2WtOLKKZlyrJopDwvGcKwF8Ay0cs8QC3lBXINdA\nbLO/3p1ev6yTkczOL1AJ2dhw9St5Qak9eygENAHljvlqi8+gqNT72SqqAjxirS5u\njBSgetZioL4ReNlRehC8BOz0bHh+Cwbp6i3co8MqcPKl7QkYi4+SoE3b2HuoVRB0\nNI48irxyDSKM+Nt3dxwtnYim2b9zou1cvlwSyzhg/IE7UqLHaUgH7ZPFgrsxw0rd\n9+pdCvWh9WOyq9cnvauGRcZ/Nzzer4P9wfSmC/1QXoVC1tl+8ZKrquFWLcpyGDix\nl5KU0BPKxErSATM/81sZwYUykImcZYgxBQ1wuDhB1OvQhrZH9v6jd7hqkebWjyu8\n0ZfuffVQrRsgN5NXGjxsouMCAwEAAQ==\n-----END PUBLIC KEY-----\n',31,'2021-04-27 21:08:21','2021-04-27 21:08:21',0,0,NULL),(33,'a299095089ca0139ad2e3fac22438ebe','user29@diaspora.internal','-----BEGIN PUBLIC KEY-----\nMIICIjANBgkqhkiG9w0BAQEFAAOCAg8AMIICCgKCAgEA4j/Sr5WT+runhdsXojPv\npNuf/HLvxnwFLC3WwCb0sLHjE0VkC+liMSl38xCgw1IKBJiQ9qbTlLiDYctQuk5F\nR2B26oqnAEYE6cLI0csyCyJSCqN9NDldc9eeSVklUjKQubvhh0r7/bkGjCj6ON1F\nCPrm8PFk/idmUqEVPgBtpQPURwMuo62j5qEq2txoS44fQPNY9jbMqWmbTyX6/ka7\nHFdQbw5zIAwIgh0sx6GH4r/ipPi3ugNp+dcdybXzJD0m3X2j5uVR7gT8qYYwXXQH\n07WZJUylUhxdCKErgv8b/jNNuy7DNZgBwjgESeInEc7qvD5dzjnO+MPa8tIRZ+rx\nsvM/KYVUWD+uJ7+urAT9hQCFXhcZRBVjezYBVJ4CHomV5c2W/HVdGKryYXQ3Qh7A\nFou6o6vNGsGeLhIT/1xlsxrBUjuMkHO0mG7sH0tYi//ATDw283KaLnhok/DeRrfl\nOukz0O+o0xG3E7kRKez7ZXv3PVKUa2wwj5/JjyOo1S4QfgSIbjFomVhQNUPsjW8r\nyJP0q8Z0BR1BA19snAyGGiACID1k+uZfc7Ox7ikAnaYwthw8XqMnNTUKnUrcDYuJ\nUKfIShaogK4mg+SSX09YOBd47QtWCzobIz85ARxozJUyZ13fansU9yyCiT3PgjzZ\n1C+IC+IfCqEQLKlcUIFDcBcCAwEAAQ==\n-----END PUBLIC KEY-----\n',32,'2021-04-27 21:08:30','2021-04-27 21:08:30',0,0,NULL),(34,'a794e85089ca0139ad2e3fac22438ebe','user30@diaspora.internal','-----BEGIN PUBLIC KEY-----\nMIICIjANBgkqhkiG9w0BAQEFAAOCAg8AMIICCgKCAgEAtmP9Gi+vRwX75VbF90pn\nOiWGppxtB63PY9z8d27AHSnfRWNunhxHyQrHhhATymU6ixHYpWzJA5pUZ+Zkmu0q\nG3ye4GDpd3jQahlhm2Ngtf980Iz0Ijp5MBPQ4mLqrz0yGxgxmKTDjFiBH8eOZdJr\ncpf4FgO+IiUD6zzIunjLlgMFxJBaoNP5dFMpK+OtEK+uwDqpPDRpyMQbbWnTNvOK\ns4Qr6uibGTHYQF++8sVzzsBcSNGehEMM11P/sw+HnBxpDAmVcy3dIOK9L68aaqfZ\n19AE5OMB6Nj5BPBIMgDKVk5lWVj+36t1E8kRJcCzzTSOydrw5p199AF0LS7pS/vY\nmdagkeKx2OUZu3tVLDwjrcUiRm2RAaBrXC2zEJbtXjgXVIYKQ+HSzuDGWnK+8/ZQ\nj30I6i9tjrkpcRLbb7JoMN+OXyAYR1zr7rjtsiM88Xw0ocE7fSmm2BuP6BFK/Nfd\nuCIsj5pgK0WY+PDBPkLuu+TKoOY0s4gSHa416seUIxt6bErGeTyVTpjjwnKGHcvg\nFJ2sbzat8wsM3Lxr1DYQPhNxD87hcosPQUfESdgM7ZbCIZtBABIgyd1A19A+Wxd9\nK4plCzIo7tck6VljqC7Vqltuv4FINBznHDvf0jeGzoAupbOlUtooYDPSpA9BVbtp\nYul/jxTJVcBp/LELOdg6uP8CAwEAAQ==\n-----END PUBLIC KEY-----\n',33,'2021-04-27 21:08:36','2021-04-27 21:08:36',0,0,NULL);;;
/*!40000 ALTER TABLE `people` ENABLE KEYS */;;;
UNLOCK TABLES;;;

--
-- Table structure for table `photos`
--

DROP TABLE IF EXISTS `photos`;;;
/*!40101 SET @saved_cs_client     = @@character_set_client */;;;
/*!40101 SET character_set_client = utf8 */;;;
CREATE TABLE `photos` (
  `id` int(11) NOT NULL AUTO_INCREMENT,
  `author_id` int(11) NOT NULL,
  `public` tinyint(1) NOT NULL DEFAULT '0',
  `guid` varchar(255) COLLATE utf8mb4_bin NOT NULL,
  `pending` tinyint(1) NOT NULL DEFAULT '0',
  `text` text COLLATE utf8mb4_bin,
  `remote_photo_path` text COLLATE utf8mb4_bin,
  `remote_photo_name` varchar(255) COLLATE utf8mb4_bin DEFAULT NULL,
  `random_string` varchar(255) COLLATE utf8mb4_bin DEFAULT NULL,
  `processed_image` varchar(255) COLLATE utf8mb4_bin DEFAULT NULL,
  `created_at` datetime DEFAULT NULL,
  `updated_at` datetime DEFAULT NULL,
  `unprocessed_image` varchar(255) COLLATE utf8mb4_bin DEFAULT NULL,
  `status_message_guid` varchar(255) COLLATE utf8mb4_bin DEFAULT NULL,
  `comments_count` int(11) DEFAULT NULL,
  `height` int(11) DEFAULT NULL,
  `width` int(11) DEFAULT NULL,
  PRIMARY KEY (`id`),
  UNIQUE KEY `index_photos_on_guid` (`guid`(191)),
  KEY `index_photos_on_status_message_guid` (`status_message_guid`(191)),
  KEY `index_photos_on_author_id` (`author_id`)
) ENGINE=InnoDB DEFAULT CHARSET=utf8mb4 COLLATE=utf8mb4_bin;;;
/*!40101 SET character_set_client = @saved_cs_client */;;;

--
-- Dumping data for table `photos`
--

LOCK TABLES `photos` WRITE;;;
/*!40000 ALTER TABLE `photos` DISABLE KEYS */;;;
/*!40000 ALTER TABLE `photos` ENABLE KEYS */;;;
UNLOCK TABLES;;;

--
-- Table structure for table `pods`
--

DROP TABLE IF EXISTS `pods`;;;
/*!40101 SET @saved_cs_client     = @@character_set_client */;;;
/*!40101 SET character_set_client = utf8 */;;;
CREATE TABLE `pods` (
  `id` int(11) NOT NULL AUTO_INCREMENT,
  `host` varchar(255) COLLATE utf8mb4_bin NOT NULL,
  `ssl` tinyint(1) DEFAULT NULL,
  `created_at` datetime NOT NULL,
  `updated_at` datetime NOT NULL,
  `status` int(11) DEFAULT '0',
  `checked_at` datetime DEFAULT '1970-01-01 00:00:00',
  `offline_since` datetime DEFAULT NULL,
  `response_time` int(11) DEFAULT '-1',
  `software` varchar(255) COLLATE utf8mb4_bin DEFAULT NULL,
  `error` varchar(255) COLLATE utf8mb4_bin DEFAULT NULL,
  `port` int(11) DEFAULT NULL,
  `blocked` tinyint(1) DEFAULT '0',
  `scheduled_check` tinyint(1) NOT NULL DEFAULT '0',
  PRIMARY KEY (`id`),
  UNIQUE KEY `index_pods_on_host_and_port` (`host`(190),`port`),
  KEY `index_pods_on_status` (`status`),
  KEY `index_pods_on_checked_at` (`checked_at`),
  KEY `index_pods_on_offline_since` (`offline_since`)
) ENGINE=InnoDB AUTO_INCREMENT=2 DEFAULT CHARSET=utf8mb4 COLLATE=utf8mb4_bin;;;
/*!40101 SET character_set_client = @saved_cs_client */;;;

--
-- Dumping data for table `pods`
--

LOCK TABLES `pods` WRITE;;;
/*!40000 ALTER TABLE `pods` DISABLE KEYS */;;;
INSERT INTO `pods` VALUES (1,'pod.diaspora.software',1,'2021-04-05 05:48:59','2021-04-05 22:11:25',1,'1970-01-01 00:00:00',NULL,-1,NULL,NULL,NULL,0,0);;;
/*!40000 ALTER TABLE `pods` ENABLE KEYS */;;;
UNLOCK TABLES;;;

--
-- Table structure for table `poll_answers`
--

DROP TABLE IF EXISTS `poll_answers`;;;
/*!40101 SET @saved_cs_client     = @@character_set_client */;;;
/*!40101 SET character_set_client = utf8 */;;;
CREATE TABLE `poll_answers` (
  `id` int(11) NOT NULL AUTO_INCREMENT,
  `answer` varchar(255) COLLATE utf8mb4_bin NOT NULL,
  `poll_id` int(11) NOT NULL,
  `guid` varchar(255) COLLATE utf8mb4_bin DEFAULT NULL,
  `vote_count` int(11) DEFAULT '0',
  PRIMARY KEY (`id`),
  UNIQUE KEY `index_poll_answers_on_guid` (`guid`(191)),
  KEY `index_poll_answers_on_poll_id` (`poll_id`)
) ENGINE=InnoDB AUTO_INCREMENT=5 DEFAULT CHARSET=utf8mb4 COLLATE=utf8mb4_bin;;;
/*!40101 SET character_set_client = @saved_cs_client */;;;

--
-- Dumping data for table `poll_answers`
--

LOCK TABLES `poll_answers` WRITE;;;
/*!40000 ALTER TABLE `poll_answers` DISABLE KEYS */;;;
INSERT INTO `poll_answers` VALUES (1,'Good',1,'b3cb866089c20139ad2b3fac22438ebe',1),(2,'Bad',1,'b3cbfc0089c20139ad2b3fac22438ebe',1),(3,'Good',2,'f061456089d10139ad2e3fac22438ebe',15),(4,'Bad',2,'f061aa7089d10139ad2e3fac22438ebe',15);;;
/*!40000 ALTER TABLE `poll_answers` ENABLE KEYS */;;;
UNLOCK TABLES;;;

--
-- Table structure for table `poll_participation_signatures`
--

DROP TABLE IF EXISTS `poll_participation_signatures`;;;
/*!40101 SET @saved_cs_client     = @@character_set_client */;;;
/*!40101 SET character_set_client = utf8 */;;;
CREATE TABLE `poll_participation_signatures` (
  `poll_participation_id` int(11) NOT NULL,
  `author_signature` text COLLATE utf8mb4_bin NOT NULL,
  `signature_order_id` int(11) NOT NULL,
  `additional_data` text COLLATE utf8mb4_bin,
  UNIQUE KEY `index_poll_participation_signatures_on_poll_participation_id` (`poll_participation_id`),
  KEY `poll_participation_signatures_signature_orders_id_fk` (`signature_order_id`),
  CONSTRAINT `poll_participation_signatures_poll_participation_id_fk` FOREIGN KEY (`poll_participation_id`) REFERENCES `poll_participations` (`id`) ON DELETE CASCADE,
  CONSTRAINT `poll_participation_signatures_signature_orders_id_fk` FOREIGN KEY (`signature_order_id`) REFERENCES `signature_orders` (`id`)
) ENGINE=InnoDB DEFAULT CHARSET=utf8mb4 COLLATE=utf8mb4_bin;;;
/*!40101 SET character_set_client = @saved_cs_client */;;;

--
-- Dumping data for table `poll_participation_signatures`
--

LOCK TABLES `poll_participation_signatures` WRITE;;;
/*!40000 ALTER TABLE `poll_participation_signatures` DISABLE KEYS */;;;
/*!40000 ALTER TABLE `poll_participation_signatures` ENABLE KEYS */;;;
UNLOCK TABLES;;;

--
-- Table structure for table `poll_participations`
--

DROP TABLE IF EXISTS `poll_participations`;;;
/*!40101 SET @saved_cs_client     = @@character_set_client */;;;
/*!40101 SET character_set_client = utf8 */;;;
CREATE TABLE `poll_participations` (
  `id` int(11) NOT NULL AUTO_INCREMENT,
  `poll_answer_id` int(11) NOT NULL,
  `author_id` int(11) NOT NULL,
  `poll_id` int(11) NOT NULL,
  `guid` varchar(255) COLLATE utf8mb4_bin DEFAULT NULL,
  `created_at` datetime DEFAULT NULL,
  `updated_at` datetime DEFAULT NULL,
  PRIMARY KEY (`id`),
  UNIQUE KEY `index_poll_participations_on_poll_id_and_author_id` (`poll_id`,`author_id`),
  UNIQUE KEY `index_poll_participations_on_guid` (`guid`(191))
) ENGINE=InnoDB AUTO_INCREMENT=33 DEFAULT CHARSET=utf8mb4 COLLATE=utf8mb4_bin;;;
/*!40101 SET character_set_client = @saved_cs_client */;;;

--
-- Dumping data for table `poll_participations`
--

LOCK TABLES `poll_participations` WRITE;;;
/*!40000 ALTER TABLE `poll_participations` DISABLE KEYS */;;;
INSERT INTO `poll_participations` VALUES (1,2,3,1,'ecaa778089c20139ad2b3fac22438ebe','2021-04-27 20:13:16','2021-04-27 20:13:16'),(2,1,4,1,'fc8d2c5089c20139ad2b3fac22438ebe','2021-04-27 20:13:42','2021-04-27 20:13:42'),(3,3,5,2,'c2db9d0089d60139ad2e3fac22438ebe','2021-04-27 22:35:15','2021-04-27 22:35:15'),(4,4,6,2,'a395a61089d70139ad2e3fac22438ebe','2021-04-27 22:41:32','2021-04-27 22:41:32'),(5,3,7,2,'ed0cbdf089d70139ad2e3fac22438ebe','2021-04-27 22:43:36','2021-04-27 22:43:36'),(6,4,8,2,'7f4d72d089d80139ad2e3fac22438ebe','2021-04-27 22:47:41','2021-04-27 22:47:41'),(7,4,9,2,'a3d6ae2089d80139ad2e3fac22438ebe','2021-04-27 22:48:42','2021-04-27 22:48:42'),(8,3,10,2,'e75b689089d80139ad2e3fac22438ebe','2021-04-27 22:50:36','2021-04-27 22:50:36'),(9,4,11,2,'f254993089d80139ad2e3fac22438ebe','2021-04-27 22:50:54','2021-04-27 22:50:54'),(10,3,12,2,'0811a4a089d90139ad2e3fac22438ebe','2021-04-27 22:51:30','2021-04-27 22:51:30'),(11,4,13,2,'53f0c80089d90139ad2e3fac22438ebe','2021-04-27 22:53:38','2021-04-27 22:53:38'),(12,3,14,2,'5aeade3089d90139ad2e3fac22438ebe','2021-04-27 22:53:49','2021-04-27 22:53:49'),(13,4,15,2,'61833a9089d90139ad2e3fac22438ebe','2021-04-27 22:54:00','2021-04-27 22:54:00'),(14,3,16,2,'684ad45089d90139ad2e3fac22438ebe','2021-04-27 22:54:12','2021-04-27 22:54:12'),(15,4,17,2,'6f207f6089d90139ad2e3fac22438ebe','2021-04-27 22:54:23','2021-04-27 22:54:23'),(16,3,18,2,'762dc55089d90139ad2e3fac22438ebe','2021-04-27 22:54:35','2021-04-27 22:54:35'),(17,4,19,2,'7d539ad089d90139ad2e3fac22438ebe','2021-04-27 22:54:47','2021-04-27 22:54:47'),(18,3,20,2,'8483918089d90139ad2e3fac22438ebe','2021-04-27 22:54:59','2021-04-27 22:54:59'),(19,4,21,2,'8b436af089d90139ad2e3fac22438ebe','2021-04-27 22:55:10','2021-04-27 22:55:10'),(20,3,22,2,'9204f1b089d90139ad2e3fac22438ebe','2021-04-27 22:55:22','2021-04-27 22:55:22'),(21,4,23,2,'98b372d089d90139ad2e3fac22438ebe','2021-04-27 22:55:33','2021-04-27 22:55:33'),(22,3,24,2,'9f7196a089d90139ad2e3fac22438ebe','2021-04-27 22:55:44','2021-04-27 22:55:44'),(23,4,25,2,'a64ab27089d90139ad2e3fac22438ebe','2021-04-27 22:55:56','2021-04-27 22:55:56'),(24,3,26,2,'ad2c5ec089d90139ad2e3fac22438ebe','2021-04-27 22:56:07','2021-04-27 22:56:07'),(25,4,27,2,'b3eed82089d90139ad2e3fac22438ebe','2021-04-27 22:56:19','2021-04-27 22:56:19'),(26,3,28,2,'ba9a020089d90139ad2e3fac22438ebe','2021-04-27 22:56:30','2021-04-27 22:56:30'),(27,4,29,2,'c144290089d90139ad2e3fac22438ebe','2021-04-27 22:56:41','2021-04-27 22:56:41'),(28,3,30,2,'c846835089d90139ad2e3fac22438ebe','2021-04-27 22:56:53','2021-04-27 22:56:53'),(29,4,31,2,'cef8688089d90139ad2e3fac22438ebe','2021-04-27 22:57:04','2021-04-27 22:57:04'),(30,3,32,2,'d5c7e42089d90139ad2e3fac22438ebe','2021-04-27 22:57:16','2021-04-27 22:57:16'),(31,4,33,2,'dccf830089d90139ad2e3fac22438ebe','2021-04-27 22:57:27','2021-04-27 22:57:27'),(32,3,34,2,'e384375089d90139ad2e3fac22438ebe','2021-04-27 22:57:39','2021-04-27 22:57:39');;;
/*!40000 ALTER TABLE `poll_participations` ENABLE KEYS */;;;
UNLOCK TABLES;;;

--
-- Table structure for table `polls`
--

DROP TABLE IF EXISTS `polls`;;;
/*!40101 SET @saved_cs_client     = @@character_set_client */;;;
/*!40101 SET character_set_client = utf8 */;;;
CREATE TABLE `polls` (
  `id` int(11) NOT NULL AUTO_INCREMENT,
  `question` varchar(255) COLLATE utf8mb4_bin NOT NULL,
  `status_message_id` int(11) NOT NULL,
  `status` tinyint(1) DEFAULT NULL,
  `guid` varchar(255) COLLATE utf8mb4_bin DEFAULT NULL,
  `created_at` datetime DEFAULT NULL,
  `updated_at` datetime DEFAULT NULL,
  PRIMARY KEY (`id`),
  UNIQUE KEY `index_polls_on_guid` (`guid`(191)),
  KEY `index_polls_on_status_message_id` (`status_message_id`)
) ENGINE=InnoDB AUTO_INCREMENT=3 DEFAULT CHARSET=utf8mb4 COLLATE=utf8mb4_bin;;;
/*!40101 SET character_set_client = @saved_cs_client */;;;

--
-- Dumping data for table `polls`
--

LOCK TABLES `polls` WRITE;;;
/*!40000 ALTER TABLE `polls` DISABLE KEYS */;;;
INSERT INTO `polls` VALUES (1,'How\'s the weather today?',10,NULL,'b3c8cd3089c20139ad2b3fac22438ebe','2021-04-27 20:11:40','2021-04-27 20:11:40'),(2,'How\'s the weather today?',42,NULL,'f060f49089d10139ad2e3fac22438ebe','2021-04-27 22:00:44','2021-04-27 22:00:44');;;
/*!40000 ALTER TABLE `polls` ENABLE KEYS */;;;
UNLOCK TABLES;;;

--
-- Table structure for table `posts`
--

DROP TABLE IF EXISTS `posts`;;;
/*!40101 SET @saved_cs_client     = @@character_set_client */;;;
/*!40101 SET character_set_client = utf8 */;;;
CREATE TABLE `posts` (
  `id` int(11) NOT NULL AUTO_INCREMENT,
  `author_id` int(11) NOT NULL,
  `public` tinyint(1) NOT NULL DEFAULT '0',
  `guid` varchar(255) COLLATE utf8mb4_bin NOT NULL,
  `type` varchar(40) COLLATE utf8mb4_bin NOT NULL,
  `text` text COLLATE utf8mb4_bin,
  `created_at` datetime NOT NULL,
  `updated_at` datetime NOT NULL,
  `provider_display_name` varchar(255) COLLATE utf8mb4_bin DEFAULT NULL,
  `root_guid` varchar(255) COLLATE utf8mb4_bin DEFAULT NULL,
  `likes_count` int(11) DEFAULT '0',
  `comments_count` int(11) DEFAULT '0',
  `o_embed_cache_id` int(11) DEFAULT NULL,
  `reshares_count` int(11) DEFAULT '0',
  `interacted_at` datetime DEFAULT NULL,
  `tweet_id` varchar(255) COLLATE utf8mb4_bin DEFAULT NULL,
  `open_graph_cache_id` int(11) DEFAULT NULL,
  `tumblr_ids` text COLLATE utf8mb4_bin,
  PRIMARY KEY (`id`),
  UNIQUE KEY `index_posts_on_guid` (`guid`(191)),
  UNIQUE KEY `index_posts_on_author_id_and_root_guid` (`author_id`,`root_guid`(190)),
  KEY `index_posts_on_id_and_type` (`id`,`type`),
  KEY `index_posts_on_person_id` (`author_id`),
  KEY `index_posts_on_root_guid` (`root_guid`(191)),
  KEY `index_posts_on_created_at_and_id` (`created_at`,`id`),
  CONSTRAINT `posts_author_id_fk` FOREIGN KEY (`author_id`) REFERENCES `people` (`id`) ON DELETE CASCADE
) ENGINE=InnoDB AUTO_INCREMENT=73 DEFAULT CHARSET=utf8mb4 COLLATE=utf8mb4_bin;;;
/*!40101 SET character_set_client = @saved_cs_client */;;;

--
-- Dumping data for table `posts`
--

LOCK TABLES `posts` WRITE;;;
/*!40000 ALTER TABLE `posts` DISABLE KEYS */;;;
INSERT INTO `posts` VALUES (1,1,1,'9f92ad2078000139094f04f6bbd7efa7','StatusMessage','Hey everyone, Im #newhere. Im interested in #art and #movies. ','2021-04-05 05:49:34','2021-04-05 05:49:34',NULL,NULL,0,0,NULL,0,'2021-04-05 05:49:34',NULL,NULL,NULL),(2,1,1,'ad95f90078000139094f04f6bbd7efa7','StatusMessage','I\'m the first one here!','2021-04-05 05:49:58','2021-04-27 20:04:14',NULL,NULL,1,3,NULL,1,'2021-04-27 20:04:14',NULL,NULL,NULL),(3,1,0,'be3efa80788a01391ff425cddab01cda','StatusMessage','Here\'s a tweet: https://twitter.com/schemeprincess/status/1376647975896719364','2021-04-05 22:18:16','2021-04-05 22:18:16',NULL,NULL,0,0,1,0,'2021-04-05 22:18:16',NULL,NULL,NULL),(4,3,1,'46d948707ae60139ec3e5db4b3e77b69','StatusMessage','Hey everyone, Im #newhere. Im interested in #java and #ruby. ','2021-04-08 22:18:32','2021-04-08 22:18:32',NULL,NULL,0,0,NULL,0,'2021-04-08 22:18:32',NULL,NULL,NULL),(5,3,1,'a543161085be0139d9b00332c98ff823','Reshare','I\'m the first one here!','2021-04-22 17:32:33','2021-04-22 17:32:33',NULL,'ad95f90078000139094f04f6bbd7efa7',0,0,NULL,0,'2021-04-22 17:32:33',NULL,NULL,NULL),(6,4,1,'91117e10888e01392c0a01764da2a31a','StatusMessage','Hey everyone, Im #newhere. Im interested in #movies and #ruby. ','2021-04-26 07:25:57','2021-04-26 07:25:57',NULL,NULL,0,0,NULL,0,'2021-04-26 07:25:57',NULL,NULL,NULL),(7,4,0,'14471b40888f01392c0a01764da2a31a','StatusMessage','Here\'s a post for my family.','2021-04-26 07:29:37','2021-04-26 07:29:37',NULL,NULL,0,0,NULL,0,'2021-04-26 07:29:37',NULL,NULL,NULL),(8,3,0,'77ff6e70888f01392c0a01764da2a31a','StatusMessage','Family?','2021-04-26 07:32:24','2021-04-26 07:32:24',NULL,NULL,0,0,NULL,0,'2021-04-26 07:32:24',NULL,NULL,NULL),(9,3,0,'a2faa140888f01392c0a01764da2a31a','StatusMessage','Can Jane see my post?','2021-04-26 07:33:36','2021-04-26 07:33:36',NULL,NULL,0,0,NULL,0,'2021-04-26 07:33:36',NULL,NULL,NULL),(10,1,1,'b3c6e15089c20139ad2b3fac22438ebe','StatusMessage','this is a photo','2021-04-27 20:11:40','2021-04-27 20:13:51',NULL,NULL,2,3,NULL,1,'2021-04-27 20:13:51',NULL,NULL,NULL),(11,3,1,'e9861a7089c20139ad2b3fac22438ebe','Reshare','this is a photo','2021-04-27 20:13:10','2021-04-27 20:13:10',NULL,'b3c6e15089c20139ad2b3fac22438ebe',0,0,NULL,0,'2021-04-27 20:13:10',NULL,NULL,NULL),(12,5,1,'f9a5bb9089c60139ad2e3fac22438ebe','StatusMessage','Hey everyone, Im #newhere. Im interested in #gif. ','2021-04-27 20:42:15','2021-04-27 20:42:15',NULL,NULL,0,0,NULL,0,'2021-04-27 20:42:15',NULL,NULL,NULL),(13,6,1,'1f9c116089c70139ad2e3fac22438ebe','StatusMessage','Hey everyone, Im #newhere. Im interested in #berkeley. [User 2]','2021-04-27 20:43:19','2021-04-27 20:43:19',NULL,NULL,0,0,NULL,0,'2021-04-27 20:43:19',NULL,NULL,NULL),(14,7,1,'813fa07089c80139ad2e3fac22438ebe','StatusMessage','Hey everyone, Im #newhere. Im interested in #berkeley. [User 3]','2021-04-27 20:53:12','2021-04-27 20:53:12',NULL,NULL,0,0,NULL,0,'2021-04-27 20:53:12',NULL,NULL,NULL),(15,8,1,'ea7b045089c80139ad2e3fac22438ebe','StatusMessage','Hey everyone, Im #newhere. Im interested in #berkeley. [User 4]','2021-04-27 20:56:09','2021-04-27 20:56:09',NULL,NULL,0,0,NULL,0,'2021-04-27 20:56:09',NULL,NULL,NULL),(16,9,1,'072e472089c90139ad2e3fac22438ebe','StatusMessage','Hey everyone, Im #newhere. Im interested in #berkeley. [User 5]','2021-04-27 20:56:57','2021-04-27 20:56:57',NULL,NULL,0,0,NULL,0,'2021-04-27 20:56:57',NULL,NULL,NULL),(17,10,1,'2b36fcd089c90139ad2e3fac22438ebe','StatusMessage','Hey everyone, Im #newhere. Im interested in #berkeley. [User 6]','2021-04-27 20:57:57','2021-04-27 20:57:57',NULL,NULL,0,0,NULL,0,'2021-04-27 20:57:57',NULL,NULL,NULL),(18,11,1,'a2c3040089c90139ad2e3fac22438ebe','StatusMessage','Hey everyone, Im #newhere. Im interested in #berkeley. [User 7]','2021-04-27 21:01:18','2021-04-27 21:01:18',NULL,NULL,0,0,NULL,0,'2021-04-27 21:01:18',NULL,NULL,NULL),(19,12,1,'b9a12f0089c90139ad2e3fac22438ebe','StatusMessage','Hey everyone, Im #newhere. Im interested in #berkeley. [User 8]','2021-04-27 21:01:56','2021-04-27 21:01:56',NULL,NULL,0,0,NULL,0,'2021-04-27 21:01:56',NULL,NULL,NULL),(20,13,1,'cadf05c089c90139ad2e3fac22438ebe','StatusMessage','Hey everyone, Im #newhere. Im interested in #berkeley. [User 9]','2021-04-27 21:02:25','2021-04-27 21:02:25',NULL,NULL,0,0,NULL,0,'2021-04-27 21:02:25',NULL,NULL,NULL),(21,14,1,'f5c5eb7089c90139ad2e3fac22438ebe','StatusMessage','Hey everyone, Im #newhere. [User 10]','2021-04-27 21:03:37','2021-04-27 21:03:37',NULL,NULL,0,0,NULL,0,'2021-04-27 21:03:37',NULL,NULL,NULL),(22,15,1,'fa5d1f6089c90139ad2e3fac22438ebe','StatusMessage','Hey everyone, Im #newhere. Im interested in #berkeley. [User 11]','2021-04-27 21:03:45','2021-04-27 21:03:45',NULL,NULL,0,0,NULL,0,'2021-04-27 21:03:45',NULL,NULL,NULL),(23,16,1,'fe768a9089c90139ad2e3fac22438ebe','StatusMessage','Hey everyone, Im #newhere. Im interested in #berkeley. [User 12]','2021-04-27 21:03:52','2021-04-27 21:03:52',NULL,NULL,0,0,NULL,0,'2021-04-27 21:03:52',NULL,NULL,NULL),(24,17,1,'027476b089ca0139ad2e3fac22438ebe','StatusMessage','Hey everyone, Im #newhere. Im interested in #berkeley. [User 13]','2021-04-27 21:03:59','2021-04-27 21:03:59',NULL,NULL,0,0,NULL,0,'2021-04-27 21:03:59',NULL,NULL,NULL),(25,18,1,'4fdf302089ca0139ad2e3fac22438ebe','StatusMessage','Hey everyone, Im #newhere. Im interested in #berkeley. [User 14]','2021-04-27 21:06:08','2021-04-27 21:06:08',NULL,NULL,0,0,NULL,0,'2021-04-27 21:06:08',NULL,NULL,NULL),(26,19,1,'685980d089ca0139ad2e3fac22438ebe','StatusMessage','Hey everyone, Im #newhere. Im interested in #berkeley. [User 15]','2021-04-27 21:06:49','2021-04-27 21:06:49',NULL,NULL,0,0,NULL,0,'2021-04-27 21:06:49',NULL,NULL,NULL),(27,20,1,'6c23d01089ca0139ad2e3fac22438ebe','StatusMessage','Hey everyone, Im #newhere. Im interested in #berkeley. [User 16]','2021-04-27 21:06:56','2021-04-27 21:06:56',NULL,NULL,0,0,NULL,0,'2021-04-27 21:06:56',NULL,NULL,NULL),(28,21,1,'7037b22089ca0139ad2e3fac22438ebe','StatusMessage','Hey everyone, Im #newhere. Im interested in #berkeley. [User 17]','2021-04-27 21:07:03','2021-04-27 21:07:03',NULL,NULL,0,0,NULL,0,'2021-04-27 21:07:03',NULL,NULL,NULL),(29,22,1,'7527ad7089ca0139ad2e3fac22438ebe','StatusMessage','Hey everyone, Im #newhere. Im interested in #berkeley. [User 18]','2021-04-27 21:07:11','2021-04-27 21:07:11',NULL,NULL,0,0,NULL,0,'2021-04-27 21:07:11',NULL,NULL,NULL),(30,23,1,'7981b0b089ca0139ad2e3fac22438ebe','StatusMessage','Hey everyone, Im #newhere. Im interested in #berkeley. [User 19]','2021-04-27 21:07:18','2021-04-27 21:07:18',NULL,NULL,0,0,NULL,0,'2021-04-27 21:07:18',NULL,NULL,NULL),(31,24,1,'7dc1bda089ca0139ad2e3fac22438ebe','StatusMessage','Hey everyone, Im #newhere. Im interested in #berkeley. [User 20]','2021-04-27 21:07:25','2021-04-27 21:07:25',NULL,NULL,0,0,NULL,0,'2021-04-27 21:07:25',NULL,NULL,NULL),(32,25,1,'81d954b089ca0139ad2e3fac22438ebe','StatusMessage','Hey everyone, Im #newhere. Im interested in #berkeley. [User 21]','2021-04-27 21:07:32','2021-04-27 21:07:32',NULL,NULL,0,0,NULL,0,'2021-04-27 21:07:32',NULL,NULL,NULL),(33,26,1,'86cbf34089ca0139ad2e3fac22438ebe','StatusMessage','Hey everyone, Im #newhere. Im interested in #berkeley. [User 22]','2021-04-27 21:07:41','2021-04-27 21:07:41',NULL,NULL,0,0,NULL,0,'2021-04-27 21:07:41',NULL,NULL,NULL),(34,27,1,'8b282cc089ca0139ad2e3fac22438ebe','StatusMessage','Hey everyone, Im #newhere. Im interested in #berkeley. [User 23]','2021-04-27 21:07:48','2021-04-27 21:07:48',NULL,NULL,0,0,NULL,0,'2021-04-27 21:07:48',NULL,NULL,NULL),(35,28,1,'8ee52ab089ca0139ad2e3fac22438ebe','StatusMessage','Hey everyone, Im #newhere. Im interested in #berkeley. [User 24]','2021-04-27 21:07:54','2021-04-27 21:07:54',NULL,NULL,0,0,NULL,0,'2021-04-27 21:07:54',NULL,NULL,NULL),(36,29,1,'931de98089ca0139ad2e3fac22438ebe','StatusMessage','Hey everyone, Im #newhere. Im interested in #berkeley. [User 25]','2021-04-27 21:08:01','2021-04-27 21:08:01',NULL,NULL,0,0,NULL,0,'2021-04-27 21:08:01',NULL,NULL,NULL),(37,30,1,'9729ee1089ca0139ad2e3fac22438ebe','StatusMessage','Hey everyone, Im #newhere. Im interested in #berkeley. [User 26]','2021-04-27 21:08:08','2021-04-27 21:08:08',NULL,NULL,0,0,NULL,0,'2021-04-27 21:08:08',NULL,NULL,NULL),(38,31,1,'9c25999089ca0139ad2e3fac22438ebe','StatusMessage','Hey everyone, Im #newhere. Im interested in #berkeley. [User 27]','2021-04-27 21:08:16','2021-04-27 21:08:16',NULL,NULL,0,0,NULL,0,'2021-04-27 21:08:16',NULL,NULL,NULL),(39,32,1,'a01aa7c089ca0139ad2e3fac22438ebe','StatusMessage','Hey everyone, Im #newhere. Im interested in #berkeley. [User 28]','2021-04-27 21:08:23','2021-04-27 21:08:23',NULL,NULL,0,0,NULL,0,'2021-04-27 21:08:23',NULL,NULL,NULL),(40,33,1,'a51b053089ca0139ad2e3fac22438ebe','StatusMessage','Hey everyone, Im #newhere. Im interested in #berkeley. [User 29]','2021-04-27 21:08:31','2021-04-27 21:08:31',NULL,NULL,0,0,NULL,0,'2021-04-27 21:08:31',NULL,NULL,NULL),(41,34,1,'a920f6f089ca0139ad2e3fac22438ebe','StatusMessage','Hey everyone, Im #newhere. Im interested in #berkeley. [User 30]','2021-04-27 21:08:38','2021-04-27 21:08:38',NULL,NULL,0,0,NULL,0,'2021-04-27 21:08:38',NULL,NULL,NULL),(42,3,1,'f060a33089d10139ad2e3fac22438ebe','StatusMessage','Take a poll!','2021-04-27 22:00:44','2021-04-27 22:57:40',NULL,NULL,30,30,NULL,30,'2021-04-27 22:57:40',NULL,NULL,NULL),(43,5,1,'becff74089d60139ad2e3fac22438ebe','Reshare','Take a poll!','2021-04-27 22:35:08','2021-04-27 22:35:08',NULL,'f060a33089d10139ad2e3fac22438ebe',0,0,NULL,0,'2021-04-27 22:35:08',NULL,NULL,NULL),(44,6,1,'a04b94a089d70139ad2e3fac22438ebe','Reshare','Take a poll!','2021-04-27 22:41:27','2021-04-27 22:41:27',NULL,'f060a33089d10139ad2e3fac22438ebe',0,0,NULL,0,'2021-04-27 22:41:27',NULL,NULL,NULL),(45,7,1,'bec928c089d70139ad2e3fac22438ebe','Reshare','Take a poll!','2021-04-27 22:42:18','2021-04-27 22:42:18',NULL,'f060a33089d10139ad2e3fac22438ebe',0,0,NULL,0,'2021-04-27 22:42:18',NULL,NULL,NULL),(46,8,1,'fb5a287089d70139ad2e3fac22438ebe','Reshare','Take a poll!','2021-04-27 22:44:00','2021-04-27 22:44:00',NULL,'f060a33089d10139ad2e3fac22438ebe',0,0,NULL,0,'2021-04-27 22:44:00',NULL,NULL,NULL),(47,9,1,'27e8622089d80139ad2e3fac22438ebe','Reshare','Take a poll!','2021-04-27 22:45:14','2021-04-27 22:45:14',NULL,'f060a33089d10139ad2e3fac22438ebe',0,0,NULL,0,'2021-04-27 22:45:14',NULL,NULL,NULL),(48,10,1,'e730dfe089d80139ad2e3fac22438ebe','Reshare','Take a poll!','2021-04-27 22:50:35','2021-04-27 22:50:35',NULL,'f060a33089d10139ad2e3fac22438ebe',0,0,NULL,0,'2021-04-27 22:50:35',NULL,NULL,NULL),(49,11,1,'f22b5be089d80139ad2e3fac22438ebe','Reshare','Take a poll!','2021-04-27 22:50:54','2021-04-27 22:50:54',NULL,'f060a33089d10139ad2e3fac22438ebe',0,0,NULL,0,'2021-04-27 22:50:54',NULL,NULL,NULL),(50,12,1,'07e3342089d90139ad2e3fac22438ebe','Reshare','Take a poll!','2021-04-27 22:51:30','2021-04-27 22:51:30',NULL,'f060a33089d10139ad2e3fac22438ebe',0,0,NULL,0,'2021-04-27 22:51:30',NULL,NULL,NULL),(51,13,1,'53c12a9089d90139ad2e3fac22438ebe','Reshare','Take a poll!','2021-04-27 22:53:37','2021-04-27 22:53:37',NULL,'f060a33089d10139ad2e3fac22438ebe',0,0,NULL,0,'2021-04-27 22:53:37',NULL,NULL,NULL),(52,14,1,'5ab88d9089d90139ad2e3fac22438ebe','Reshare','Take a poll!','2021-04-27 22:53:49','2021-04-27 22:53:49',NULL,'f060a33089d10139ad2e3fac22438ebe',0,0,NULL,0,'2021-04-27 22:53:49',NULL,NULL,NULL),(53,15,1,'61521bd089d90139ad2e3fac22438ebe','Reshare','Take a poll!','2021-04-27 22:54:00','2021-04-27 22:54:00',NULL,'f060a33089d10139ad2e3fac22438ebe',0,0,NULL,0,'2021-04-27 22:54:00',NULL,NULL,NULL),(54,16,1,'681253a089d90139ad2e3fac22438ebe','Reshare','Take a poll!','2021-04-27 22:54:11','2021-04-27 22:54:11',NULL,'f060a33089d10139ad2e3fac22438ebe',0,0,NULL,0,'2021-04-27 22:54:11',NULL,NULL,NULL),(55,17,1,'6ee3e4f089d90139ad2e3fac22438ebe','Reshare','Take a poll!','2021-04-27 22:54:23','2021-04-27 22:54:23',NULL,'f060a33089d10139ad2e3fac22438ebe',0,0,NULL,0,'2021-04-27 22:54:23',NULL,NULL,NULL),(56,18,1,'75f8993089d90139ad2e3fac22438ebe','Reshare','Take a poll!','2021-04-27 22:54:35','2021-04-27 22:54:35',NULL,'f060a33089d10139ad2e3fac22438ebe',0,0,NULL,0,'2021-04-27 22:54:35',NULL,NULL,NULL),(57,19,1,'7d19297089d90139ad2e3fac22438ebe','Reshare','Take a poll!','2021-04-27 22:54:47','2021-04-27 22:54:47',NULL,'f060a33089d10139ad2e3fac22438ebe',0,0,NULL,0,'2021-04-27 22:54:47',NULL,NULL,NULL),(58,20,1,'844bccd089d90139ad2e3fac22438ebe','Reshare','Take a poll!','2021-04-27 22:54:59','2021-04-27 22:54:59',NULL,'f060a33089d10139ad2e3fac22438ebe',0,0,NULL,0,'2021-04-27 22:54:59',NULL,NULL,NULL),(59,21,1,'8b085d9089d90139ad2e3fac22438ebe','Reshare','Take a poll!','2021-04-27 22:55:10','2021-04-27 22:55:10',NULL,'f060a33089d10139ad2e3fac22438ebe',0,0,NULL,0,'2021-04-27 22:55:10',NULL,NULL,NULL),(60,22,1,'91c7cc1089d90139ad2e3fac22438ebe','Reshare','Take a poll!','2021-04-27 22:55:21','2021-04-27 22:55:21',NULL,'f060a33089d10139ad2e3fac22438ebe',0,0,NULL,0,'2021-04-27 22:55:21',NULL,NULL,NULL),(61,23,1,'98734bb089d90139ad2e3fac22438ebe','Reshare','Take a poll!','2021-04-27 22:55:33','2021-04-27 22:55:33',NULL,'f060a33089d10139ad2e3fac22438ebe',0,0,NULL,0,'2021-04-27 22:55:33',NULL,NULL,NULL),(62,24,1,'9f2f52a089d90139ad2e3fac22438ebe','Reshare','Take a poll!','2021-04-27 22:55:44','2021-04-27 22:55:44',NULL,'f060a33089d10139ad2e3fac22438ebe',0,0,NULL,0,'2021-04-27 22:55:44',NULL,NULL,NULL),(63,25,1,'a60aaea089d90139ad2e3fac22438ebe','Reshare','Take a poll!','2021-04-27 22:55:55','2021-04-27 22:55:55',NULL,'f060a33089d10139ad2e3fac22438ebe',0,0,NULL,0,'2021-04-27 22:55:55',NULL,NULL,NULL),(64,26,1,'aced0f8089d90139ad2e3fac22438ebe','Reshare','Take a poll!','2021-04-27 22:56:07','2021-04-27 22:56:07',NULL,'f060a33089d10139ad2e3fac22438ebe',0,0,NULL,0,'2021-04-27 22:56:07',NULL,NULL,NULL),(65,27,1,'b3b4078089d90139ad2e3fac22438ebe','Reshare','Take a poll!','2021-04-27 22:56:18','2021-04-27 22:56:18',NULL,'f060a33089d10139ad2e3fac22438ebe',0,0,NULL,0,'2021-04-27 22:56:18',NULL,NULL,NULL),(66,28,1,'ba597b7089d90139ad2e3fac22438ebe','Reshare','Take a poll!','2021-04-27 22:56:29','2021-04-27 22:56:29',NULL,'f060a33089d10139ad2e3fac22438ebe',0,0,NULL,0,'2021-04-27 22:56:29',NULL,NULL,NULL),(67,29,1,'c105cda089d90139ad2e3fac22438ebe','Reshare','Take a poll!','2021-04-27 22:56:41','2021-04-27 22:56:41',NULL,'f060a33089d10139ad2e3fac22438ebe',0,0,NULL,0,'2021-04-27 22:56:41',NULL,NULL,NULL),(68,30,1,'c806a92089d90139ad2e3fac22438ebe','Reshare','Take a poll!','2021-04-27 22:56:52','2021-04-27 22:56:52',NULL,'f060a33089d10139ad2e3fac22438ebe',0,0,NULL,0,'2021-04-27 22:56:52',NULL,NULL,NULL),(69,31,1,'ceb98b4089d90139ad2e3fac22438ebe','Reshare','Take a poll!','2021-04-27 22:57:04','2021-04-27 22:57:04',NULL,'f060a33089d10139ad2e3fac22438ebe',0,0,NULL,0,'2021-04-27 22:57:04',NULL,NULL,NULL),(70,32,1,'d57fd39089d90139ad2e3fac22438ebe','Reshare','Take a poll!','2021-04-27 22:57:15','2021-04-27 22:57:15',NULL,'f060a33089d10139ad2e3fac22438ebe',0,0,NULL,0,'2021-04-27 22:57:15',NULL,NULL,NULL),(71,33,1,'dc8e50a089d90139ad2e3fac22438ebe','Reshare','Take a poll!','2021-04-27 22:57:27','2021-04-27 22:57:27',NULL,'f060a33089d10139ad2e3fac22438ebe',0,0,NULL,0,'2021-04-27 22:57:27',NULL,NULL,NULL),(72,34,1,'e33ff85089d90139ad2e3fac22438ebe','Reshare','Take a poll!','2021-04-27 22:57:38','2021-04-27 22:57:38',NULL,'f060a33089d10139ad2e3fac22438ebe',0,0,NULL,0,'2021-04-27 22:57:38',NULL,NULL,NULL);;;
/*!40000 ALTER TABLE `posts` ENABLE KEYS */;;;
UNLOCK TABLES;;;

--
-- Table structure for table `ppid`
--

DROP TABLE IF EXISTS `ppid`;;;
/*!40101 SET @saved_cs_client     = @@character_set_client */;;;
/*!40101 SET character_set_client = utf8 */;;;
CREATE TABLE `ppid` (
  `id` int(11) NOT NULL AUTO_INCREMENT,
  `o_auth_application_id` int(11) DEFAULT NULL,
  `user_id` int(11) DEFAULT NULL,
  `guid` varchar(32) COLLATE utf8mb4_bin DEFAULT NULL,
  `identifier` varchar(255) COLLATE utf8mb4_bin DEFAULT NULL,
  PRIMARY KEY (`id`),
  KEY `index_ppid_on_o_auth_application_id` (`o_auth_application_id`),
  KEY `index_ppid_on_user_id` (`user_id`),
  CONSTRAINT `fk_rails_150457f962` FOREIGN KEY (`o_auth_application_id`) REFERENCES `o_auth_applications` (`id`),
  CONSTRAINT `fk_rails_e6b8e5264f` FOREIGN KEY (`user_id`) REFERENCES `users` (`id`)
) ENGINE=InnoDB DEFAULT CHARSET=utf8mb4 COLLATE=utf8mb4_bin;;;
/*!40101 SET character_set_client = @saved_cs_client */;;;

--
-- Dumping data for table `ppid`
--

LOCK TABLES `ppid` WRITE;;;
/*!40000 ALTER TABLE `ppid` DISABLE KEYS */;;;
/*!40000 ALTER TABLE `ppid` ENABLE KEYS */;;;
UNLOCK TABLES;;;

--
-- Table structure for table `profiles`
--

DROP TABLE IF EXISTS `profiles`;;;
/*!40101 SET @saved_cs_client     = @@character_set_client */;;;
/*!40101 SET character_set_client = utf8 */;;;
CREATE TABLE `profiles` (
  `id` int(11) NOT NULL AUTO_INCREMENT,
  `diaspora_handle` varchar(255) COLLATE utf8mb4_bin DEFAULT NULL,
  `first_name` varchar(127) COLLATE utf8mb4_bin DEFAULT NULL,
  `last_name` varchar(127) COLLATE utf8mb4_bin DEFAULT NULL,
  `image_url` varchar(255) COLLATE utf8mb4_bin DEFAULT NULL,
  `image_url_small` varchar(255) COLLATE utf8mb4_bin DEFAULT NULL,
  `image_url_medium` varchar(255) COLLATE utf8mb4_bin DEFAULT NULL,
  `birthday` date DEFAULT NULL,
  `gender` varchar(255) COLLATE utf8mb4_bin DEFAULT NULL,
  `bio` text COLLATE utf8mb4_bin,
  `searchable` tinyint(1) NOT NULL DEFAULT '1',
  `person_id` int(11) NOT NULL,
  `created_at` datetime NOT NULL,
  `updated_at` datetime NOT NULL,
  `location` varchar(255) COLLATE utf8mb4_bin DEFAULT NULL,
  `full_name` varchar(70) COLLATE utf8mb4_bin DEFAULT NULL,
  `nsfw` tinyint(1) DEFAULT '0',
  `public_details` tinyint(1) DEFAULT '0',
  PRIMARY KEY (`id`),
  KEY `index_profiles_on_full_name_and_searchable` (`full_name`,`searchable`),
  KEY `index_profiles_on_full_name` (`full_name`),
  KEY `index_profiles_on_person_id` (`person_id`),
  CONSTRAINT `profiles_person_id_fk` FOREIGN KEY (`person_id`) REFERENCES `people` (`id`) ON DELETE CASCADE
) ENGINE=InnoDB AUTO_INCREMENT=35 DEFAULT CHARSET=utf8mb4 COLLATE=utf8mb4_bin;;;
/*!40101 SET character_set_client = @saved_cs_client */;;;

--
-- Dumping data for table `profiles`
--

LOCK TABLES `profiles` WRITE;;;
/*!40000 ALTER TABLE `profiles` DISABLE KEYS */;;;
INSERT INTO `profiles` VALUES (1,NULL,'Wen Zhang',NULL,NULL,NULL,NULL,NULL,NULL,NULL,0,1,'2021-04-05 05:48:58','2021-04-05 05:49:11',NULL,'wen zhang',0,0),(2,NULL,'diaspora* HQ',NULL,'https://pod.diaspora.software/uploads/images/thumb_large_3e5b0cbd394346a7e5ca.png','https://pod.diaspora.software/uploads/images/thumb_small_3e5b0cbd394346a7e5ca.png','https://pod.diaspora.software/uploads/images/thumb_medium_3e5b0cbd394346a7e5ca.png',NULL,NULL,NULL,1,2,'2021-04-05 05:48:59','2021-04-05 05:48:59',NULL,'diaspora* hq',0,0),(3,NULL,'John Doe','',NULL,NULL,NULL,NULL,'','',0,3,'2021-04-08 22:18:11','2021-04-27 20:44:19','','john doe',0,0),(4,NULL,'Jane Doe',NULL,NULL,NULL,NULL,NULL,NULL,NULL,0,4,'2021-04-26 07:25:36','2021-04-26 07:25:41',NULL,'jane doe',0,0),(5,NULL,'User1',NULL,NULL,NULL,NULL,NULL,NULL,NULL,0,5,'2021-04-27 20:36:03','2021-04-27 20:38:24',NULL,'user1',0,0),(6,NULL,'User2',NULL,NULL,NULL,NULL,NULL,NULL,NULL,0,6,'2021-04-27 20:42:59','2021-04-27 20:43:07',NULL,'user2',0,0),(7,NULL,'User3',NULL,NULL,NULL,NULL,NULL,NULL,NULL,0,7,'2021-04-27 20:52:16','2021-04-27 20:52:44',NULL,'user3',0,0),(8,NULL,'User4',NULL,NULL,NULL,NULL,NULL,NULL,NULL,0,8,'2021-04-27 20:55:32','2021-04-27 20:55:59',NULL,'user4',0,0),(9,NULL,'User5',NULL,NULL,NULL,NULL,NULL,NULL,NULL,0,9,'2021-04-27 20:56:28','2021-04-27 20:56:48',NULL,'user5',0,0),(10,NULL,'User6',NULL,NULL,NULL,NULL,NULL,NULL,NULL,0,10,'2021-04-27 20:57:30','2021-04-27 20:57:39',NULL,'user6',0,0),(11,NULL,'User7',NULL,NULL,NULL,NULL,NULL,NULL,NULL,0,11,'2021-04-27 21:01:03','2021-04-27 21:01:07',NULL,'user7',0,0),(12,NULL,'User8',NULL,NULL,NULL,NULL,NULL,NULL,NULL,0,12,'2021-04-27 21:01:54','2021-04-27 21:01:55',NULL,'user8',0,0),(13,NULL,'User9',NULL,NULL,NULL,NULL,NULL,NULL,NULL,0,13,'2021-04-27 21:02:23','2021-04-27 21:02:24',NULL,'user9',0,0),(14,NULL,'User10',NULL,NULL,NULL,NULL,NULL,NULL,NULL,0,14,'2021-04-27 21:03:35','2021-04-27 21:03:36',NULL,'user10',0,0),(15,NULL,'User11',NULL,NULL,NULL,NULL,NULL,NULL,NULL,0,15,'2021-04-27 21:03:43','2021-04-27 21:03:44',NULL,'user11',0,0),(16,NULL,'User12',NULL,NULL,NULL,NULL,NULL,NULL,NULL,0,16,'2021-04-27 21:03:50','2021-04-27 21:03:51',NULL,'user12',0,0),(17,NULL,'User13',NULL,NULL,NULL,NULL,NULL,NULL,NULL,0,17,'2021-04-27 21:03:57','2021-04-27 21:03:57',NULL,'user13',0,0),(18,NULL,'User14',NULL,NULL,NULL,NULL,NULL,NULL,NULL,0,18,'2021-04-27 21:04:03','2021-04-27 21:04:04',NULL,'user14',0,0),(19,NULL,'User15',NULL,NULL,NULL,NULL,NULL,NULL,NULL,0,19,'2021-04-27 21:06:48','2021-04-27 21:06:48',NULL,'user15',0,0),(20,NULL,'User16',NULL,NULL,NULL,NULL,NULL,NULL,NULL,0,20,'2021-04-27 21:06:54','2021-04-27 21:06:55',NULL,'user16',0,0),(21,NULL,'User17',NULL,NULL,NULL,NULL,NULL,NULL,NULL,0,21,'2021-04-27 21:07:01','2021-04-27 21:07:01',NULL,'user17',0,0),(22,NULL,'User18',NULL,NULL,NULL,NULL,NULL,NULL,NULL,0,22,'2021-04-27 21:07:09','2021-04-27 21:07:10',NULL,'user18',0,0),(23,NULL,'User19',NULL,NULL,NULL,NULL,NULL,NULL,NULL,0,23,'2021-04-27 21:07:16','2021-04-27 21:07:17',NULL,'user19',0,0),(24,NULL,'User20',NULL,NULL,NULL,NULL,NULL,NULL,NULL,0,24,'2021-04-27 21:07:24','2021-04-27 21:07:24',NULL,'user20',0,0),(25,NULL,'User21',NULL,NULL,NULL,NULL,NULL,NULL,NULL,0,25,'2021-04-27 21:07:30','2021-04-27 21:07:31',NULL,'user21',0,0),(26,NULL,'User22',NULL,NULL,NULL,NULL,NULL,NULL,NULL,0,26,'2021-04-27 21:07:38','2021-04-27 21:07:39',NULL,'user22',0,0),(27,NULL,'User23',NULL,NULL,NULL,NULL,NULL,NULL,NULL,0,27,'2021-04-27 21:07:46','2021-04-27 21:07:47',NULL,'user23',0,0),(28,NULL,'User24',NULL,NULL,NULL,NULL,NULL,NULL,NULL,0,28,'2021-04-27 21:07:52','2021-04-27 21:07:53',NULL,'user24',0,0),(29,NULL,'User25',NULL,NULL,NULL,NULL,NULL,NULL,NULL,0,29,'2021-04-27 21:07:59','2021-04-27 21:08:00',NULL,'user25',0,0),(30,NULL,'User26',NULL,NULL,NULL,NULL,NULL,NULL,NULL,0,30,'2021-04-27 21:08:06','2021-04-27 21:08:07',NULL,'user26',0,0),(31,NULL,'User27',NULL,NULL,NULL,NULL,NULL,NULL,NULL,0,31,'2021-04-27 21:08:15','2021-04-27 21:08:15',NULL,'user27',0,0),(32,NULL,'User28',NULL,NULL,NULL,NULL,NULL,NULL,NULL,0,32,'2021-04-27 21:08:21','2021-04-27 21:08:22',NULL,'user28',0,0),(33,NULL,'User29',NULL,NULL,NULL,NULL,NULL,NULL,NULL,0,33,'2021-04-27 21:08:30','2021-04-27 21:08:30',NULL,'user29',0,0),(34,NULL,'User30',NULL,NULL,NULL,NULL,NULL,NULL,NULL,0,34,'2021-04-27 21:08:36','2021-04-27 21:08:37',NULL,'user30',0,0);;;
/*!40000 ALTER TABLE `profiles` ENABLE KEYS */;;;
UNLOCK TABLES;;;

--
-- Table structure for table `references`
--

DROP TABLE IF EXISTS `references`;;;
/*!40101 SET @saved_cs_client     = @@character_set_client */;;;
/*!40101 SET character_set_client = utf8 */;;;
CREATE TABLE `references` (
  `id` bigint(20) NOT NULL AUTO_INCREMENT,
  `source_id` int(11) NOT NULL,
  `source_type` varchar(60) COLLATE utf8mb4_bin NOT NULL,
  `target_id` int(11) NOT NULL,
  `target_type` varchar(60) COLLATE utf8mb4_bin NOT NULL,
  PRIMARY KEY (`id`),
  UNIQUE KEY `index_references_on_source_and_target` (`source_id`,`source_type`,`target_id`,`target_type`),
  KEY `index_references_on_source_id_and_source_type` (`source_id`,`source_type`)
) ENGINE=InnoDB DEFAULT CHARSET=utf8mb4 COLLATE=utf8mb4_bin;;;
/*!40101 SET character_set_client = @saved_cs_client */;;;

--
-- Dumping data for table `references`
--

LOCK TABLES `references` WRITE;;;
/*!40000 ALTER TABLE `references` DISABLE KEYS */;;;
/*!40000 ALTER TABLE `references` ENABLE KEYS */;;;
UNLOCK TABLES;;;

--
-- Table structure for table `reports`
--

DROP TABLE IF EXISTS `reports`;;;
/*!40101 SET @saved_cs_client     = @@character_set_client */;;;
/*!40101 SET character_set_client = utf8 */;;;
CREATE TABLE `reports` (
  `id` int(11) NOT NULL AUTO_INCREMENT,
  `item_id` int(11) NOT NULL,
  `item_type` varchar(255) COLLATE utf8mb4_bin NOT NULL,
  `reviewed` tinyint(1) DEFAULT '0',
  `text` text COLLATE utf8mb4_bin,
  `created_at` datetime DEFAULT NULL,
  `updated_at` datetime DEFAULT NULL,
  `user_id` int(11) NOT NULL,
  PRIMARY KEY (`id`),
  KEY `index_reports_on_item_id` (`item_id`)
) ENGINE=InnoDB DEFAULT CHARSET=utf8mb4 COLLATE=utf8mb4_bin;;;
/*!40101 SET character_set_client = @saved_cs_client */;;;

--
-- Dumping data for table `reports`
--

LOCK TABLES `reports` WRITE;;;
/*!40000 ALTER TABLE `reports` DISABLE KEYS */;;;
/*!40000 ALTER TABLE `reports` ENABLE KEYS */;;;
UNLOCK TABLES;;;

--
-- Table structure for table `roles`
--

DROP TABLE IF EXISTS `roles`;;;
/*!40101 SET @saved_cs_client     = @@character_set_client */;;;
/*!40101 SET character_set_client = utf8 */;;;
CREATE TABLE `roles` (
  `id` int(11) NOT NULL AUTO_INCREMENT,
  `person_id` int(11) DEFAULT NULL,
  `name` varchar(255) COLLATE utf8mb4_bin DEFAULT NULL,
  `created_at` datetime NOT NULL,
  `updated_at` datetime NOT NULL,
  PRIMARY KEY (`id`),
  UNIQUE KEY `index_roles_on_person_id_and_name` (`person_id`,`name`(190))
) ENGINE=InnoDB AUTO_INCREMENT=2 DEFAULT CHARSET=utf8mb4 COLLATE=utf8mb4_bin;;;
/*!40101 SET character_set_client = @saved_cs_client */;;;

--
-- Dumping data for table `roles`
--

LOCK TABLES `roles` WRITE;;;
/*!40000 ALTER TABLE `roles` DISABLE KEYS */;;;
INSERT INTO `roles` VALUES (1,1,'admin','2021-04-05 05:51:17','2021-04-05 05:51:17');;;
/*!40000 ALTER TABLE `roles` ENABLE KEYS */;;;
UNLOCK TABLES;;;

--
-- Table structure for table `schema_migrations`
--

DROP TABLE IF EXISTS `schema_migrations`;;;
/*!40101 SET @saved_cs_client     = @@character_set_client */;;;
/*!40101 SET character_set_client = utf8 */;;;
CREATE TABLE `schema_migrations` (
  `version` varchar(255) CHARACTER SET utf8 COLLATE utf8_bin NOT NULL,
  PRIMARY KEY (`version`)
) ENGINE=InnoDB DEFAULT CHARSET=utf8mb4 COLLATE=utf8mb4_bin;;;
/*!40101 SET character_set_client = @saved_cs_client */;;;

--
-- Dumping data for table `schema_migrations`
--

LOCK TABLES `schema_migrations` WRITE;;;
/*!40000 ALTER TABLE `schema_migrations` DISABLE KEYS */;;;
INSERT INTO `schema_migrations` VALUES ('0'),('20160829170244'),('20160901072443'),('20160902180630'),('20160906225138'),('20161015174300'),('20161024231443'),('20161107100840'),('20170430022507'),('20170730154117'),('20170813141631'),('20170813153048'),('20170813160104'),('20170813164435'),('20170813222333'),('20170824202628'),('20170827222357'),('20170827231800'),('20170914202650'),('20170914212336'),('20170917163640'),('20170920214158'),('20170928233609'),('20171009232054'),('20171012202650'),('20171017221434'),('20171229175654'),('20180302105225'),('20180406235521'),('20180425125409'),('20180430134444'),('20180603194914'),('20181004003638'),('20181227235201'),('20190509125709'),('20190511150503'),('20190703231700');;;
/*!40000 ALTER TABLE `schema_migrations` ENABLE KEYS */;;;
UNLOCK TABLES;;;

--
-- Table structure for table `services`
--

DROP TABLE IF EXISTS `services`;;;
/*!40101 SET @saved_cs_client     = @@character_set_client */;;;
/*!40101 SET character_set_client = utf8 */;;;
CREATE TABLE `services` (
  `id` int(11) NOT NULL AUTO_INCREMENT,
  `type` varchar(127) COLLATE utf8mb4_bin NOT NULL,
  `user_id` int(11) NOT NULL,
  `uid` varchar(127) COLLATE utf8mb4_bin DEFAULT NULL,
  `access_token` varchar(255) COLLATE utf8mb4_bin DEFAULT NULL,
  `access_secret` varchar(255) COLLATE utf8mb4_bin DEFAULT NULL,
  `nickname` varchar(255) COLLATE utf8mb4_bin DEFAULT NULL,
  `created_at` datetime NOT NULL,
  `updated_at` datetime NOT NULL,
  PRIMARY KEY (`id`),
  KEY `index_services_on_type_and_uid` (`type`(64),`uid`),
  KEY `index_services_on_user_id` (`user_id`),
  CONSTRAINT `services_user_id_fk` FOREIGN KEY (`user_id`) REFERENCES `users` (`id`) ON DELETE CASCADE
) ENGINE=InnoDB DEFAULT CHARSET=utf8mb4 COLLATE=utf8mb4_bin;;;
/*!40101 SET character_set_client = @saved_cs_client */;;;

--
-- Dumping data for table `services`
--

LOCK TABLES `services` WRITE;;;
/*!40000 ALTER TABLE `services` DISABLE KEYS */;;;
/*!40000 ALTER TABLE `services` ENABLE KEYS */;;;
UNLOCK TABLES;;;

--
-- Table structure for table `share_visibilities`
--

DROP TABLE IF EXISTS `share_visibilities`;;;
/*!40101 SET @saved_cs_client     = @@character_set_client */;;;
/*!40101 SET character_set_client = utf8 */;;;
CREATE TABLE `share_visibilities` (
  `id` int(11) NOT NULL AUTO_INCREMENT,
  `shareable_id` int(11) NOT NULL,
  `hidden` tinyint(1) NOT NULL DEFAULT '0',
  `shareable_type` varchar(60) COLLATE utf8mb4_bin NOT NULL DEFAULT 'Post',
  `user_id` int(11) NOT NULL,
  PRIMARY KEY (`id`),
  UNIQUE KEY `shareable_and_user_id` (`shareable_id`,`shareable_type`,`user_id`),
  KEY `index_share_visibilities_on_user_id` (`user_id`),
  KEY `shareable_and_hidden_and_user_id` (`shareable_id`,`shareable_type`,`hidden`,`user_id`),
  KEY `index_post_visibilities_on_post_id` (`shareable_id`),
  CONSTRAINT `share_visibilities_user_id_fk` FOREIGN KEY (`user_id`) REFERENCES `users` (`id`) ON DELETE CASCADE
) ENGINE=InnoDB AUTO_INCREMENT=5 DEFAULT CHARSET=utf8mb4 COLLATE=utf8mb4_bin;;;
/*!40101 SET character_set_client = @saved_cs_client */;;;

--
-- Dumping data for table `share_visibilities`
--

LOCK TABLES `share_visibilities` WRITE;;;
/*!40000 ALTER TABLE `share_visibilities` DISABLE KEYS */;;;
INSERT INTO `share_visibilities` VALUES (1,7,0,'Post',2),(2,8,0,'Post',3),(3,9,0,'Post',1),(4,9,0,'Post',3);;;
/*!40000 ALTER TABLE `share_visibilities` ENABLE KEYS */;;;
UNLOCK TABLES;;;

--
-- Table structure for table `signature_orders`
--

DROP TABLE IF EXISTS `signature_orders`;;;
/*!40101 SET @saved_cs_client     = @@character_set_client */;;;
/*!40101 SET character_set_client = utf8 */;;;
CREATE TABLE `signature_orders` (
  `id` int(11) NOT NULL AUTO_INCREMENT,
  `order` varchar(255) COLLATE utf8mb4_bin NOT NULL,
  PRIMARY KEY (`id`),
  UNIQUE KEY `index_signature_orders_on_order` (`order`(191))
) ENGINE=InnoDB DEFAULT CHARSET=utf8mb4 COLLATE=utf8mb4_bin;;;
/*!40101 SET character_set_client = @saved_cs_client */;;;

--
-- Dumping data for table `signature_orders`
--

LOCK TABLES `signature_orders` WRITE;;;
/*!40000 ALTER TABLE `signature_orders` DISABLE KEYS */;;;
/*!40000 ALTER TABLE `signature_orders` ENABLE KEYS */;;;
UNLOCK TABLES;;;

--
-- Table structure for table `simple_captcha_data`
--

DROP TABLE IF EXISTS `simple_captcha_data`;;;
/*!40101 SET @saved_cs_client     = @@character_set_client */;;;
/*!40101 SET character_set_client = utf8 */;;;
CREATE TABLE `simple_captcha_data` (
  `id` int(11) NOT NULL AUTO_INCREMENT,
  `key` varchar(40) COLLATE utf8mb4_bin DEFAULT NULL,
  `value` varchar(12) COLLATE utf8mb4_bin DEFAULT NULL,
  `created_at` datetime DEFAULT NULL,
  `updated_at` datetime DEFAULT NULL,
  PRIMARY KEY (`id`),
  KEY `idx_key` (`key`)
) ENGINE=InnoDB AUTO_INCREMENT=4 DEFAULT CHARSET=utf8mb4 COLLATE=utf8mb4_bin;;;
/*!40101 SET character_set_client = @saved_cs_client */;;;

--
-- Dumping data for table `simple_captcha_data`
--

LOCK TABLES `simple_captcha_data` WRITE;;;
/*!40000 ALTER TABLE `simple_captcha_data` DISABLE KEYS */;;;
INSERT INTO `simple_captcha_data` VALUES (1,'c41c6f78d01b5e83596f441b046b6c5497cad362','52045','2021-04-26 07:24:44','2021-04-26 07:24:44'),(2,'e6666d47b2cccd94fc4318adf5ece354dd7beda5','59537','2021-04-26 07:25:00','2021-04-26 07:25:00'),(3,'f9bc7ddd47ba14c13f8ff71cb8996bf319492789','81484','2021-04-26 07:25:11','2021-04-26 07:25:11');;;
/*!40000 ALTER TABLE `simple_captcha_data` ENABLE KEYS */;;;
UNLOCK TABLES;;;

--
-- Table structure for table `tag_followings`
--

DROP TABLE IF EXISTS `tag_followings`;;;
/*!40101 SET @saved_cs_client     = @@character_set_client */;;;
/*!40101 SET character_set_client = utf8 */;;;
CREATE TABLE `tag_followings` (
  `id` int(11) NOT NULL AUTO_INCREMENT,
  `tag_id` int(11) NOT NULL,
  `user_id` int(11) NOT NULL,
  `created_at` datetime NOT NULL,
  `updated_at` datetime NOT NULL,
  PRIMARY KEY (`id`),
  UNIQUE KEY `index_tag_followings_on_tag_id_and_user_id` (`tag_id`,`user_id`),
  KEY `index_tag_followings_on_tag_id` (`tag_id`),
  KEY `index_tag_followings_on_user_id` (`user_id`)
) ENGINE=InnoDB AUTO_INCREMENT=38 DEFAULT CHARSET=utf8mb4 COLLATE=utf8mb4_bin;;;
/*!40101 SET character_set_client = @saved_cs_client */;;;

--
-- Dumping data for table `tag_followings`
--

LOCK TABLES `tag_followings` WRITE;;;
/*!40000 ALTER TABLE `tag_followings` DISABLE KEYS */;;;
INSERT INTO `tag_followings` VALUES (1,1,1,'2021-04-05 05:49:15','2021-04-05 05:49:15'),(2,2,1,'2021-04-05 05:49:18','2021-04-05 05:49:18'),(3,4,2,'2021-04-08 22:18:24','2021-04-08 22:18:24'),(4,5,2,'2021-04-08 22:18:27','2021-04-08 22:18:27'),(5,2,3,'2021-04-26 07:25:47','2021-04-26 07:25:47'),(6,4,3,'2021-04-26 07:25:49','2021-04-26 07:25:49'),(7,6,4,'2021-04-27 20:39:13','2021-04-27 20:39:13'),(8,7,5,'2021-04-27 20:43:12','2021-04-27 20:43:12'),(9,7,2,'2021-04-27 20:44:38','2021-04-27 20:44:38'),(10,7,6,'2021-04-27 20:52:55','2021-04-27 20:52:55'),(11,7,7,'2021-04-27 20:56:02','2021-04-27 20:56:02'),(12,7,8,'2021-04-27 20:56:52','2021-04-27 20:56:52'),(13,7,9,'2021-04-27 20:57:49','2021-04-27 20:57:49'),(14,7,10,'2021-04-27 21:01:11','2021-04-27 21:01:11'),(15,7,11,'2021-04-27 21:01:55','2021-04-27 21:01:55'),(16,7,12,'2021-04-27 21:02:25','2021-04-27 21:02:25'),(17,7,13,'2021-04-27 21:03:37','2021-04-27 21:03:37'),(18,7,14,'2021-04-27 21:03:44','2021-04-27 21:03:44'),(19,7,15,'2021-04-27 21:03:51','2021-04-27 21:03:51'),(20,7,16,'2021-04-27 21:03:58','2021-04-27 21:03:58'),(21,7,17,'2021-04-27 21:06:03','2021-04-27 21:06:03'),(22,7,18,'2021-04-27 21:06:49','2021-04-27 21:06:49'),(23,7,19,'2021-04-27 21:06:55','2021-04-27 21:06:55'),(24,7,20,'2021-04-27 21:07:02','2021-04-27 21:07:02'),(25,7,21,'2021-04-27 21:07:10','2021-04-27 21:07:10'),(26,7,22,'2021-04-27 21:07:18','2021-04-27 21:07:18'),(27,7,23,'2021-04-27 21:07:25','2021-04-27 21:07:25'),(28,7,24,'2021-04-27 21:07:32','2021-04-27 21:07:32'),(29,7,25,'2021-04-27 21:07:40','2021-04-27 21:07:40'),(30,7,26,'2021-04-27 21:07:47','2021-04-27 21:07:47'),(31,7,27,'2021-04-27 21:07:53','2021-04-27 21:07:53'),(32,7,28,'2021-04-27 21:08:01','2021-04-27 21:08:01'),(33,7,29,'2021-04-27 21:08:07','2021-04-27 21:08:07'),(34,7,30,'2021-04-27 21:08:16','2021-04-27 21:08:16'),(35,7,31,'2021-04-27 21:08:22','2021-04-27 21:08:22'),(36,7,32,'2021-04-27 21:08:31','2021-04-27 21:08:31'),(37,7,33,'2021-04-27 21:08:38','2021-04-27 21:08:38');;;
/*!40000 ALTER TABLE `tag_followings` ENABLE KEYS */;;;
UNLOCK TABLES;;;

--
-- Table structure for table `taggings`
--

DROP TABLE IF EXISTS `taggings`;;;
/*!40101 SET @saved_cs_client     = @@character_set_client */;;;
/*!40101 SET character_set_client = utf8 */;;;
CREATE TABLE `taggings` (
  `id` int(11) NOT NULL AUTO_INCREMENT,
  `tag_id` int(11) DEFAULT NULL,
  `taggable_id` int(11) DEFAULT NULL,
  `taggable_type` varchar(127) COLLATE utf8mb4_bin DEFAULT NULL,
  `tagger_id` int(11) DEFAULT NULL,
  `tagger_type` varchar(127) COLLATE utf8mb4_bin DEFAULT NULL,
  `context` varchar(127) COLLATE utf8mb4_bin DEFAULT NULL,
  `created_at` datetime DEFAULT NULL,
  PRIMARY KEY (`id`),
  UNIQUE KEY `index_taggings_uniquely` (`taggable_id`,`taggable_type`,`tag_id`),
  KEY `index_taggings_on_created_at` (`created_at`),
  KEY `index_taggings_on_tag_id` (`tag_id`),
  KEY `index_taggings_on_taggable_id_and_taggable_type_and_context` (`taggable_id`,`taggable_type`(95),`context`(95))
) ENGINE=InnoDB AUTO_INCREMENT=70 DEFAULT CHARSET=utf8mb4 COLLATE=utf8mb4_bin;;;
/*!40101 SET character_set_client = @saved_cs_client */;;;

--
-- Dumping data for table `taggings`
--

LOCK TABLES `taggings` WRITE;;;
/*!40000 ALTER TABLE `taggings` DISABLE KEYS */;;;
INSERT INTO `taggings` VALUES (1,3,1,'Post',NULL,NULL,'tags','2021-04-05 05:49:34'),(2,1,1,'Post',NULL,NULL,'tags','2021-04-05 05:49:34'),(3,2,1,'Post',NULL,NULL,'tags','2021-04-05 05:49:34'),(4,3,4,'Post',NULL,NULL,'tags','2021-04-08 22:18:32'),(5,5,4,'Post',NULL,NULL,'tags','2021-04-08 22:18:32'),(6,4,4,'Post',NULL,NULL,'tags','2021-04-08 22:18:32'),(7,3,6,'Post',NULL,NULL,'tags','2021-04-26 07:25:57'),(8,2,6,'Post',NULL,NULL,'tags','2021-04-26 07:25:57'),(9,4,6,'Post',NULL,NULL,'tags','2021-04-26 07:25:57'),(10,3,12,'Post',NULL,NULL,'tags','2021-04-27 20:42:15'),(11,6,12,'Post',NULL,NULL,'tags','2021-04-27 20:42:15'),(12,3,13,'Post',NULL,NULL,'tags','2021-04-27 20:43:19'),(13,7,13,'Post',NULL,NULL,'tags','2021-04-27 20:43:19'),(14,7,3,'Profile',NULL,NULL,'tags','2021-04-27 20:44:19'),(15,3,14,'Post',NULL,NULL,'tags','2021-04-27 20:53:12'),(16,7,14,'Post',NULL,NULL,'tags','2021-04-27 20:53:12'),(17,3,15,'Post',NULL,NULL,'tags','2021-04-27 20:56:09'),(18,7,15,'Post',NULL,NULL,'tags','2021-04-27 20:56:09'),(19,3,16,'Post',NULL,NULL,'tags','2021-04-27 20:56:57'),(20,7,16,'Post',NULL,NULL,'tags','2021-04-27 20:56:57'),(21,3,17,'Post',NULL,NULL,'tags','2021-04-27 20:57:57'),(22,7,17,'Post',NULL,NULL,'tags','2021-04-27 20:57:57'),(23,3,18,'Post',NULL,NULL,'tags','2021-04-27 21:01:18'),(24,7,18,'Post',NULL,NULL,'tags','2021-04-27 21:01:18'),(25,3,19,'Post',NULL,NULL,'tags','2021-04-27 21:01:56'),(26,7,19,'Post',NULL,NULL,'tags','2021-04-27 21:01:56'),(27,3,20,'Post',NULL,NULL,'tags','2021-04-27 21:02:25'),(28,7,20,'Post',NULL,NULL,'tags','2021-04-27 21:02:25'),(29,3,21,'Post',NULL,NULL,'tags','2021-04-27 21:03:37'),(30,3,22,'Post',NULL,NULL,'tags','2021-04-27 21:03:45'),(31,7,22,'Post',NULL,NULL,'tags','2021-04-27 21:03:45'),(32,3,23,'Post',NULL,NULL,'tags','2021-04-27 21:03:52'),(33,7,23,'Post',NULL,NULL,'tags','2021-04-27 21:03:52'),(34,3,24,'Post',NULL,NULL,'tags','2021-04-27 21:03:59'),(35,7,24,'Post',NULL,NULL,'tags','2021-04-27 21:03:59'),(36,3,25,'Post',NULL,NULL,'tags','2021-04-27 21:06:08'),(37,7,25,'Post',NULL,NULL,'tags','2021-04-27 21:06:08'),(38,3,26,'Post',NULL,NULL,'tags','2021-04-27 21:06:49'),(39,7,26,'Post',NULL,NULL,'tags','2021-04-27 21:06:49'),(40,3,27,'Post',NULL,NULL,'tags','2021-04-27 21:06:56'),(41,7,27,'Post',NULL,NULL,'tags','2021-04-27 21:06:56'),(42,3,28,'Post',NULL,NULL,'tags','2021-04-27 21:07:03'),(43,7,28,'Post',NULL,NULL,'tags','2021-04-27 21:07:03'),(44,3,29,'Post',NULL,NULL,'tags','2021-04-27 21:07:11'),(45,7,29,'Post',NULL,NULL,'tags','2021-04-27 21:07:11'),(46,3,30,'Post',NULL,NULL,'tags','2021-04-27 21:07:18'),(47,7,30,'Post',NULL,NULL,'tags','2021-04-27 21:07:18'),(48,3,31,'Post',NULL,NULL,'tags','2021-04-27 21:07:25'),(49,7,31,'Post',NULL,NULL,'tags','2021-04-27 21:07:25'),(50,3,32,'Post',NULL,NULL,'tags','2021-04-27 21:07:32'),(51,7,32,'Post',NULL,NULL,'tags','2021-04-27 21:07:32'),(52,3,33,'Post',NULL,NULL,'tags','2021-04-27 21:07:41'),(53,7,33,'Post',NULL,NULL,'tags','2021-04-27 21:07:41'),(54,3,34,'Post',NULL,NULL,'tags','2021-04-27 21:07:48'),(55,7,34,'Post',NULL,NULL,'tags','2021-04-27 21:07:48'),(56,3,35,'Post',NULL,NULL,'tags','2021-04-27 21:07:54'),(57,7,35,'Post',NULL,NULL,'tags','2021-04-27 21:07:54'),(58,3,36,'Post',NULL,NULL,'tags','2021-04-27 21:08:01'),(59,7,36,'Post',NULL,NULL,'tags','2021-04-27 21:08:01'),(60,3,37,'Post',NULL,NULL,'tags','2021-04-27 21:08:08'),(61,7,37,'Post',NULL,NULL,'tags','2021-04-27 21:08:08'),(62,3,38,'Post',NULL,NULL,'tags','2021-04-27 21:08:16'),(63,7,38,'Post',NULL,NULL,'tags','2021-04-27 21:08:16'),(64,3,39,'Post',NULL,NULL,'tags','2021-04-27 21:08:23'),(65,7,39,'Post',NULL,NULL,'tags','2021-04-27 21:08:23'),(66,3,40,'Post',NULL,NULL,'tags','2021-04-27 21:08:31'),(67,7,40,'Post',NULL,NULL,'tags','2021-04-27 21:08:31'),(68,3,41,'Post',NULL,NULL,'tags','2021-04-27 21:08:38'),(69,7,41,'Post',NULL,NULL,'tags','2021-04-27 21:08:38');;;
/*!40000 ALTER TABLE `taggings` ENABLE KEYS */;;;
UNLOCK TABLES;;;

--
-- Table structure for table `tags`
--

DROP TABLE IF EXISTS `tags`;;;
/*!40101 SET @saved_cs_client     = @@character_set_client */;;;
/*!40101 SET character_set_client = utf8 */;;;
CREATE TABLE `tags` (
  `id` int(11) NOT NULL AUTO_INCREMENT,
  `name` varchar(255) COLLATE utf8mb4_bin DEFAULT NULL,
  `taggings_count` int(11) DEFAULT '0',
  PRIMARY KEY (`id`),
  UNIQUE KEY `index_tags_on_name` (`name`(191))
) ENGINE=InnoDB AUTO_INCREMENT=8 DEFAULT CHARSET=utf8mb4 COLLATE=utf8mb4_bin;;;
/*!40101 SET character_set_client = @saved_cs_client */;;;

--
-- Dumping data for table `tags`
--

LOCK TABLES `tags` WRITE;;;
/*!40000 ALTER TABLE `tags` DISABLE KEYS */;;;
INSERT INTO `tags` VALUES (1,'art',1),(2,'movies',2),(3,'newhere',33),(4,'ruby',2),(5,'java',1),(6,'gif',1),(7,'berkeley',29);;;
/*!40000 ALTER TABLE `tags` ENABLE KEYS */;;;
UNLOCK TABLES;;;

--
-- Table structure for table `user_preferences`
--

DROP TABLE IF EXISTS `user_preferences`;;;
/*!40101 SET @saved_cs_client     = @@character_set_client */;;;
/*!40101 SET character_set_client = utf8 */;;;
CREATE TABLE `user_preferences` (
  `id` int(11) NOT NULL AUTO_INCREMENT,
  `email_type` varchar(255) COLLATE utf8mb4_bin DEFAULT NULL,
  `user_id` int(11) DEFAULT NULL,
  `created_at` datetime NOT NULL,
  `updated_at` datetime NOT NULL,
  PRIMARY KEY (`id`),
  KEY `index_user_preferences_on_user_id_and_email_type` (`user_id`,`email_type`(190))
) ENGINE=InnoDB DEFAULT CHARSET=utf8mb4 COLLATE=utf8mb4_bin;;;
/*!40101 SET character_set_client = @saved_cs_client */;;;

--
-- Dumping data for table `user_preferences`
--

LOCK TABLES `user_preferences` WRITE;;;
/*!40000 ALTER TABLE `user_preferences` DISABLE KEYS */;;;
/*!40000 ALTER TABLE `user_preferences` ENABLE KEYS */;;;
UNLOCK TABLES;;;

--
-- Table structure for table `users`
--

DROP TABLE IF EXISTS `users`;;;
/*!40101 SET @saved_cs_client     = @@character_set_client */;;;
/*!40101 SET character_set_client = utf8 */;;;
CREATE TABLE `users` (
  `id` int(11) NOT NULL AUTO_INCREMENT,
  `username` varchar(255) COLLATE utf8mb4_bin NOT NULL,
  `serialized_private_key` text COLLATE utf8mb4_bin,
  `getting_started` tinyint(1) NOT NULL DEFAULT '1',
  `disable_mail` tinyint(1) NOT NULL DEFAULT '0',
  `language` varchar(255) COLLATE utf8mb4_bin DEFAULT NULL,
  `email` varchar(255) COLLATE utf8mb4_bin NOT NULL DEFAULT '',
  `encrypted_password` varchar(255) COLLATE utf8mb4_bin NOT NULL DEFAULT '',
  `reset_password_token` varchar(255) COLLATE utf8mb4_bin DEFAULT NULL,
  `remember_created_at` datetime DEFAULT NULL,
  `sign_in_count` int(11) DEFAULT '0',
  `current_sign_in_at` datetime DEFAULT NULL,
  `last_sign_in_at` datetime DEFAULT NULL,
  `current_sign_in_ip` varchar(255) COLLATE utf8mb4_bin DEFAULT NULL,
  `last_sign_in_ip` varchar(255) COLLATE utf8mb4_bin DEFAULT NULL,
  `created_at` datetime NOT NULL,
  `updated_at` datetime NOT NULL,
  `invited_by_id` int(11) DEFAULT NULL,
  `authentication_token` varchar(30) COLLATE utf8mb4_bin DEFAULT NULL,
  `unconfirmed_email` varchar(255) COLLATE utf8mb4_bin DEFAULT NULL,
  `confirm_email_token` varchar(30) COLLATE utf8mb4_bin DEFAULT NULL,
  `locked_at` datetime DEFAULT NULL,
  `show_community_spotlight_in_stream` tinyint(1) NOT NULL DEFAULT '1',
  `auto_follow_back` tinyint(1) DEFAULT '0',
  `auto_follow_back_aspect_id` int(11) DEFAULT NULL,
  `hidden_shareables` text COLLATE utf8mb4_bin,
  `reset_password_sent_at` datetime DEFAULT NULL,
  `last_seen` datetime DEFAULT NULL,
  `remove_after` datetime DEFAULT NULL,
  `export` varchar(255) COLLATE utf8mb4_bin DEFAULT NULL,
  `exported_at` datetime DEFAULT NULL,
  `exporting` tinyint(1) DEFAULT '0',
  `strip_exif` tinyint(1) DEFAULT '1',
  `exported_photos_file` varchar(255) COLLATE utf8mb4_bin DEFAULT NULL,
  `exported_photos_at` datetime DEFAULT NULL,
  `exporting_photos` tinyint(1) DEFAULT '0',
  `color_theme` varchar(255) COLLATE utf8mb4_bin DEFAULT NULL,
  `post_default_public` tinyint(1) DEFAULT '0',
  `consumed_timestep` int(11) DEFAULT NULL,
  `otp_required_for_login` tinyint(1) DEFAULT NULL,
  `otp_backup_codes` text COLLATE utf8mb4_bin,
  `plain_otp_secret` varchar(255) COLLATE utf8mb4_bin DEFAULT NULL,
  PRIMARY KEY (`id`),
  UNIQUE KEY `index_users_on_username` (`username`(191)),
  UNIQUE KEY `index_users_on_email` (`email`(191)),
  UNIQUE KEY `index_users_on_authentication_token` (`authentication_token`)
) ENGINE=InnoDB AUTO_INCREMENT=34 DEFAULT CHARSET=utf8mb4 COLLATE=utf8mb4_bin;;;
/*!40101 SET character_set_client = @saved_cs_client */;;;

--
-- Dumping data for table `users`
--

LOCK TABLES `users` WRITE;;;
/*!40000 ALTER TABLE `users` DISABLE KEYS */;;;
INSERT INTO `users` VALUES (1,'zhangwen0411','-----BEGIN RSA PRIVATE KEY-----\nMIIJKAIBAAKCAgEAnm7ijIRoR+pFoq0UMV1bExqn82+gqXP1nn8OzdXHawqa3uR/\nsOusd18xGeAvWaUEyzk5xPLjcnTFhl95zYI3juDdI9XB5SCXrYmaTZwWFDGTzink\nUeFtLnx68+jxOasyyg2uV9IVvAFmeO/DCREuKzVxVrmmP/9orqgwfAsIiEKMi6VV\nhc5TQC3pBVPe2DsNcykdmFwkq6GPpSGXsLCc0jRECc100/Kc9i53aXosvdkOlcq7\ndP4UsOTP+P2pD+uh99YW3kH9O7l8WpcE6qsdt/E1K1liwJfne8Vg6XEf7BCBIsDP\nwxMx2pT0k3q8hU0ZAHPpVLZJQg9d5ZWcfGjtU9CoPPatd9+dSpJNfJ2B0V9Lua6r\nrMXYYpuxwDSdQcJMCiMPHFh67jYD05suDOB1gJF2M4AwNvCSqn9pI7uWzF08MqlW\nWuUihj6C6vk2pQdm3l9esFSuf3JuR5jKOXIFk/+Ev7/I6lV9oL09fK9C1itnJ4jB\nQLwkovOjnfvzcKp7myZaO7JSK2WXbxW9S8uZuHmRDsjnqOOTfBJwb6aATOKwtTyH\n4HoUIwKuI4WLQbl9xiBjI6UdDTbIVlLKeLrHz5MPX2uVZihnRoeu+3azC44q9tfn\nTTSHKpRhbPAP/MItCgSWkLHugx9vhED3c8GKaOV55fhA/rERPgcJMAbIxzECAwEA\nAQKCAgBLCMwd7cWvrZnuSheCq6qrGRhK+Ga4anV868MYpDNOlFa10rVRFsT3Qiuw\njBcQ11E2aHNePgSPnBNCqSw4MwBaGFBTnPS4Lh/37fAY6qAgTzynyvpZ9zAs8IKQ\nyxWYEOc8f48/A34MrQMZqsANpsfdafG0N7evnqi282wHC3iuhAopRxQCi62s+zFd\ntxOXCBy+Gk5sbtNlP96WwBql8XdMLLm+hMJccQ56n5Ypa9YN0eOQ+NOgPIeTIcMH\nsycjJZ9vj8MD32/uHdJx2w1WkNVB3Sinz60v9qGI4nmcBdovBMAMNBIR2yDk22Ac\nCuiHH3UEXGE5IB4A/eMkDR/wYgdnyGSHvoszpjXcV0frm2nX/VUC1lQYm4IPNT0v\npDpUR5P+OGWfaoGfg3WNcFDL0sV93QrDiZTetkeRVkoid9JKWEVW/EV0JGis/8FJ\nelzQ6l3rG72fLPQR/TuP+pad4bALFEmga86ZLv+rLSOGs6IGgdGmAROi2ocnkcSj\n8kyBeCpr7wzqHX3wPhKiLKWtcqsxVB5RCXaThzhg2Rg4m2iEOFmBcJIIXUDZmKhm\nLiizw0i1I0oDrF7y6b+GHRLnG+RXRtkfFUCu2PotLTUhEWxbQg9FvJlxBzs4tMIc\nNp5u5JRH8QSP6MA/QSdzpyb2faB+wFQ5eqSYrSwcfD4xdBp60wKCAQEAzKsuONlo\nVPZsoHeoUnRGvZbbe864KET4XU1DWxXpijniLDFoRmVLy17T9DVnL1Bc5LVG3az0\nKVHlRoLLm9Y3SvjBPqe0s2kNFQZB/H9ShwyuOaGrmqBS/ztpwlSOsmolKybltCL2\nZ3Bbd8EqhGu48YlSiYrjywYmJKbOjOHeheTUIP6K5aqS6TfzNvbe/KDU05W8eYzM\ntQBRanpO/O+awznPTFXI97erqc6xnEDTt6dsZlKwswqst5K/G24MC01Xc1v4RxNd\nkT88Kvv4Bl94M2wC1q2VXoJVXBJ25oekA9+KqB2wZMihpbduPaKVmqsVRo8HPnGE\n3ji741BGtTPwQwKCAQEAxisjFH0ZJI5br4dktsHp938IdS0XhgkBrOXQhC4zvE1H\nNT3RGha03LYa/7yMX+4ohBlbWcjCOf+esZk/7e3epk9xBid2yGOSr322woJA5Rex\nwJsVX9fBRnqEi6roK+433hKVo3yB89OXlhX2c0RDwcwu4kpLY5+fdEOO7qmu5+G8\np1WRwnB2DiI1caIFweG7x6szbpSKkkiW2er8u9mAm7Qhuu+DB5L5IXSsk9tNp7v2\nVRSvQB/AqBky3krs3/J3JAo8jUk77ovGpw8hjiWnhFfyofDnwSIiQCp/aTsaAZdU\n8s4gUo6oK6CD6yK1HTOww85YtUPpb17aCJ1HkoRdewKCAQAsp7C3EKBV4UpEHLdp\n/hqtJOwQcEL37kxuNvxaNEa3NPfnAoSoz1MhNThzkO9JgHQ0JmUm2qSPG2I15zW7\nc5quzeWD4R1pA6OqEap2B+Wet6KPynlhjFdvfqwNjVtxC/2+E4eMrRAr83TRhSDc\nsZAxiu+qONaIpnfOCWMJlAJ0HkA2TrNJdtUE84MqW+S9I+4rmAD+WD0VxNL+s17m\nivSuYb+b/R+TBMz8iK9x0ycea/YXwTTya4LRrr/poTIZiS9qaQebolsI5M4g5sbv\nxQa52XgpFMiBTViIdTLiC3g6rBxZn9irtKaoPIReCEox6+ABfBVth2EhBynfZ9V1\nlbZ3AoIBAFmK8l32rN68yKcGybZe5sZji0HPLzrsZOpoKZEgg1YJoSxok0xziCPW\n0VpPKyrJpVsTThjCwyiL3XwoYB+1hQ6nBM4gFOc1Pvm3F1bKnmImE7aRHNZi2j1r\nbOrjPedjy7C3uw/VWa8AJBW4NNUeunMePO0ZXvlUDivtvu8Oky7J7IG8A5HVWTLH\nuFhxOqLByiTNsf68deTlkexD5xFGlXtFqJwcT5ujiJjabISe6nbpUsRdBVc3Qclz\nIW4acvA6UiVhzryUo9UFKa0hBCuDzi7ZwpP0E/RL5SgTS+ETyIuBguv3wdksBsc3\nz4P2+dmJGs1PNvwpBJjDRkfwMX/9+XMCggEBAMq0bM/Me10GCuKl4G+c0dk2IHim\nzBzIAz+PQ9RwtWGkv8QWw5LSm5J2VbWeZ8pJdZ0WdBsQSIQwNKT0ia9ba93JOoIG\nnWfDQlp7oLFk4iGVfI9o8lAT58N9KJrXqSFGCgwDm1EfqwjRIjSQ3PgSOWGYnXi6\nagzQ4mL8DtN44T+T/bHegmp/hktufoyhYKJiw6eKaiGcFnF//+m9rRsBfOHcYMrp\nxjLLngi14CTVzRV/BcbHBOickZoYEmn1w/GTpdNAKgf8eX4cWNseLsw0skTfTSzR\nTVEbMkSCkI9XGD9cfSTaEUm4HBOREqrss2kuOy1U+og/NwE0KJiZUE+7klg=\n-----END RSA PRIVATE KEY-----\n',0,0,'en','zhangwen@cs.berkeley.edu','$2a$10$52BKou0YJC.9XGILFNViie04cpggn4YkXgWYN5u/RefOZktwKFE3.',NULL,NULL,3,'2021-04-27 20:10:22','2021-04-27 20:04:35','67.188.25.156','67.188.25.156','2021-04-05 05:48:58','2021-04-27 20:13:31',NULL,'irwG46f7Rzz9pMRjLdZztSCgtdxRaA',NULL,NULL,NULL,1,0,NULL,NULL,NULL,'2021-04-27 20:10:22',NULL,NULL,NULL,0,1,NULL,NULL,0,'original',0,NULL,NULL,NULL,NULL),(2,'john_doe','-----BEGIN RSA PRIVATE KEY-----\nMIIJKQIBAAKCAgEA8iRBcZOudxFB7qGn2oEmVdP9qP0Jm2YxZZUvKcDs9KHJcle6\nwzxAQhc2CiNGV4n5MttMFD3/qLhVPaGbrGZILSttG45OVhYERCv0GXRtm/6eHUlW\nlJqhz1fDTNZRzOfgg0UaG02LmIpUQOkW+BezzMArE/mqILB6YcFDezLPaTuiMKko\nUX6ZdSucyNG/1XVLtLSi8RPjyHywEm7I+mgmbcGVi8MEnwnIzSG3HemYrpP0nV+P\nZHzpTy0nj0fM5PoevU0ZDugki5gOj6zrYGujkI6YTUPGqH/YQzLx6/MXpTPnCLyG\npTXy7axPJi+hHyiuG/lUy3ykunYjzo3VLuUGkE/+6IHNXOAutGtXmCGy4tHKmk9i\ntI1VKP1WLlqzm4zNotdOTntd1gCMyL9H3U/IU1rfs4weyP8iz6W1gNC1Mxwn/jnx\nKL+31fkPr6tRfh9czNcfIEAEnuFD9o5r6A1ixjoWUBvUWDz6TDsvokMoKjx9v0Uu\nmwTUUI/ERRBaq7kC1FXxCn6UVFgZiY0EBRWINQHVCdSnWkYExXDdmWzzYYACmInY\nebniGiFvTt2XH7k30EcGpwxu9+oG8rT32i5ZYSwHu12xvS1zAH5BRXOgQ8N0wrAN\nGMUCBvk0zhH72AOmwKEA0iQiqZCZG9jHh5r6GdJ8oMJmTCU0hoL+vs0IQCsCAwEA\nAQKCAgBBCksH2m7E7b5DfmmLUCB/cltSvnELrEX9braF5Rvg0+o7y+PPGEp8Via+\nT15QGi/1IKGNWF/pLmY7EUMy6iBd/amnerCBABXyR8of4j2k5p4K6M2YSfbHrl+3\nrmO3gds092U9SzWBajqaWuHADwHNMBsCGRBBCpY81sAtAedjcVCt+GnrhfFrXyUU\nbf60s/Z7Wf/geIK5MgDLWrWiSUJ1PcfRDDecDnFA5Fr+7mWEExrkAKyQBdtXWJ4l\nJtia8rI6D9D4x5M1ackTf5OTySXcqOiw7FEapohs+Gyx/5Bs4AWhO56BFv4jKCL0\nc1u4dmFaAz1rERZgPWZ9z2whVgROTmRlCdPUb5r+XDcx704VbF+h04HpWNwNiSKX\n95N9GeQ+jL/6hrkeBshYXvpt4UVzzcK+I4o+L+/f4mkNXpdCl9l8yeuGKPZ/JmYJ\ngYpBiWAouoP/L33vXlD7MrG6BtM3yVU1fPQ3BtbbVZ+nn48kPAiD4nrpkIWvYiSB\n6dwOfxcW00BEsXsg5/TfWULsUph0XC7zlH/1QjwLSu9TqIVzA/qV9mgakJzRqndS\ncSTZcRUToYUt2pXex9DrlAeApBPu5a8G2ZKPR8/tjiQhlwDAdLBo5zj6MCZlS5XZ\nz4IPhlUHA21jlZt7GvQ1lzUywt3KTf7MYnuJk4NNF4hBAtuwZQKCAQEA+ymRowji\n0GJwhZ2yd7gbwXr/f216uORKNHAnyGJfIxDW0VNnNayRUo2X6uKvoZhjNIK0n13x\n/C7krdE2hIGXu5UTq+H8g8Ct2iWOadh/Dej+VbuXKvTvQsZReoQ2jTi3SZY4tptj\nfjCmi4OnGw/DKM9pO3MNGhAVOuYu/dZNG1COsVtRSMKmsWYHnGskav+grLN21bBy\nZnMR8QBnEcqESD0b3RFdH7EagetIRkEAZvZTk4+9Ng2E8GzagjrkGTkXcUah4SgF\nvieBkpnZCTnwWhsXUpbbrCN6h2Qycc8CgYa73qSkS9nNTEfbX6hNWQabMT2wPVK5\nwWmk56RRrgaUjwKCAQEA9s41DFiGBh7wsGXU51d38+pxmpzCIiLQh8KxakSLhrzT\nr/e6pxiw/KM6hlzctjeZ1i6itNEpHcD8MJn1iMT8e829J4W62JgGYFME/5kp1CNZ\nMf9oMcYYbHdxNYsIPwvhg9h9r3dyGfMN/FraD9lZXjNjHn6+dgl6QJ5cIhBBsE9C\nntE/OxnAvowFJBEOXaouP7/B0QJplTkhGYxRH4MBc6JpRJnmOXpPkRM8JuObDsVR\n0iUR2PG0vbSZkc8X5mvud0kBr6Yr0/hUK/GnFBAU7iXLc4oKJxc6orvi4uQZUmNr\nGIxJJCyM26+0hEd5fNzBPsT3LR3s33bYdkWdfs2ApQKCAQEArvWdGxo0jf8U7S8W\nRGl/BD+/PbAw/h0hR/gc7m0AYvf2/OiBjBVDQmOaQShaOlJiQREP67hQumCcMiz8\nMj/oR+aoRmLtOYZ+VOk2lKsYjsMQcP51ZporFbP6zELPkX7Bx0QbC7GhFCWlzqgO\nPz6yr3oUjzItHUu4zkfM0kx3eCCc1hWLwQi/f/JYOPE19EdQUR3PGTqJ5q4gAGdM\nZUtS7NOM1mmjGlGP6pLQzQe41QCg5bkKkF3Ijob1jCSkAqIPn3wZhjQQFA+HJm1/\nj/rJYKtgisrGCdrJHwmATmFrGHmX45eDT8dQSOQBgFhIUUzVzO5xF7bJ6V7DXg3M\nTFMPJwKCAQAulJKchuScqSBCGqYJF5ATIA9a3/Uf3jQ/Ozai2NcAkgjd8EJxIQ7e\nT6xPCZ26YloNe3XH7KX28KJoRdZ6frssXpMxr2KpWF/ztBeAahbj69v8vLiclEet\nyQk70sa2p3ZjnOtzv3ZwgVgFZdw8G4hraAVwDvnBa16AbaLz5t+O+BaZxOJLNDwV\nenXJ7dIpSWI7M+TPnsXwnPyrRrlU2jPe8CswAF/cP0JfHiM/L7vnGMSthcONj2jO\nWRSW2WAoY/x41PWVgiZJdlfkh1JCThq1K7rvToFGCXNOnWlf6y8ARrVCx89SHXpk\nSBAo2xiJwVxTjXcdM8WuE08dW1wzP3PlAoIBAQCkeIFa6nzrPPXyl1qI2lvVxewe\nZers8rYafBnffU7wWuNyGbdxtU1JH+8XVggqWuErQMPQZGc7Xb0MGM3kzX9n+KoD\nLknfOPBYCYF20KiHSx5aWexS6wUSdLmDEcJoAmnb4FCFR9E1UTHHVuJnOYK3tV+5\nkFG50e5o18bKMu+DU514teM4bgQTAUmQfl8FFrzpzeFl3Cz3TEkPhbFpKiWvxN1R\nBynsfuLz/DvfFKOc6ZP/OlQx1gbPIsEvkkkfYy436P26nQiSCsdQxwRxjXZvMQNc\nE8E898SMr+BMJ2mNC4GiaRRgmYi6vtKedJ+eIL5GTgpn2mBK8ZhX/PmDZdYX\n-----END RSA PRIVATE KEY-----\n',0,0,'en','john_doe@example.com','$2a$10$qYYOJtMgS65QaB3ySdAL9eO9Gt5b7daWShK0xx1ZttUqBUIgh08.C',NULL,'2021-04-08 22:18:11',1,'2021-04-08 22:18:11','2021-04-08 22:18:11','67.188.25.156','67.188.25.156','2021-04-08 22:18:11','2021-04-28 03:24:29',NULL,NULL,NULL,NULL,NULL,1,0,NULL,NULL,NULL,'2021-04-28 03:24:29',NULL,NULL,NULL,0,1,NULL,NULL,0,'original',0,NULL,NULL,NULL,NULL),(3,'jane_doe','-----BEGIN RSA PRIVATE KEY-----\nMIIJJwIBAAKCAgEAhdoSwzg/mmq08BNQJTs6UslUpGuSU3dTGxbP74q/JmcBDKzW\nETXXeDdPWmObUhIgsu9QOtyAYfNpkyPDDQDopEYf4Cb668rMQxACiLrOojBHwlNU\nH/LMJluglagimRyee0y4JS471yPbAkeiQr6WUlTfQRQ58Hm8t7SZhM//bVd4fML1\nPPfTk91I1GAmAzUznmhewT00S5QQLD/hOh9bhNSm9LVhooOqJwBKM05q8yQeB7US\nIkg2eKnW/biPilfMIdjnimuTOOuP+/xfgCusCzcurywM3Uega1VLUV+DNmtwZ+EI\n5vtda15VYcNDPHjTJq14zSqdmKh3Zr+HW4Bdb2HtL6dTZsAgG2D/wsxEqWnE0ZbE\n+C+k8uZytPW4sOhDJMHvBx6n7GzyRkiqAI3PrzjaqSJ7Vazqce2CkB1NHul2sYcY\n5YnAUAmRd2ivuYLj2TL1F5ma3TmFEFkHWGjOesDevRjJMg+TPWsRonJmlybHK+zO\n98X/yotdPEa7XdO4tVy8IBO9kTf5CKg8GSOGbiUuXLD1S+H0IJ4VhtGxfAGLvnLJ\nQNAN1rtnuNDSzi/u2BuNXL1QnsRtOTvalxEBwsrpevkg5jWU7L1FdrkXOSf2SGEs\nTx74Q8tZER9ug+Lp/2hLjwyE+F7wbZTydt8gEwFfMITl/+1KFI1U5j/86asCAwEA\nAQKCAgAAvE/u2hACfSDlfHryB3Zk1rw4SuHl/wlHJRuGVvbjqWKftS5pvdrUaTSV\nEOMD4Q1nzQV9cURJRYUg7hmoNKM1u5O4LC/DoHaQjiQpJmUenhNx1xncIVWtxcQf\nnHRxlz31+Jq7WEMgM2OBHeUWxaKftsv3Pjk2lB+mwGQ1ns7Kd+rzEwrTrhJo6PY/\nv3/Z7OGGwToAI1hvfRK898pGHwFIfeyMvugjDr/vDBZYzD8d1jCJwhYHs0wIPg6Y\nI2eg16mxVl13t2liLhgiju4Jnv830Tf0khv6gpI0w+xilrNnU2fUU4XOwVnKyuhV\n34HvsHTRmMZLiUGR8cBUeukW+Y+J4mrjoC5ERqxLoXDLZtGTaVrHd0DfhPauXEjT\niUOnuPAiFbDgdabmrOtGVjgCD2noXGvrOxBp/EyUFPO0/4fGDlMr/MNz1G4zVZDX\nxznu7geO3UtMMzumMS3wxL/zf6j2th4kgWRSnmc6WVoLu5RZQ5qLJ7fsebZ9BQ6t\nv5z148r6Yp/7YE59xo9SYIcNXt0CmlKIna92nzxu3x02EI+H0Neifecw6wIhwWiR\ne6pmGa/r0FnAkBp+g29iUvsAZKMy72eAAyhMO0w5c3lOKi0lRnhHa2GcDj/03j79\n8OKi+CvvtvqAUsEEQSAzw75b2oxkzYNMJdzeZWqjqH7XdS/q4QKCAQEAuvzEEz3S\nJKAy/0LUGWiZkssK6NUNMptnOk1DB8mK98KQpsIQHD7gn4ICTOtm07Er5/v/4tI8\nF6rP/AFD5a9XoidNjCnnFQj0z1IUiI4Ljc1IyzeZCyd5jDvo2nS/OnF8rFej9VMU\nvzOSSxkHzw7iIUXIacZLUFa/z8a43Yu0JrCqSFxUaZgOq6EP+PSNuWCQoPDmlucV\n0qIOJZPnaw22wnqiAxvgTtp2iDzuqJwiSZixKupCXcx5vsXsadjyzbhhzCK3UMv6\nH7QJeqW9SOAUyUTShQRljcjXRwJNaTChB9nNYbop5Qu+E4/zJaBHGkiJcaFWTnGP\nANNSwRnYxeKoVQKCAQEAt0Dft9EjHAI5Nai+SiMJC1JN3Iy8HVt28qJv7+k6WsZn\nig51qO+IIgw7mYcY30wzzgq5URa68NJPQtwtchyXrGa2Ulb9XudZy/qfs2k2QpPO\nWUXggGGNHKiNsCWuX0OMlCyDDicfO26ElWOPqwkEs9BmJjcd4QjHe3Yj4VI7MUNy\njWoOrrM9IxtxkSuEP/1UqcGfso4q/RBZozYpdKgFUnaw+nUUUYrketBm8rTGDNIR\nF5nEu8BT1BaRcHmdqinc3c9Ro7/Ml49iXV5p4xfyFvon+S4dn2RvUD/FAalT8tva\nbPtcRx632zwheqAYOR5CX7nyFKCKQDRT/1gZ/1tJ/wKCAQBHZQF8k0ssXtp56ktP\nlEem682zjr1mSD3G3f8s9wAPj4NpmIlML5nWbW5xbiQpyekIv4g5U6pMIxUclGMX\nTLa6HCWY0dsAhhXrHtzmMs4oi2wy43yU7LKVH77NwmvNZc2DhEb/AYTXaFqAQANi\nRL2ElL9r26GgAC9mpuqo9JGJgETUMiSs2LkpQOr3VHDUihFO0gxJK9yCOwwJvwpK\nLsdMRESdyUQA95rwc8twJ4VT8nAbAazrYYpOlAWreIFkmPUGW28A85ECD9zarnOy\nYpStMJDs5vvbggbofvGNq1qgw8GOgeVDJhOiJoFhKWxclbuc3kw00VkXqJhdUIAb\nNmqtAoIBAE1qRJh8614bultmy+y53EpCHM59TcMBLsDVyoAJgTNz+a2i6iXR+yqX\nDF6Rafp7UK9MbHlLJvIxhnZyWWiJl7GnOoKSaTs8dPztBaZfXiLGGjgwguT5UQm4\nUxME+CMagDrgiwThlhofWDdb9geFKc1kzqJ6Sk8UzGDlycaYXJU1LyF6mnVHFx7L\nqzBut9HojWmheHuP/60kyRlf+idkC8uIhL9p0omYKWmQvMzvfXNRExNrTGccms1Q\nM2TWm7qVMM8rlAufLSkh06YqCoV7SjRWvahQyQbbAQNfzTQkemhwZFgB4DvTSEx/\nnI0XMOSAWf3iqdf48i6pbIrEh0cPI7UCggEAZCFtWttbJzkkUM+q27LBnIrE3tbu\nDXs3stky9N2GGCe29b5+Acl/9kXAsnDnuHGRi04I2nHtAZL2222Fkg2iKxiEoXAG\nMfRPC/bs1XysVoRXKIyyzQeZ7kq7EPR/gzxbO7AiFkBs6KA0x65CbhU0cWjrB89t\n+8XR2rFKIM6Mua0/C8zLCI0QgH1xb5r+D0jT0pLKG13B7HtS0lE52rlDOanPi8DG\nC1KPir7lKU7pghqDO/DNnyVEV/Gw3M/dsPqj1MaeTl/0BmtozIQC6z/fWIiHPUU9\n/ppNRi1qMB4laax6ZjQLwZ5NApW2/cP1IKKaWDLjQVdVDb3FegBS5F1Ztg==\n-----END RSA PRIVATE KEY-----\n',0,0,'en','jane_doe@example.com','$2a$10$/zSyM2PI3orGBz38sJxL8OzKBlWpAfg35Lz2l93S5QlbhF7WQ4eXG',NULL,'2021-04-27 20:13:35',4,'2021-04-28 03:19:20','2021-04-27 20:13:35','67.188.25.156','67.188.25.156','2021-04-26 07:25:36','2021-04-28 03:19:20',NULL,'jNx58FVXBon5ugLrGBh7FVPxyRyr6g',NULL,NULL,NULL,1,0,NULL,NULL,NULL,'2021-04-28 03:19:20',NULL,NULL,NULL,0,1,NULL,NULL,0,'original',0,NULL,NULL,NULL,NULL),(4,'user1','-----BEGIN RSA PRIVATE KEY-----\nMIIJKAIBAAKCAgEA4RuTIzohe4Ghi0LppObsm4t23Y8E5zbKeWUotuNhJ7eGPnyN\nFleazvThycbh0fVt5kUE4kahnP/OxQIM/iAB8jxWdI5cS8R2SAtS6PjxGia1p6jo\nG/tFTrezyc+Md4DG/YUko88IDSOgrJf/jnuwRdJiXZqPQtBE7C9yrk0TN8LwI5IA\nL1GdNoXbJg5uh5Fh3Dtvbcc41t6FYYF+aFqb5cEK8X7b3yCn94rJ+EqXz/MpZLUR\nvK3QtMQ+1aqofM8hZ8oGBZ9Z/Bh28b4YbppO48FyNE6jWj2BSKWGpI/Ct3pokydl\njZa/n4bOxLnEXoYcn7z+XErjsr9eMIxvuCEdv1dl+e5s6O6PYAxhDao4URU/42nk\n0hLFZNcdmF9izqLX85/Y7NpvQkzvVTFHwC32SsmYwL814GsDHX2DbGWHSqGTCl2I\nzcCKZ6sgDwGwmGTwwLzvNncmCVTeNbrb2rg/A3wpL3i+Lvp+qpCEKcIeCMLWE86P\neg0b9LfCMLvxVXE5L3TwfjdE7gSirmjJSu2V1SROs3pVsKAMGjw4sL+pLG4RJnng\ndOijGiKRuhdEAl/4w2muflZZEHeoz6pFcdlVLanD5ddRA0GsAuPjOLRUO0iDBCay\nebKfz4PIgGgHJr6Cu/huJDo/4GqYj0pI8nZAd0weoI4qdIkk0z6Kkx8J3xsCAwEA\nAQKCAgAPcIO8A82uGesJkTJTRB9wX7VsZtXQQfrLLrwHJztPrQ/BE2vd325XyYX+\n/+wXKX07MPqvxmZpTUZSTtyzRWC8y5Smc+kyrSvrrxMltYVb5NHKyRP6b1aGmqTz\nL5AT1jpPwyULMzT7KblofRhjHmqtr0td3i77RyujA3IbMGAkD/PGjMoEdNWSmsW4\nK387PyZ2I4F2BxcH7cU6NdaEs8pDjOUCQVA1UpkSqmtF41/cPHJXXO/1f/pzm44v\nu3/I57AD3WBiXFagqtDlrcMhOuY0St1ZZxdfJh7K68d7W/zf9r5bcXVOq8tC1s0x\nwwgL76jg7+aGUACkDuoX7FnxSBwxFY/leh/r0jiEgdRWJMRvarRNm4ProFLWGvzX\nwAf77UbU8OvBulnTCW2wlq/JrskZ3MBQrmku0baJdbLE15UHf9YgB9lcjsPKr99r\nSSTKOdmA5mEPupGjgDMqS/k74VoFE+sFWw5fzpcN7xCt4x0mrOTYN4oJ5Zw6KAry\n9u4EW9ZV2kW1Ay61Q2dXzcspvMDfwWWqdYbz/jAATewmW9qFmmeLp9e9lvsLqnxv\nQCT5QcrSTLPT6ylSSHFAcJw3ZwEhxRDhW+mYDTd3a0bsPoQFhbX4t/pKskxCLfKb\n6r6UvKlmvxrmGveXzKgW4v0kcFYXYwZ1pTMFOrk9y7qEkNA4KQKCAQEA8pqPTWB/\n7+HYfHRTEf9Jr4foBlGZYL20FFiWk9Y67+XO4FBf4p0wMzpLwbOS8UR2LyRxKma7\nFqoCjLgOXUmRRT3WeNkBY3cr6v6VOsFaRigPUA3gPSnCD0WUuvsqSfaRQpSKn/1h\ninjRIneChs9u46R7/OWW4hNN109/DywLlOyWv23XMQzLWJ62u5i8oyWj9m1EoC4E\nAWre6oT3mfijRWe1lLB5lHV8TorSRy0fX8AZs4qOolZ0HZ1Ve1aoWfL0Tyx1IERe\nwc3O8iTMTZ87U+pgurAKxGU7ngU0Kc0hvvXuISi+4arCmhB/X3tijeAHXnw8Lg9V\noHPiNr8Q+AlhdQKCAQEA7YmxBVGNm2QTpRAZA/F8ij2wG8kIf//rqM1k15THy56y\nO0AvN/lnDwQHTqOW9vDIXfYF9S4SbWMBTHlwdvako0J5F3c4vIHPDEUP0GJg/tlk\n8frJzbLOXyE6l3RCtSMeOVjisT5jyxjmAm6OhrWjuNXWN3rDWhG4dagdYNq+ON0o\npkWyiPC/vVn0FKx0GPgNDlyvifFeh7xBiAIv8wJLBzj1AI8RNt5b9hQiJ+WZqOjA\n+Z8WqLhR3ysmPmLpb2gaXFHvN7T+x4qPmE85HoiTMSpMLJBvAsqGjxf+T/ekkHxD\nwo+JHp9S/mJixzTKxN2FG5p+l8RqRXB/wRl1jAwcTwKCAQBu30IEi8iMWbu1TPg1\n7mS/iq34TUx6UNg+wCm40JxIzM7Z5wGbMFk54DeFA8tw5efZLZ9mUGLKPdJCe09d\nROTWLyeYPRyMV4dDsyuCGaFnFKHC5USIz0+36QXK2kR+XugN9JLSAVuVjBeP1+xY\nLe6wrJhZgJePJGFbuCIKTgfQ/Lr8K3fAG+fGzWoXm/sB2I7xbQiC5+S+vRe5OCFs\nRZxgeMAcfvZhabvwrTLignWnLcTRL8511GrmqePKJVV1HjqXAGta3sQrcCJWuYiB\nJPdZJ3EjgJa7IMS5OAmZ3PzCJ+S3VMa/nWmoPUfo3BuzWSIlBUP/jNSGKs/EU1eu\n86KNAoIBAQCe7SkLLe1YsjSSk5qpEMEKnQtfC7osKcY6QnHd6yViDuOg0OjGwo85\ndLCO5NT0k1T7yMdjq1eY6EzOJdIhRhQRR0BNeu7y8MbeprZV7fyHhlwLqoeqoJ+C\n9nCFNLwNBVoLdHT3sY6DLD14ExA5AP5xhGC27eQWNxT7Y2eEjdYHpbC0zp0NEka3\nIaA01M04h330xf6MhHmCx2nw3cXHCRm501nY7d/OnidZFU9k8jFE2bWDTfWTHP9q\nGSyVQQh+CWDZs9ghpW9xgjtg5GCLFUWl927PwjMD4wz0YFE+n6nzIbEUU4SigGa+\n3ITKU3/3B18vgMaCNGAF5acUQzxqXw/xAoIBAGbaT1JJpANlBriDS9i06FZXkXzY\na5472Oc6kEzeAFJBoiCCBLkbd5N6Ce/8jGKSIMTkvRqUaorAVU1l7M6rv31uO+gi\ni4ROPC/Vq7hY3RZwp1LocE6zZt884CfGpfOXDn6Vx4iaSqXmz5x/5qpIkqUqQzbN\n7J2xqfFGf6Y22yh0s6xX/ZekEPrTESUGasfsGXKlkRm+xml2tsvO6ja04dHARH3N\nv2MG/kmCL0alWU2iEUTwC8b+RC3F20uh+xIXOA0LsXSxbobIVv/SgPvoJIfG9tOc\n3IvrcGB1j8OkwG0qZehu6iuAG3JrVH6lXf6Bwr+paA+V43Q1jsxtoxnl1Us=\n-----END RSA PRIVATE KEY-----\n',0,0,'en','user1@example.com','$2a$10$Q4ydQLfLIXGNJSi9q7Lkvee9ihlsx3zPo17jSYoDK2TsM5b8JOweK',NULL,NULL,12,'2021-04-27 22:38:24','2021-04-27 22:37:50','67.188.25.156','67.188.25.156','2021-04-27 20:36:03','2021-04-27 22:43:21',NULL,'54y4Wu2TNyKXbRohb6byJJZxDTUFHQ',NULL,NULL,NULL,1,0,NULL,NULL,NULL,'2021-04-27 22:40:39',NULL,NULL,NULL,0,1,NULL,NULL,0,'original',0,NULL,NULL,NULL,NULL),(5,'user2','-----BEGIN RSA PRIVATE KEY-----\nMIIJKAIBAAKCAgEAkhXJ6s1RA32fWhWsmji5vSbrCthTxCB/O8MQOkq/CeL0qpLh\nVb2DnzDv3U8QnMjQl9yZXiLlyrKooeawyPwFLkbMQu7gluz64KrJqfbWg1r2abXC\nh+btv1x13QluU8k5UOw8TWIISU4hCKa2E2SVi2Cop4+T4jxQz1lo0Pezkm1t0lal\nViMlGKBEYwPuqOvzVnQrxe9EB2Ba3JpM1hsOQrQv4dBRd6Ln1jhwCRC7kqZwXQsU\njSn7sY3hbZm4R8yAIq+eCdR6Y5nl5EnMubkg+Q6rVn7JdBzovnhnEHKptf9ACghy\nzl96BrZGt31ipnoZ67+KpqXEtTIIW5w2I69XMsz2Khpol9iapOlJ45YYvMM67A7u\nyqLS0utMvqx7+GRSPJUdEcps9XYxRKdrBD1PTfzqzFOSCnEGrpf/mSiKOyn02HbE\nzBqpTLPqy+XmkZGF8xFRQoZYjI9d0H+HuMlB02Ymnaca7fQaPcYIvoufurnPRubE\nL40b0LnTO+rVy9q741ENdXYiPc8FPRAh83P0zy8eJnrPOUk4hHSYPgSvyxRgodA2\nnonTUQfsw+MCgl3KYc3R6d2dcqHPkde6oxGy99NkluG/FVQ3HqdfYmSbcR8/6DVh\nDjGBDRjb61cfjPQqM0q4G8n2sQ77l2r7K1ksAEqPVnk11IviVigj3kwbMiMCAwEA\nAQKCAgBBfCbxbGw+hleiiEjBMWCBnCqMyAB00KR4Y66oks0kX2qR9Bmy16ti9wrv\nR/wIbDSlfqv5eOdNf9z8Bm+FCQRBhFcYQgDHZx/nCmgwGoh6hZIkPOghB7HXsFjd\nZtbgFDnvPpahkappQe6o9CJ2ewZWXlP8GO6P4b3P1SKZWhBTOV6bhV/ERyjf6yf8\nwsx/SJXiUV0181WpgNX6QejjqWkxGZjFPx7l5E7MxqviRG/xA08nRkpGJWXAZ/t/\nqALlnJRr+BF+EpNyhpB5T2PIdWaEfsDrmxYvSK5Eg7CfvOa6wNsyJCtiu4X18Euv\nATPxsJZiCZDbtz+AghchCdtzD6ykWb9z0mYQL5Bqn4aycnCvYjfo3jaVjoot2f25\npeQLNVLwz0aXIOu5sEYD8shoAuTmUSxUPlCBJ2w6oCmEaXiBnvwrgSDUTXU4RUs8\nUFaXHDa+OcctawVtFd+/NfLR+Qc1zNpCe2ohKG6Xmf+/LwKFB/2LxVjWIeqeb8K4\n0xJzd8mDLjC7W/E6tGat3Uh9FNXSH5UXNlXcz7R8GqPEib/jhgbEFcBPL5DQQ7dN\nTulisnL/jMcFkOQ5A7Djwq59CsuVeOfrS8G6RkY59T9966mOHkKxy+Kp9BsPW6KB\nHWavol5dBoopuGGLxytHcdBAVBhCH74P91q96nrJnCy90pqVkQKCAQEAwgZvbJjE\n9QfZJ+Bdq887HG6cKcxf0mRZNF76SRb8IFpmhDsJHgE/Vjip+dop5CkHPkAgQs5d\nLAvX5grJzR04skMje75P+wKvA/kvZwo7F7+b6/BlC9xUaXC2k5PAFigvX6R9TIHZ\nUXGWTDzGE2Xadp2kIYTle8XBZfkCEp4ny8I4yETsbhHH2mibVbiNgxdH3PD7/STj\nvojw9CYa/um2gvM+leH7aaVWleaunbexVQXTLGU8GALr9rYvIQSd6/5r6nolsxQ3\n2IW5snO75mBqs71yreVwVD+jBIUuavcPn92G/2jtuFPIz0AXFf+gMlaOjkF5vJuh\n2tMiQXcU4VEUnQKCAQEAwL9EA1CKvYFiOrwHC/uoNjyb0+ubsKCzFgl/jQzTMXVR\nEikRIV9m5a1QM3857fWW4M1yMuqvctaa+77HNaszX/5wLlAj/NntJ453f+YD4Jnu\nFd9mROd4aUuscQzpYbfuneMwUh9krWWJ5TGeKyUDq/dObbfuNy7p2qFsSHXEWbud\nL+JDUEfkxBj+5gxhuqx+yVasLXy3DiJOcTKMlpRP8i9gtrX7XWMDYaC2fsxzEFoF\nDkrUoxkWzHmBfsy/po//ZqWQm5na69Z6qL9bCYUPqI2Gf8IdRhN/Cg64CyEkst0o\nD10wl1m1TPfvr/oUECeiAtnho5q6KpQpBII1zsDFvwKCAQBTzRe/HdSjyHoAgSW0\nGVN8mkGUxBL2+iSVPBh6DRVkm+b/Ycg0T3GdueegZJwHUbkxJ91HPX58kbj0QOCc\nWOyuAdWHktFUpvoUi0HwDTksrrOXmkLqdoV27RnOb9hdOYoMky0TKFpGlPrHftBG\nfI15AelsGMxNQ0Ke2ogMpoaluQNxbGN5vvBE4z2ELqvgXOPLB8KuuYosN1Vq/jJW\nu3b65Di539sI7EKTiAkPUdGj2Vo2KJtl+40TB+kfJ7FVxpOxuIQj7q2YNVnZO6eC\nf05Wx5KKjTiRCtNMFoHP7VmwQKwYEKfsHzPyX8oY1EnKtBvqUVlVHxsvOlXnVJmO\nH8j5AoIBAQCZEoziEQHOFEW9nXv/MUHaqPGcMJ35fPYcxzhL/WZv/dp/kKuxFEH0\nn1p1O1H3QDYtnBtYgncJvZNh4JX2clsfnkLbFPwvn6au5n7SzQpBQh4JstxWVnmT\nLezp7zYdS+St8TJ71cCv0Fbd9TTG0OOEm6fmjM8bdh90aQRE23ovRUdFMu0AgcgV\nUECG1Eh85ubd4P5mNYhvKiGf1mQ+ZdTD4optMENLXAnga7DjLF0pHEStoBIU4STx\nCIImAFcn4W4Ux+H7IQnyh+frweR7v/e6hYLOTYvQDkWy6BOTiyPJBMf+w6SGXlEU\nqkbpO7LZTZBlsUF4G7ZDgFy+3uX6p6+jAoIBAEQp6+CHkc2i1A8nY56OV+lUZ2IS\naAJ0s1t8O6vBQ3feY6KXFKoTylVIxLrgWiMY9a/bcz3hfiC5BMYvoxSvDzv2eY9V\njtTDAu1wZLY7RtOAUbgdTwsK4hK4ho0lAEph9kW/mI+wrJwFOoblDbiRZ7KHnOBJ\nQudr/PQ7d52h0ZE65ADwaUaRHK6FT+HSHKrh5OE0II34WaEFES7LbQD9WawsjGWO\n+fHEE1PdD20OPLubSIbmbI5SoE2H73bMqO3p6L5dGuLSHlH7g9NpeldSptsV8R5w\n/ToReq6sBmEgwn0KMq94XjZw6LCljK+74Zr4gtl9c20AclfmjEAN0PHd7TI=\n-----END RSA PRIVATE KEY-----\n',0,0,'en','user2@example.com','$2a$10$3TnowJO627S97jhCvvEPh.BK9hJcjwcgT5IIJO7KrWzPSszer5haC',NULL,NULL,4,'2021-04-27 22:47:54','2021-04-27 22:46:21','67.188.25.156','67.188.25.156','2021-04-27 20:42:59','2021-04-27 22:48:02',NULL,'5_3NEPxaKKo3wNfyMk-ws-Fu6u1sVA',NULL,NULL,NULL,1,0,NULL,NULL,NULL,'2021-04-27 22:46:21',NULL,NULL,NULL,0,1,NULL,NULL,0,'original',0,NULL,NULL,NULL,NULL),(6,'user3','-----BEGIN RSA PRIVATE KEY-----\nMIIJKAIBAAKCAgEAyUD2z7KKqOGIwt7aXL1LocuiO7HQ28YbvIVP60ucUC0hN9gO\n47UiaN5LXFa7dd2tUVOyrJcKefHlY4aa8ZGTTiPGqnmJgSbpVxGW+4ZnJQUvsAfH\ngHg9mBHOQXOYFJfNo/Al7KfVhW6Sj+qqCBcxDmxSwwwoeEI/Baumvi7SLtG0QV4l\nZQMwcf0xKXDsYt8T7qDSrt0TsFdYY4GBKXsxB/p8q6Py9sVs8XchI064wZBFPEQS\nDygnreBFAhQnuI4jsy/LL9M3EyjmdNHrAT7p5ARyt9rrOjy6pOg48J5usRtOZfa6\nTfgOzKWOCXGxanU/2G9y51RI0chXL7Z9ArvpuuTyrr4tHYQBvsWZRPvpG4fzZ2E8\n1Z7z1EozC3e3HIymdei9PGPpBwQR1juPJRrDNu/TTUhaHbeaDWK7lz/+txOyGdmq\npUyuCaIhsp1WFs9sCfkHq5e6UfuWqI2BNKFp7cbub6RJlNUSgOM5Rg9Pqj/wMWTe\n5Fb6LvEGTHYvEy2y2bS65AJcaZm9HTq+9IQb1Wdw9Rst0CAYDG94Fu2oSj7dDsz6\n2bJ4lKIZi78lCyXFx88UTO+QqiT/Y8c2CaA90YCQ0ju8lUAh/GDsY3LW0hOQJR5A\niSP2ACSgg/8S6TIyTgPqfTI4b/jCBWmXN+jzYswxfeGt2eRPUOiiEq8EZ+UCAwEA\nAQKCAgBNQsbdqn3H4rl1kkdDNhqcdQgFobh8Prw0Lful6YOLVh/8B9KDgWzB1KEa\nxGM4Fw+r+pVL47pOYVp+UFUYaxohc+OXW4w5zD3lQqfzTMA5Opn5mqrwu3ht8lv7\nzYwzT6nPB2kPxsjWbkIOxPhcncaj8lr9bSP2MvxtyV18go4HElOAisuRUV2eTSS7\n85GUTW6h/BSVs+KUnpucq8Fxssz6cqO84vZp3RX7RxAuNVEBYkjqH3nNXs2I12G2\nsBUlqU+0QSNga1Yn4VpDu7jb5BK3iiueQIlwdJL0rv/5A+Gb1U9OHp+cQiAwWVhD\ncOW66GNHzFVQ0I8aFi6+bvDkBU7vVVivlNWZyrT91kgO1yQe8EbStapdYepqgkn5\n/uVZEZbFKWVPUgxB3Nh0uYL+lmA03AcMiDYJrSQShx+twsPcoyqzaA2y37e5ZFOf\nXz+uO7fjnAtfTnVi4ahO4ix4SvrEHogjqY0k+R9EDvuM3eOPSn7XlasHJDH2w00P\nMh1oeCTQjul+sbp6/FdVH36dZYctwJ0iugzlLmzSQ3r2UBMK5ghZrMmmNIX4zbGH\n+z+qt6/WpykPVeB+NaPs2W1yFUh7x1yydr+Hm5VdVWB+pm9QvdeiotiRC8KJhH0q\nY5EHMxscPN0sVO4pdPG5Lp8rIrIh/2aR5XeP7xS7xoqDXeBTWwKCAQEA+Yu8wNmY\nHfwlL3+Oo6tKvWMTZ6Qv9onJN3taKTh2yGp1hO7xaB/Eoo87//RRXA7o9sDiTqrl\nxAtr61GgnNqeNWnQrp9S1MQ/DRTkmiYkv6NH67rm5CmIz8ZLuX1MquLTAjF3A+ek\nSoFDD4YZNzwJuL6GSByOBbFZzFyrbDTJmyZAZyrUKV5BdSTR1qAN2cr/SKgsVmo/\nJ7duAvM482nQ2ZW3sYaSoZe4WSLbUUd3b0sKMIDIhAZdc3fhWe9bwm84dyhloZUQ\nelyend6W10KlkZ7f4C+o1ee2G+zFaVz9FV+PiWNWlxGazHFur15E9Vo8N7RiY85Z\n08x/t+2Gnnr3TwKCAQEAznV7KivL2QCk7HZn8uCv9RKW7qb30Z19PuH0/hkPUtB6\nl0ba8nhXxeEIF/GpCACr2IsK+dIznr1+1WTbUVeeon15rithJZXtXDJUE1hDtm+B\nAic753yvw3Yf3Uas4xE69Z3b4UQV7pdQb0VOYGxsVZ6h7y8MuVV11eoT/DB77voO\nJCJkzqscVionmM9ZJ2Rnw279ou43xvuB0uIVSKeaeqi5T4bogyCidAgGlsNFCRSI\nm3XjMQKDIPnD/dNNxUeAqfX2HnS5OqHPbi9uxhnPxTDa05d/rIU7q+3PULwOIGQ6\nnrdt+Rkp48emtszQ2JdBlEtwleWXTtoe7iBzIbXgiwKCAQEA106SuA3F6rEf4GB9\nUIe9P7RZDMYjv+JYIy+htgkKq5b2+JA053LpdJyC1y8Ud4pBxIzddaSMA98a6PkP\ny+XwNQOsUs4SaJM+F2pcZwfcEyCtMB2dk2SmryZXNZ5/ZL258518I3lcThBDLQS1\nguuhM63nLBa/DvhbEzEtknnlLKEPVjQkw+CYN5tiFX0ZFj3IjwbS4mhfP0RLfe4e\nyB4XXXSI/nmu0A+YtgeWFQXFbdff3cNvvkHDpZncbH1RvWu620yWi5iSlBCPpoRj\nvyy4r/DVFpfoY0692FAsb+EUV7mQnaiBEGzXE+gW6OY8Nzj41dMkRRrIdC5wT+B3\nkwtjjwKCAQBGXuDGNPtcUc3lE07HCDKxc86iNaMOfYGtJ1NcMKp6bbj7SxlhwAca\n2WLq1mHo6mGog2wQTsdteeV7Us82YIkflWkeJocMSpgG7tidZ15dFpCAbWMLugIm\nu2KNB4PyOXNBOLczhwN6uXSfGJ5oW0xpupIzdnP9z9VEPm7lbJkxkWW0h0yY7NXR\nwLiSa0pWFPEROgmVuWCloCBWAt2CUC5lVJElPDSQTVVR+1JTnOcw+yC87Get0s9j\nM/7Ly3QcpAyE4eMr6lkgVPrg8aXuO+oHqmlL6b2IzjjSl1IskIy4GbGpW5hOaXdP\nvkNi11jwGk4t/7C2RvVV2R7lx4W2ncmVAoIBAA7SKgf2Gaxxaa3vIsEkXiBL5jyg\nkNRz1+5w1skH+95T31hXy0B8r7Z+0rVKHUhzR/xO0W9WozALgFoJjHEvK+ytlw1k\nJeo2ZA1BrNjVRuoCSwNezts+vepLqvbbBacz7lEIHWTMs3w7iflbHRHbp9TQ9khY\nIO8mahxDVQABdWRgJ3RxbOPNnh1tBKd0kEjtOmSNgKMrPWX8BeaecqsJsLtIzuSc\ngJrLlyVkFphMu5WoJCNda30xMOhPdHn/dyl0Izi2U7ZJigUHAe/Zpu3MKA4pa3ut\ntkin5BoBvp+V9nD/4JLNvLNntEYPrr4HsJ62e00mDasotfoWujMOdU6oqMc=\n-----END RSA PRIVATE KEY-----\n',0,0,'en','user3@example.com','$2a$10$XcXeq06OmDrXYCl.gadnuOEnUxc8rE8LF/SI0Ou.pjR5Nbwos7JQy',NULL,NULL,5,'2021-04-27 22:48:06','2021-04-27 22:43:27','67.188.25.156','67.188.25.156','2021-04-27 20:52:16','2021-04-27 22:48:14',NULL,'ysdEkeoGeyBmmttfUVPT6LwbUcd8AA',NULL,NULL,NULL,1,0,NULL,NULL,NULL,'2021-04-27 22:48:06',NULL,NULL,NULL,0,1,NULL,NULL,0,'original',0,NULL,NULL,NULL,NULL),(7,'user4','-----BEGIN RSA PRIVATE KEY-----\nMIIJJgIBAAKCAgEA0NEt4frwYqEBDR2toycyRVrlg828YMtRIK3hEywjhp31a2Ts\n73BrZoh3+1qvFZhYPd0NFnxCO8UJpjjq2hcWwfwg0CbTf9rkwvOQaS83KdTWsFU5\ngrKvD74YzMzdfK4EzCab7C9GTD6TB6CnpDo8t1bQDfXDYK3kRe7roTX9Sj9DxiWG\nvD7IAzJGwBvHX5cj9i0nLxDY+s/L6ukRf0MEisrq+LvwKusPBILjKJ7Zk8Hw/EGd\nr3V650gpr7JSxwCbZ0hL3lypbFPBAicTtKjBu+gHh/tVIBoce3hMQ09AzXupJMaO\nn0f70y6DvPdINvlFqc5tOozBmjReRjOZ0YHSfz7LT2/RA0kWHg85nj/L/B/FfU8c\nRJujt17eZxW1vinZFfrp7ni2hdDnGpONUVUurOj5zJMiZ19KorUn1Aad5jsv+VPB\nhrbK01vD7NHeuVZcmL9eYzO1/9H4sIq5XMBkpympaRAp9D6tdqPQVbAAM+Oynw0p\nRFAIM+uojbvPJqXkW3M/prwPxKsvlq+e47zl3ZMdCUxPTGgZKiuULru9aM0OaUU1\n2vAN+cxt0iZnecSQmvgIOmweDSJYqo88d9MIH8GQheALieYWcT2psPofaD36ARN5\n/cPW4dJaWQMYZN6orNwtDHa93AFWUl8oMplEpGqPUBKWP4DHf1dAb03FCBUCAwEA\nAQKCAf9Dcq0EbonfMEOMQoYjodkJ+X76zkHeevUWVvYy4ZacB4jgdFgWV91O+5C2\nRrG5NJN215uABrbkb1DZW0eZMM9QcuRdNXYn+i6aaDR+iE63ZxdyYGesFSqSnk1X\nBjtmS8ks3GHA6jH5eKZdXrkyYV0LFqB61Sn+SdR2mNRPwnLNFwMlZxBY7PnHULN+\n6DE/BfLtP63F+7R9HtQ6oWcxiTdJ8ZjAksh0JSHMDw9PMakZp0MINocZ9AKAoKey\n7mrYaOLPVMb170BkobLy2vU/ptZx525l5XENJuxUck1rUEd4xuZCZ6P8kgmPDCer\n9SxFe2YXDtEJxYX+zsC1bTY/P5ubkfQfYcaozqRF5QhmDg5bQa2PQHyazN83tAiA\nrQ95ZEQszYtrD90qnZK3uv3HlqRKBP5iNKeDhDQY7LUEhtyl09sxVA7wsLhHQ98F\nR6/FhjFl3rSlOShzPZ/Nolb44fWKCKVdEVVjjLeRfoIlOZyIJ8wLUJZbf7w5MAz+\nFDndPZGOYOC39uz4fOZCDszlscw8K6FekK+h8GCe9PNEgMdkE1RAPlExWmgBpRG3\nn3rHTEh/7plM48k7SfRJixIcJ2o5iIs/jqQ6HtfajycvrtiNGN/Y34412Fbwg+TH\na57geug6OunQYMeX17Y+beEdmLnynyZTpYADfp3lrP6e/3k5AoIBAQD+QOa5QrBp\noQM/pLj4ptaQm6FCCPRzuPcVzNRXUosz1+YCK7z4GMgVtPceodbIJ+q2gi6yYO5r\n8ikaT/8jqXgh0v78cM2Z3L1KVc/HgswSNi1owU79ni/l2bIkSV693J7l3+IGyVi7\nDWVbKHnlRvDXjysYeY9/CMJVfvNRR+RagllrTW2HXaoxxi4tb/J3hvLN2+2CjvMO\noVK4C0HVowWjR7ZpBZm8KA+tsuzWv5xAxMKbWF4fT3PZT9zOC/NZp6gOvlwRHluU\n6l6bm9qQSb7ZPdUsp1ZKbbNp5ZQ7Bc9fR2VBUzeuZxj8pn19jlSky3owkSGAC1U9\nMdGTgcItz3VbAoIBAQDSQGEN1KZ54R3nQ8jR1ow2QMukBrXm2X6QtgOfaB4Ytawe\nrmi5sTnlBm9RI23HXF5XXXzzl/v8lEZrnoV0aGEA5QfoTilu8gn1EDi+LKpSbAHu\nOk4pp7RmnMGEQkVaKl2loxLT24g9v4Ka7uEYafDVclviiDk2nBoYrz7JHTxMltTp\ngKaiIVQ15cPgsvYsU7Bo+JpRXSsV0/S8tRO57/BBo94Bv0PS7TMuVMoT1ej2XVuJ\nCtjKa/ILAFGhWzRHUwZLoCHlmA1aukIOpigBUG8xFRty+nsTt5X6F9hRE7uleYFr\npxvlJzUrNqtIr8Jpo0RuLSsjMGIA0g2ReE4Wa0NPAoIBAFY//gTqsp2imU+FuZng\nPvlfUhzsnMCFBozGp2HYBpDXtJcX70raXUW/1fT2Qb40jFLNZrnsV/UWeQsMCCk4\n3B/dS9KnEZgYYb5NzeaIYGHtLwpSSVGPz//REbVtjk4qAV1JzYsv0oHh0XhTCsbU\nge8eCiiLVDpr5kDKiBASq0xo25yi73z0MUAhUpjnWQFjLgrXiIK5q4pS/5SffP3U\nB52UPjTySWyiym7KO7290mvGU54PJB7K/SnDBcyAEVVgoood2W2VNswVlXKENGiu\nG6fmaeJ0AbnN7QcHcnlzRx2zQo4ehM0M/FT4xalKFzywKgs/sHWXYpsXw1ietBiG\nP/ECggEASO8IO9H+hdzvkJ/U8+Wm8dL8UUP6qb/cxbo9+3gUqKGsuV/q+C9gU/At\ngUn29Oc32rqVc7LPOMj+vKpaxQzISZUpbw5eFRxlE9uys1WvJ7RL3yXeo1iHnejW\nwFh00lhL7/9nspI+6pyaY8Bl2SA26PQop6Z1oln4O4PfFcjMeA0CgpWcODWzjpbL\nohCykKHfWiqS7ZKSNZo3FZcC5scy4rJDevusPWkHDhVfnA3iKEQuUpWuqllTtzk/\nF+gZdHx6fJVp7MkYKNbfv1EoI3yRdcdKpFH7i9Vtczn+UfG0cCx8Fqn7ZTx6lyj5\ntdcya461WDrW8fgApyQ2jLXc8K34xQKCAQAEp8wuc7W2+BGCugSZm2LCSBbV+9iJ\naX2KeQDfaLUfixs6X9hFVMy2X2jdcS1H2+UiM7UsXaiOLz2qMzG9xnehK7KwaP1h\nxGpP6YaYqNSCscZ+9y9VJlzEc2WWR1p1VTD3ukt/w202UxWpCfVb38Mnftt5v3GF\n42gfts5Xl0xujrz0K6HI/wX/HUPL2vq+BR6mkDXVq16FKGjPMMvpqAT1wBw/Q3Kb\n8d0u1+LmqnwV+HM1fqnu+Be6VAEDBZfFXHZtCoio5KmzDfVgM10XX+IyNCZiVQSu\nNnGpDmJBGc62JXL/4XulkLWQU7LeuDjdR0ngypaYTkafp11S4h+CNuZ9\n-----END RSA PRIVATE KEY-----\n',0,0,'en','user4@example.com','$2a$10$QyEF3dmc3tMO.0pEGGP90ueQ/qqcC9rit9WwSAVHcq4oWP5iAkr5W',NULL,NULL,5,'2021-04-27 22:47:32','2021-04-27 22:46:46','67.188.25.156','67.188.25.156','2021-04-27 20:55:32','2021-04-27 22:47:49',NULL,'EkCtZ9iz1Q4J4T9iyRDU52vZbAyXZA',NULL,NULL,NULL,1,0,NULL,NULL,NULL,'2021-04-27 22:43:58',NULL,NULL,NULL,0,1,NULL,NULL,0,'original',0,NULL,NULL,NULL,NULL),(8,'user5','-----BEGIN RSA PRIVATE KEY-----\nMIIJKAIBAAKCAgEAttHb7MhQQxIPrh6AwKhPP+6oz9eTSAmTMaM7J162nSYMo3n3\nLDhzvZQFC3PxU8KmDluK2JtWtuXRkgeLViKuEzBGrD20uAAfxGT2JhrnvV0B+ZEO\n+r4rQASMXPAdykr7a66hUlTLetqwHSZs14KnOAj/c+DyXrOgKBJLj+d1hiYsMoYo\nqDSCuWbsqXnBJ95aoMWwkUC/V7Rp0v2C5dLOfhGdHiO13sYiUe6bOLY331yebOA8\n+YgZaaC6k0Bki0kQWhaDD1IzpbLueH8YUbE6DlBDmGJPuNdJkZhbXQ8/JnrlJthp\nWIszHeOkM7Ykzy2/lxZvzxGY5QpwvTDCeICaO3fttrjQ5SAZJcz4khWsbYphnCSt\n6ZgCC0aDA6Vmon8gGm57aQFsrzawDfPBJ84cTuPt8CVA2bBb/x7gj6IG/i34OmGU\nxEC/kR7jQy+lOY+AVXV+q/9cHQBmFP+zagnFsrqFU39kRzu3H/JGhksphllxVZi1\nDamwyuFxIxv1lTvNGFHLVqj9Mako6l7KypGQ5kCmCY3T/wvjboXaLnFpXNmfrVuN\nCp5dWQgJ8QqyNA/T7G2RslKSldxwjhXdX23SB4Z+zt1NRMuivIt6Xc1EoURVSFxt\nBQhK35zsakCCTv3eitOfBHLL1u+/LFa01X5Io9Q5LT0UGyYUhekdyCkqAdkCAwEA\nAQKCAgAVy09NOzUMRdkuL+836GioLbacrm2doxyTyIqK/zjEY66Sh33unN05Xq26\nR4xfqJ78q6+R8nTEMYIKB1G2R0Sav4DRVDrYy5T95+5LLR5uvel4G7GeNTD5PQGR\nq8NVZBp0ZBlRtA+c2fiwRO4pQ+dU4Ae6A/lIzl+bn1C4O0bQovjWXhV3NelWml1A\nt+XNr618qIyLyFz3IugRscyawsaAk294UhgCknqxa0FAYcKn40X0o0fJlI64/6L2\nXnEOBLwJDVF68Fj9WichIL+gr4DFB48DWcb4uVuJGpFbtu9XkkOCnb5zQobpu4NN\n8dsSArlqFM/n7shcF6JIf4lTbbtVA1t531JBowp1eC40OqXLg6NHSvxcJQ6lNwux\n0i0KfcbXMBEb63+27whgONvlutRtApygpT1cr0T2v+J15aDsjh71wPG6a0P12ZkP\n9gq/7XEjRFlsKhWufHO20CL1gdzRu7D3v9XeTrXZjYPMxbNdf6y2ITviPG6fTMqh\nQx1N8nri9IFHiEfyPpl8E+NJk6AmGnX938Xd13ffHHCh7sRoNJX1/lDj8Iqibp92\nWxFxs+bJdvi9dsAsWzixdrWSsrkSIXVHcPzZA8hp+/GRsbqPy7AeVAjhIeoSvTMs\njlKZOxYSLMDi6Rm8kFEPFALugC3/qtr6VVoNTLeNJ2KAq4R4jQKCAQEA57qZ6Bp2\nLwpQolsDuOQApqDtz/GDY5RicJhbxagB0/YrA7CWaR63e5wvpFwCQQdvamOypQfG\nZncfnhOPzwVZBXoWsLZg4xTVBvud3ZQ2CQSs2K65IhZC1Us0sKucveRe9/hhoBD5\nGYIRHO9EYSXqm73nLwg7GhqYU0FEhQV/uFKLXWPAp0FSsaohF3RsuFdq5OUkt7V0\n+URLNeXPfuPA+VSDbLmomnM4PbP0E991nW2S7/MO8vttBTkXoK2ofz0I3mW7BUtN\nwM4mEVvk4Pb/pzAuQ7FJtYUEdjmCOdTI+WGVv49C7da7DZnXnRe+1r8guafIosoO\nukmQU/0asBA3xQKCAQEAyffYk5kZoZ6Y63v2+c0ljM3dHypHaBWKTpNgjYMmbeUm\nfkVMOOpiCPiMfdadoFfpQz2bNeQQYFOK9g8B3oel1BONeVRN8/CsCSE9bfXqn9WW\nwUaUu5wgEoG/X+ecpLFHjc46CjJ1uMIP2GrmaZJCzVDPJpvf8avIhj5JAjby4Lbe\nVcF5AYvRQJc/yNY3WafIyHq0TMTLi+jis7rrD+cZg1g+UCW53Z+7SUt+xxJq6Z9o\nzxifmwJDU/mmZiUokPVAocbiiYNeq/S/fVH8VVZnYxF9ig8ouxJQDgDsnRK0wwBt\nGezBZZxtj7ug0vExUrYz/AyIfwwbF4NNXgZfRijvBQKCAQA9lmCVSYMjmXA41ku0\n9hQeNSM/YwbyjltjZXrum2pw9ToVbvdq1NkbJzWaT0HiGqHH+ttd9SUL0pk6oCRW\ndytjw0EIklBJyh2cD3+zhlKeLvnpVParUpNMsQI9+j5cUbfT29XGfvxVhTYbJJRd\n5X/nCJ/K5jsfAvZ9Ghml6QI68OVNWte3HCtoQLkuzKigjctBLo2Frdp67WW32248\nYTfGjGmpmeZvtjO6Ynt6VKejwZ2N3GGavqwI+VWIRN9Fgek7gnokPBFcLu37Kxs3\nly33N1z0bMgUUFgRO9Oany0S6pasJN067Rkl0j915vu3g3ClJyyx51XmuOp9CAXx\nyT2pAoIBAFs3bAJlcDUVax1X1JjHtYDdbVPpBW0V5WxNlZr0M8QIbZUz+RPvj61b\njCA9cN19NuXeih4Rze+ja6xr5L07aILa/ddhYv+coCZTc+oY2gmsLrVGCmCdR8L0\nBJntAktDofyCuqXmWlLCmuN0jHH7093k9FoMpl0A58TxlonAhXtGPC5g/iTbn/tb\nFDzBuyfr5nvdJ1dQvlmHKfRgpE9/YX93uFT8ZPCadrzIsw532/99tplqFpOstvnT\nU/roJ2UozzMBn0jaI0Toeh/AioWES5dry9YxuISc5bkdY8AhNbConZ3K1yHsP3Ne\nG2mJ82vWzK22f2NZ9VZuP+AKYrdOP30CggEBAKsDHLDVDbz6qacXJhhKRIQa4nix\n+KTL46T/pS/sRmiIgxL/zu3LPThkQaA2irTiK7FQAvR/MqNxytaz5xPivDGJZTuX\nKGuI9+ZtEgISe6Q07QwGQ7woO/faQ1Y9Po3TSZUVFWfH6jEPxVGu4y0lkV+8zWw9\nNiQ8vowWMTp3C0O4m/6YYLQOoRsu8glOVa3YP4XZMHKgAfVBVUv4CjBRrJTeZrol\nVD+vSMgPfbFYhCZEEMto4zVEYT7SnuQ9oPts64PXetUj+sseuAaopFzokdsnkD6k\nTHq6iq+qwulvGNBo6Yqmd4U1k+fW67V1ETqkMRaYPeR8OHGhqWpgfvuHvOs=\n-----END RSA PRIVATE KEY-----\n',0,0,'en','user5@example.com','$2a$10$ix/1x52NsvPO34H0rmQj4u1wkRpk22KW99ZsGyldgn2XjAYzHWzIm',NULL,'2021-04-27 20:56:28',4,'2021-04-27 22:48:18','2021-04-27 22:45:12','67.188.25.156','67.188.25.156','2021-04-27 20:56:28','2021-04-27 22:48:18',NULL,'xirSkGYF4kVEdtP-Yh3ktMz1wPszVw',NULL,NULL,NULL,1,0,NULL,NULL,NULL,'2021-04-27 22:45:12',NULL,NULL,NULL,0,1,NULL,NULL,0,'original',0,NULL,NULL,NULL,NULL),(9,'user6','-----BEGIN RSA PRIVATE KEY-----\nMIIJKAIBAAKCAgEAr68j3qc2lAmbEO5ODigylwJzywkdGDJhu85jFtHEXJh/+xSy\nx2Lhyll14L/dNRrOJDgqjdOauFQtVt6KWI+H0feAv9Yt9mc5m/xYlcAV+EK6RhUH\neSYIToygClAihxgNwhC16CU3tUE2/7YgUxQBBkBXQ8KfkHuuseVo4T5sY089YApY\nd+hZfLoYKM9fQlQz/PEQbO4KhRaNjH2gcO7Q2KpWRPWpQ66fGy20cS+Fk9EYVejv\nm9qZlxZlAFsj8bZfIcfYupa6k5m642S/yS+To8Z3vmEezg4rMP+Lx7DPNyMXVYig\n2a0TtPaniwx7irBSDdDDibBSfZb7W2uvAmzMDAKXhKkZWoiWP+tkFl7s68lQ31Me\nQRQUQu0lC1lTB8pYd2kWbAtMz30njeXTjYlFTH65jEQfS4F3Ywy4vI30V4zAH08w\nAB94cHQ0J5kMuAGgxYUxk+Lr3NRRTVcIAEQ7XbfAIX/aWbZIAAq5yJL4t0JJKVrg\nVM2zYQh3BeC1t8Op/os5xdWlinnTsEQQvQsalYe5V5XmU779xqHr0R1J1fgAK9kM\nUptG4vDIMvQSN7LvwoFZpsAPAbfgSI2PEj3ChzqhShxABmj9YYd08YnUDjnwnoeP\n9+iZ1L+TYiAYvQXWOatBeqyvgTXj+UgYLCTPYo1iPHjZgHvkzIE2M9egfwUCAwEA\nAQKCAgAyCaYjwmhvHZVG6zjcG2LdU9t7FqtsutzPSuc6FqDg5qZ88tZAp887fONw\nEfWFLI9ODZlBL+W/XmpTdardsnOyv9WxzeTla10jKmporH8VaJv5Xf/053oyNSdY\nCJ7s71Lr1SqaZg9J1rs9dbgbMXVhPG4eZI5h7nhBPt/yV38zgdwvQIMWE915At/i\nr72n/KeaAWb2P45LfbLvMtDBmaNuMoXDulxtZIz4hroACtL22PUfcurb7xUTzVMT\nGOJR8+mAi5UU/91AMObj4UwmlyBr4xkz5iGJ+ssed4puY9OBFsOMnw+BMCSOxDnQ\nBswhIjscqDspOkkkcB5DWZZNEIPE5nUjVjG+8E7f1EWl6DgHryHrsFkrOh6PQK9q\nHvFo9zjNHFKXSdFFLxTsHrhEw9C1ipd0Bkg6jRzo9rBukUAcdAKzWTZSHTdeuYl6\nJ9smWp7GSI67NQSUABqa1hkQ2GfuT0oseOVFF39IVzxWZQbsrfYbULiZLma7GdmX\ncbgKilhnHNZ6Q7hvfPraV4PmhqHNn/WL6kGAyBdYlutHeIJjDMgXnWFH8YWDTuDw\nZyCgOviLfx5yeJWmo91ggScLxJdqiO15lAhq4t2IXdeR8jtRihm4Ip1axn2i16Cl\nm/Ku8E6XA9bkA2FyJKqkzKJqA764VQNbUPk/7zyh/MHe1pXvOQKCAQEA67ME7Zae\ncbLcFS8fWoTGYNELKw1D7AowzD9zWhe9oG9E62l7auvk41UEOGmmfRbxhWp/T5pm\nOgOVV0y/yMkqmgWqcGQW64uizpTlh82UqrrP5qcdLm+7AjUpp6+qVZFk1oFVNMRf\nQSF3ZKwGOLS/OR+eqAgT9Rvv+SChcLaAOF4p+rgMmHBxexlDxpAPS0ERFOgPyYKr\nukzM4/MfknqN12DEE62Y8b90MQMLfQfHETuIe0h1rF9grz2suPWbHsEQiXIoUxNr\neKgW9JEp9abPv6ZbMxBOD2LtxzuOiy11/jiyxGojuw9mtnIU9BDrIQL9m/xaH9N5\nsKUMcYt2G8XJwwKCAQEAvtDVtLF8j9Pj8cfgCHeeIxulDmhwrAiEFMqQiAB0Xn8f\nYnEtIWZHY+T7PZsCLJwqKKp+Bfz/icjOgndMbhIN3momzpcXQ24GVNbcq2H/hQTx\nRGS5TrJfsUS45F4jRvLz0OsIDDGEjg0p5l3iz3s3TbmxqiaX69Il0AxJkORcIT2a\nEVJPacVVRAm7X2G1znAMF0TezQAuuvyB2AgFc75PFBlhDtdsrxPHO0EsSqxPgJX+\nLVHSRCcDWQ7zS8l7WalKJE5I9kS7CozRuk6Q1QfAQT8toPOr4WIA0Z6a7nj3Y1+n\nuqBDWv1e2cl7Vnr4aBkkIW5wC1XVhhdic9d09Pq/lwKCAQAzKpqwRRlCT3SteJxS\n1y4FiHvnLasIC7JKNKAC99JniKAqhqyPKoR2wVb4NB87Woa10seubTMx9uMtn3Cm\n0tzXsNEuMtwy6A5A0Fv/niZe5c0KIk8YbJLpSMcxKtZMWxLL6imoGdUf23cCuMFk\n///fE7kqew5yEE2JBIdnY4b0NaThU6EQWqCX+4UWDuHzET33DuWWdjJ3cAKunXHG\nJ6qxDcWjC/V+zXQYy7Nrwgt59zWKpdE9yTrA8B+Vy2OQSpMfc1PDrRyQhdTt5LF6\nLWs+DIwRysFXX7+El647EnRh6scMEoqNKiu/AYcA8MdKVE7f1OlvrUXmjf3kjETo\nhIhnAoIBAQCx4e8HdtofHrIFyIXiftiN9AyIBPbceUfgNgJMttfE7A8u70DaPQXa\nazGH+cQqIB7xMBcxr+vs36UcXOiESBJjwGOS/akzNBN07aRjpITW1YexcZCKe6DX\nmbAfPF74mi6PGTu0WkkvP7hKyEVTlJM2wyCL9VR1A8A6VeoSx7/XQR0qfqgHe22E\ncuoY/fbFjxDGdG6bf0sRB6pn4PpsLwJ7QzmG426vO+nkJFqM9ltbDPkZ+Ifi/teR\nI23NvfNe34F9nPlJk0Mmj6ZIX0uHPKWObb40qFQYVQtcXtYh7+T338l2IkcIQOE2\neCyhrxt5t85F2DVda9QVICGoyjd+1W7bAoIBAH+NuLvisEe56ACJQV7iayC7MyUv\nMR47s6PiVjzuhI2XyK4r97j3jQwHsGz2qpiCGuAntdaLNEC80UuCMnHXzaAY/ADg\nBeHc3jeWd1tQAbFLJ/WQXfPK1HF/EoqHiZFz1vlzdZR9yS3JVFMHstFhWpnO4QgR\nA9QBgswPhrn1rNI+k7z9LfOtlFBF1WPD1K9y3pzx0Wa1p5U7LSpxTbtrv2Ak7mEF\nZtW2u00ZBFlrgwy05VzOwaJmNG6TtanZgCdMnLQd2HIEgEMeGxCJ7cpuCry5bh8P\n/t5plwZUFZyF/rXqGCxwbga8gFmjSShIXZJbAF+nvRPhe4gm8ovg1gcPBTg=\n-----END RSA PRIVATE KEY-----\n',0,0,'en','user6@example.com','$2a$10$LNNp5ErDyQvEoWw9QzagFuxpG/PzfstHVilUgq3/KPBstUmagTfPS',NULL,NULL,4,'2021-04-27 22:50:32','2021-04-27 22:49:50','67.188.25.156','67.188.25.156','2021-04-27 20:57:30','2021-04-27 22:52:26',NULL,'uqQsbGctMsWdbbHyx6AupdE-ndmY2w',NULL,NULL,NULL,1,0,NULL,NULL,NULL,'2021-04-27 22:49:17',NULL,NULL,NULL,0,1,NULL,NULL,0,'original',0,NULL,NULL,NULL,NULL),(10,'user7','-----BEGIN RSA PRIVATE KEY-----\nMIIJKQIBAAKCAgEApzRh1KZvwkgikJinYgwpnmk1Z2xj/nqtuSEAS4mGQOz54xPU\nICxxuJ0JbQjwYhGDQqFenK94i22dhzsVOe7O4QyHJ6EZ5Xq6AMS+RMB5iN+Yjc2/\nAbIxjG7lQz1CyEXjQZdLgp7Pi4v5Ajgj417rH2WJ+7nt3OiofspLkZMzbuI60QWs\nvPfhlUjJEdt4x6bNulNr+LFpUY9reCrPVy5tbEUZJ2BbURJ3bLSNj1cR9+YWUTE6\nYdC78Y3uHJo0elvN8gbnOpN6fU+L98NCT5qv5KQ1oTbcMfXSKqqnir4qcQHZ0gGP\nPJ5nhUbprz4ilM5xOOSgBkdMJ1ClL/WC2BAumxI3/JpFYU4saBd/+fporQ8ZVHXc\n1JkYwSf6J7jwbVj6P0uEM8c+9vcMvvk6isiG5q4Se6qHi9nYqvgDJt8WiHXY/03a\n4tNy1WbaiOP6eIxdlKD8KSiNBYPOJyyRN0CIvVuVbSPHpl2y8VAsrabggDAt4t87\n4sGrSvJTRdgW53jxt6VugPjDmmFQmd/E8suNwt8fG56q506tbqiusBt0AMszl83a\nCrpv9WAaxpvoHHbNSMIFVWTN0fruyPpzvdz0jArWeKkM3nQIGz4gYoi+ED1NDeVh\nII+jHQB5+FE4fnid2ivu8M+4x86m/btpcgznRp+6DIstq7wjmv3p5RWVayUCAwEA\nAQKCAgAsuMUF9LJlu5eLJ1l1zxz+otNG42XndfarUplamuEO0pOP2gjdxiVwpIgV\n4tMw19BM7Q56SDCs0lfVCMeHpEkvRoOL5PohN+8yL21YxEZ9hpiuLP7OvFOmZS7r\nCiKnoJHFRGtM9585iunCXzOyJ/wpfKYobzWg5ZXTu9X0jPOvz9C9gZAPRxnOLRai\nsRogBIx4LsHtVb5+syaikIi+n8tirySoNIyYJaFNsQk/8qD6tk73znv4F7V9SWIL\nwm8Q3yc5egE02KdlhvZAAbjlw9ESDZ3OjfbdYguhn92KLYz6hu00z3f5VcEIk8wD\nNFJZjNIZzoTCySUkStyz9C3YDpP4NQGa6SdyFGSe5gVM2GJ9ksRpeezartECiAHM\nuMnyybTkN5enfcBW+bl/zkZRRRjLZm87USwKijs9KUSiRD0hr/P1QiCjuN8JdfUH\nDUWO+yFD45GQdKYXT+/MEg0uedxA7Zvn8Jx6NrPuwcy4SyL6btipJz5jTf7B3VML\nFbCO2+HPz42w3+OtqTPIBEU3jujMJ2NpeC2vfQBCJxPDQ+G08BWtRzn81m94C3ow\n4O+RvDF4Ua6lpC4dO4z5+zO77mvMuMubEjTSwQ3TiTqF+VoPMNIuMHL+Y/dyhpuQ\nkprnQyILrE1OhPeQSh7Gutn8qHjZo7yNxH2UFCKI/gSrhCSejQKCAQEA4yd0b9rm\nUE2+Y2EKhGm7oPl8pno5r3vOZlTHM9F2DWuBxuZo/tFcB4Azcos2uNCFFin0M2AK\nV9ho6LQ13nkrDgE6Avz8/IKreEO5sshS9KHmM2PW+5YwMzQBo7iXLVT92CbK9M13\n3HBnT8Zbu5jqJI1xRalH5o5wwKd2Nw+YNx0nL2d6r873chv7ggX4ZoEs9+CZXMLT\nMXfFQiDbUwAzOGMNgupBufwV6oD4WlwvEwh9X0v4tXaJQpbhYI0BaD34mXx4gEEW\nTmiELrlpM1WT+thtQHvnUuT6B64nFayWxuNAtr94h7J5wZfP+Wo7LxxGlh9y6AMY\n9HT7gMIevsq4VwKCAQEAvHAH9RrTJWEEaqSy4vgBshflCWdMganlsysRw7/TIAqO\nqP9rzgYqnNKq3tII9awBPrmM76oSusz2Nj8htbe6EbJlHxWZ3/PalicKvpJmivrc\nDfk8ON+Va5qg4qFTUFcJDGT1GXz3YqlgVtYDSo34ijORdBNKZRRL1FYBIItl6q0f\nVIwBdQJIlDMCSd21TLLPw1pchpaxexNak2864yoGPdKjT7kXQqoTyaGC9/pTmDXE\nMrSU6g3Y5jotUeBwkcAngf7qRSjEt3u+CdZM1CE5BdeOr6f5poKLKJwLNZ/xtlqf\nUtnRXS9l2J0xnmkD+mGC2to9Fr1/5pcyG9J6OUn64wKCAQEAr1ql6DNz2Eorz0v6\ncn2s+neeYmW4Yl+Q1i5cGQR5vaJgbMsyAoRcJu4wyRvvAnz2QEXi3kYlteq6EeoM\nK9IeCpGn1ua15bh55j1h/UHnyDGzI7jPHSizzNM48Mpu6e/ShipsQs7a2LFtD4hx\nCEDjf5Qw/TXQ64rKP+8Gszq2ptU6ir23WEDNhKlVXup896SAsloQCivcHTP4czQq\nG8jrwXu10npEgu63fHBTSG4haPAE2KwtMuhuzZjsIzy2+WHdp58O5vNX5O+KGwfG\nznoh4mNw83ay/KsG2Sb3xSOWwbJtIqZsxVRh6bDoPAJl7dhGJV3htnmtqgkkniE8\n2sxjwQKCAQEAi04DA/cFuy9itXf2awZPMpqpjm8YRw8TqYWgh2bLLHfBiTvyNYen\nfvHasgjx6LR04ysG/rJrUD9vkSDQyeb+HlEUoos0izRaFwDb15ChUAMuJQJou97G\nNptEbuY2kkEVhl0oOOSCeiSe/PMP0dDsuTZwRDByohEEEgBWqvmCqZ+8dqNd/GNo\nxm6DNZo6im3yXAf0OOc0Y7kmD7J+BSuvG4sZgjlh8b2MDVZiXPJpVDADUDzhjboY\n6/J8SHg0n/s++cI67E+8RaysC9eqSnQZFLGLYV47mBYPzEC3pLgOV/HcsMIoHcyJ\nbT6gTOxzrWji9Om7mZET+aMyvxC1nJ6NYwKCAQApSs4upMBNO90xG4HxPRcPIIXx\nv1t45nl8tBKkIw7i8wePHy9wnuNlPqnuQ2b8rjI2BvvqLV3AUSi8g83KP/xxATGs\nvn7YvJ6ZT1ltlaUrEHBD4DPyQNn0j4yytHLQhugueaB4aPwIp7bA/MEt6kP39zHd\neAHuXBXBhKw3l7yo6TC/KY6897ArIqztO0EctkOwjnhSfCZwXWtLt8osvdDAb2h9\n9MVqBlD2NK6jE1XEdVO1hEM+pbbZgrWmxcs0TpmWhqn6uowOzkZni/IwbXK45as5\n4ByrCX6V0R30nxFe7f5rr8QjRa4hSPCraMC+++LTjbfSsLQ8L8bnZzUvYzKV\n-----END RSA PRIVATE KEY-----\n',0,0,'en','user7@example.com','$2a$10$zFEh0nh.0n0bgwnTuXSZ.uEeHX9onsHBD5JJmbKh1tayzmI7zz4zC',NULL,'2021-04-27 21:01:03',2,'2021-04-27 22:50:51','2021-04-27 21:01:03','67.188.25.156','67.188.25.156','2021-04-27 21:01:03','2021-04-27 22:50:51',NULL,'5XN37P8tj7yqLBpy4azKxPMdcorvdQ',NULL,NULL,NULL,1,0,NULL,NULL,NULL,'2021-04-27 22:50:51',NULL,NULL,NULL,0,1,NULL,NULL,0,'original',0,NULL,NULL,NULL,NULL),(11,'user8','-----BEGIN RSA PRIVATE KEY-----\nMIIJKAIBAAKCAgEAuEyfKEh9CLWYzpiNtst9vUqQnk7Uw7YoR1Y/P7RRRMe2mjbp\nP1+sSPg729cdx6v54P4Nd2MjJMX8tZdHVoJMiV0n3oZ+CDUsEHp7+bkf0pchH5wp\ncJklEUCzWUE4aya5YUaHXJwsVlEq7TyAONpfkDTs/XjCPvb9JZQXbL9kIohBKSaL\npWrw28zEs7D3K6w61Uo5d1gY2azxsIIZCQVIfKjF3AYp1aR2KwzNpf1Q2QWb/eGm\nmSxhgmuRALL8bllhv3ATWCNY+ewNY1EgOEKiyGFMokiKZHhUxo9VEGKU9YWqizB6\nO3vDTXFAuqP7k/yg0PdHMO4rQ1fCBcC9ox8UzYaOxPntVbo0lQAnNB6QvGfnM9z6\ne9AZUaP+z2G9n+9O4djZZ8GsjN/9l0SaK2Ku5sTYNSj92EbHy46GOsQEGMJKF2Wt\nKL6yur3Jd2TYUgMfRpeUgAjhWWvv6Fj0Wlslt2caukvt25vpfOzltalmKWK01QQp\n0jd7rGwIsVDG09fw7tJqxqcJif+41NDjmXC3cm/Uak+Jtuf189cHQ/oBeWHgyVnu\ntWvbVbaxa8OPU8j4BTgcf7Sk6uUM84/4GrA1gDsdfPEhYWS9Aa8zSFm0hsYEKSIB\nBEhKA0gQ+OQY3tOW2/FlJFxct72zyC/iAMZPjkm8b98aRdM2/sMC+EUHH8MCAwEA\nAQKCAgAmcvHHXSwcq4oYG9KA3r46Rfqa1FZmCDQqAc/LMgq8Xy/0x1zs+EBAru0K\nBbx0Qigs7MORczDLRLTei5N59FAUXkdpkMRtYO5y96KyrBD8BcSGzDUHBSQrD8T6\n63TiQd9t8GFgDELhtShP+w3DDqfeNXR1wwI/UZbphpZGfT1eSO/TLnP2zDM4n+Uv\nmc1PIqzZf5UylUIF86MukE25yIzhWPKCXxTOOfPfMloa9Ziu1hE/q5punUgwhdFo\nBG9OdD5EypR2kFVJOppmbG/c3OYKCOaMerbIlCQXkqKL+w0ZlcvJIxF1JHJPzz9S\nUNC1BIDmZ5hGGIIVGBNl0NqfU+YqSerLFzZTuIZ19xnP4tK4DcbNfEOohaWyEH2u\nhIFcQMjKIKjpo/yNaSk5rskA+qwDWLf2+nXRwGzFgO6I1QEBYh5z+qZakWSSMtwU\nPnj2/IQYuhivMoye3pwvvVLK+TNdYEkEHsaRLvmTbCp4pKeGptxuqL7Bn8TEvMJa\nDdhuUwxOGKvr7M4v25Y1ItJMojzp+BH1WsbQRGfMQAmTaLtaLRfizC2eFsegXKF9\nmVpZZ7NgXv2GhRBhXovFpdP0hU+dSkgIlkij9VFuWljnq9PRejU1W1F2Xqr0zCTl\nkf1Cwvqek1wsYU+BL5h7hBozc8njqvl00HX7GNhG5IpAwDoNxQKCAQEA37/B15sp\neC/xo4SdWN3YfW1oQMQMIyTQyi3SGPp6FuwACzIW7dkKNasL7AkmHsdEscFFBLcB\n1ERFKQTDsUShV8gVrgbbFQKqVzMV/hbiZkRPRcdos5y1AHjO8WcIqg76MEGBsOgd\nQP71tiLVzLszR0mGE7yzloWCEgHxiMLKzAim1fEHkzKboAIiREriJ/D2/Ufnu4hi\n2SqdQypQ8TNiHHAppme3U4385k4YpdsSHxERD0fafD75HpHJhnMuonaBhk9ad+3U\n0WqVuAXhO0VPIEQCtXXg/vEuq3dJO/xwkcJ29kyqfBfOWBILo5NYYg4U6DKj1mM3\nYegWA0d4yyOv/QKCAQEA0t0vmlA+3zzdmc9F+hX1tBrS4hPWvA07v1rq4BSNv/N1\neAd+a+y5TBCQm2zlxy1LWfGUnyB1n1aBUY4NSJTmdGgI+vIe+HvhHYNO9SLdmJ9J\n//Ygxlp5w0mrQLC6vcSPLd9dQHPLAJHAaQu2mhesxLepzVIkJttcwWEtx4ng7myn\nuJVCU5UWDb1xdKZuke2QaLEzWoxere0JuEZMoYeNECt4RvzOeRvsS8B/umwvIFML\nXrqSiq50CZ8oLBv/SY5zqnkYEQSypqM2HGUwlOsWd/LrEb8JVT/JxzY9kNv/aIPc\n3BzQw4VlcJKYpzMm0Hjxp8TDDr0TM6J6YEa0DX26vwKCAQEAkDDJQKKzdMqg1BnQ\nNMayjxIEj0hH8hX1n3Ur4gD40PDBjnV3JUwrMi7Kfg/fSxJriIneao1tVlewoiB5\n5DEwMJu2rPGqGb4f/BXl5FrnB7SZyYQaSzV/x5AS/KrDgKQqQxLT+yd6QrqLqhaE\n5Wz2PMh66RlAOo5LJkOuXc36VsZ0jYbItOl2NQVrA8umNssowEyoX8giu4Sk1/Xb\nN7U/UshNbvmDwQrNobVOWQP2h6K99bT+bfc/H54f2s87jGMGUYGt8X+JGHOxjGft\nn/6oYUiy3jHbDzBqPQGgZlHmUWiatVruuw20Yjku2vlHidk9S+3me3Bw7l1cYjya\n8X5MGQKCAQBwPRPNi9ErenZqHI4e4/l4+J4vgGfYiSK4ZGiJBee9uJVaYoLEZ6jp\n+BdA4+Ia9t0Y7yIw4VI6kg0boAUqETfp1kaRbLdXhHj7AJ3SldBmIMN+3z/q1NXj\nQR9Ku8dqo2mi/TXhzMDNeMd2Iqn7s4Ze33Qeug5MMI9az6NShu2Xe3Z7Jde8Lasj\nfSca9Ev+mPk5ALlZBUaQRY/a6nB3unM3nCvVfVNZ26cXW0uhq1waVJnEvoKqFtnl\nFTaI5A4q1Qx0PSi2Rk3hrRZsXuBRJCE9j6vYMluBaQa6ZwC2TqPQuf+hmiT1Ldgk\n56MhvHR4myfmKTG6cqH55g5FmNzWIYp5AoIBAAnKRQpz/ba9fDxo3q9Lz1mV2aeT\n8gMvj/HlJHnbVVyqtT7Eiua6Yym9K2tIgy0MPnePBowFDdIAreqOB4OJcpiUtgiR\nn6Gmg0UmpNQ/IsM8N4AsyeC2yV3W2B+L74KqfQCAeKUx+mF1UPS9ZNs+VwgXlKFY\nGgGcvjT4nP7uA9zvglKBVhbuyFN/qKoQiVc47Et648qb7eK0kJiKdDx8titsPPiT\nMgT7zUJ5fkS2VvpMdZ3eseahQwbb1xsHkYmSZN/RVeZcHcI32SXwCxt39uLByJk+\nTplOAO5cHLNrsYRTO9PMZdxZT4joimxZxAizXbC/4pTF8R/qFRN4QjTn7b4=\n-----END RSA PRIVATE KEY-----\n',0,0,'en','user8@example.com','$2a$10$ZyXLtfCvmAEt9reirUIbC.uF4Ea9UCoofbGi4HO0kr0jFNMuKzsSi',NULL,'2021-04-27 21:01:54',3,'2021-04-27 22:52:58','2021-04-27 22:51:27','67.188.25.156','67.188.25.156','2021-04-27 21:01:54','2021-04-27 22:52:58',NULL,'_z_PqHkR-NvgPnW1Zk1JSwvjiRyStA',NULL,NULL,NULL,1,0,NULL,NULL,NULL,'2021-04-27 22:51:27',NULL,NULL,NULL,0,1,NULL,NULL,0,'original',0,NULL,NULL,NULL,NULL),(12,'user9','-----BEGIN RSA PRIVATE KEY-----\nMIIJJwIBAAKCAgEAmcYYUrxK2ZjaaBsnOhoccYQZvMwKU6Q9xuqb7T1ccnqVepYf\nvB1DJjBT9pnosDpAPOpeKf6zAaO5g7qkRmaLDwHArq/RlQ7kZdWkHiaMqprZDQUY\nTbgOub9DbtIpyQBUQVWGVFyv68zUbUUks3yo0N6MLoIWlhIfS/0Bf5yNqdRas1KO\nfl/epx6/hWFSK2smc6Tr10llsVThBNHMgvFwLV/6XhYdKm9v02gqpnFt0fk1lqze\nMQPU1cVhjlxMNyYTA3jtyYA/c/tcuZ7PG+MGbXcw3uJog9yMu+UXeNCmRKKF4p60\np5/hgkbmG8gfS9sQmZuMEsFUtseMhB6JKs/aH6KG0EMj1SXryJy+ywbZe53ixaHm\n1ycqGldYdABnIXJB/Vg0jeioza23IMKo1BBzcSlr+N31KhpXhoplxRQhXM1gLcvD\naXpZVt01Pj4QvDZnJq6U9BQQYOs/BKIS5BnO1D5a4fhIQ4WLeK7WfsUMLyvw+S9+\nnUd5ay65n6ECIGLhtZcpvGELjYw+PjwXTqfMh926iY5b4Fb0VvyVbGnP2SBSCSIx\nD5cR+AE619FrF4EWfw6oNi0BRcTzU2rntoItGZ8n38lpxE2fu/60PrqyiCzG3P+Q\n3fe4p7kuYHYFG7HhnjU56+z1RgLud8n6KuQQ7/ZIELR11odhp+4HKTsEJUMCAwEA\nAQKCAgA4KG4tmPJE8Vuh9Xin8W09z56Oon2K+kpNYNS9GVGvxTDd6gGA87bYNYIU\nZzThVwSqunTVJV0+VgqkHv9rbnuOaXdy1GbX5u5melVLZYytqYtnA9tSVsuZ7k20\nJTB5ZZNfoNpD6O2eUdmqZjv3CKmmTgAn4/5XpBql56oqboQV56WQI7BCWsS3h7Uu\nAtK9ZI5QYYR3xShMUNE0r2He2Em9aHXI8o6INtZCAKLC0l3m9vopIsyqXdnWkBUG\nppJ2+YKsG/fLRPjnZH8CkwrUBl8MjyDb5ReCQINtA0dFKf3uxuPaVVdoeC0lJLtY\nngc/7qrrTjEjkFNdxRZ+EaDKb8oafnBMFE/piFREUqhyTgycW0Z+MMN9jw42dcX2\nF5tcTGYwY19MIqG26H1u5V7dVUJKfQDFdIkS+HOpJp8YqO/3TxT5ZRGfY9x1Klfe\nXCWh1pjKAjUoY1iqvmKRmM+ZvO59bYPOqMozNXhPOb/sQiV6kJCsC0aBsNlOjqqF\nwzJT9JjM0CfRmJ5VlPT+NCDSjtugOg/7q77fTtA6izYw6zZxUonBVjzgN5cG4MI3\n51pvofSUarGxJzOYBVpVWTV39PnF85Q2lhbrV0DIdkQAHjW/NBQ/U+PbT6b1UKRP\nZlvtRRhqbNiuBziu2GCliA8zP2x1goou6GFAf+LJGxsf6NbqgQKCAQEAz7HHy+Lh\nmZlgG/JJTCQ7qKSwOKFZsvePx0HROWuhfSKL8sGLQbUteoSMRUqxtICdlpyQChqH\nxPcHfJqZr2yf3lBAXlwRLftY7/z2AfIbH/DUmcQI2Ipn9HKw38PmFvYll4Q/Txz5\n5mduDxTUxic1LDZlBiIIZTIocUG+fb5n5mXUS1DIu1NVduBgeoUKxmd3IFmgIL4u\nhsZf2yevlrkUhyKAdpVmEr4A4fHH4dIaNQob5FT3vYLTYZKurGXT4KsJ6V/32ApS\n4gPcZvyF6TJKYGFs/N2388DmK3n8fo/hGx58Dev0hp6NAYmqHUUy9OuPtupZ5pV3\nOuQw5RVXPS/HYQKCAQEAvYnbAD/MP4a0f+RkOWdrukFXSR9YKVlEKVDjXWWFOPk6\nZtfWPicvkW0oiUkkFzK6QLGQAQdT30OZiMvBOUXyBJnhYhOMAjk6q/vtZ099Nexg\no4K+3BpedWeBkPcmb8XacQCl0gpSgL9nw8+39sokp4l/paTrZpQFqnBos/BSWaY+\nK7snthBfwIpkbd/N7W/FcVPCLS1Pbxtcba8RX22oPkdjMPxkha8MUvqAzjjio2Pr\njFJN5HrMDdOTfE+v0dtzBPkQPhGq0EzrAT2BId9r4QYvQUfVIxGxxTioZJuhuyHc\n77dFSihdenqU5Gz4SolU4KqPha0bc7sgwvJuBr3DIwKCAQAQivSDBNs7RMAm+bFk\n4y3tTNDMce2XF6jYEiH8FNqUAQBsoYXaAfhRXeVeT4i/+86RhH7kjyBpS9PI1PeQ\nxXImXvYBjgvAQdjfpKJjnUkTzjbg2IBr3vpQuiHkcNIO2iQ8YUg5oPE2rN5TTTF1\nZwIRN3PsfSF2DfyyqK3njhbwfwPdy91xLj4MberBV394Nh2C8iCS+xLxoTNZXVvb\nAXrlGJZq25N5wrCHTp7BGd8Egn2ePjZNXfJAP1KyYJnztyve7snq50eawPv5J/vy\nixLpglkP+wj/3Ul4BQtbeVJQuqje4wBjCJXqnXBzTGO2plyYESp/9z+77RkH5h9A\nvGGBAoIBAC9DLt7zCaVVm7DAbNV7mntJS9CqBjvZTIvY5bkmVYANdairbXr2HoBu\n7cq9+EfomFUFcdkv0JQ9sQ1RcY8sh9rp3C+unBz51E2Kdnpqcdh+ZuKe+aS81o0E\nEGTrnCQG/B9tf+vOMyBzmhZTt5XMdjNor/HIHALqKjeD7DfiV0aPk7Un6BEYKChE\n2iIjyp/IXT2TGzpUsBgOhI+9NeHL4EYXWv6eERrcuX//gxrpSGphwhytcUrl6/gO\nqBo5bKgxxo6Y5Jn1odhrNbaLdaXSpn3oIuRuWxFxmhiJtkPQIxYcrZEA7EA/rH+c\nDYCgQ5GiiQ20ujElJ1FGejbiaNk5fG0CggEAFjl7Tj6gZW28toW6E9sqbTF5jn3e\nrLvpg+zZilvmvwGy4TPT2XN/3EqcGLZ2cEwOftGjKWyPlYaxwhwdw+hHWQUnpbMq\nTu7I8SqxclznH9h+APKpIHt1/g2t6yRHr1/E2hOq8OAEUBODFlEC5FWQv9aaAAdB\n1tqRE2WsQ+bKlXPCKDE/hT732+3hingtqCrODLd9/p0j3qkdo0G8QjHkySy4I5es\nxq3wM4zM5K5WQDEP04XiKBmPfCz8FSZexd0uVuLAASISbZbD2tZSOCEqVhPrCauy\n5K0kHugMIQA1gMCFl+z6ZMxg87TvCAcQaaa/0mRK0VEyi/u1J9nPPmUBZw==\n-----END RSA PRIVATE KEY-----\n',0,0,'en','user9@example.com','$2a$10$fXGXBNklVaOu/tncxiiEYu8DtZCGGL0.Kf55JAXYu9wXfUq6CQti.',NULL,'2021-04-27 21:02:23',2,'2021-04-27 22:53:34','2021-04-27 21:02:23','67.188.25.156','127.0.0.1','2021-04-27 21:02:23','2021-04-27 22:53:34',NULL,'si6QhPptPeNx5SeJsYmCXHAQN2x-Ng',NULL,NULL,NULL,1,0,NULL,NULL,NULL,'2021-04-27 22:53:34',NULL,NULL,NULL,0,1,NULL,NULL,0,'original',0,NULL,NULL,NULL,NULL),(13,'user10','-----BEGIN RSA PRIVATE KEY-----\nMIIJKAIBAAKCAgEAstb3NjPO+UCHlBE+s3q+s3dSTNT8R5hcbnhJEhi9nWb/xTa5\n1eJi4yUbO/VmKWWP0vKfDNNE6dCH0zE/IlVMy9A8/3668Gq3Tq78n2XZ/8fZPw+v\ndLVJmyIa0cL/N8h1jbUNDC3RResoiot1f6ux0UtA8UJ5X5uPymAgw12aKR5VPHv8\nfEY2JpC0KAL29PeflDEGn9v1A7wBOJI/uhnngUM6O76nCtk7PtAedjAdIqSKcudn\nasIm/y6j6YXMlkR3JY7dRqwTnBQfSNlKThvc09nKOLZ5mKDNwSiJxyH+5mOutyZt\n+TmEMeN/94/BG+a0uQ568dj+B/KPYTos4TiAarvhnuOJeBY7+8P/Ohfbv/fkc9La\nCs2VoIP4ioj9CRZJD9SD2GIDAMmHydwyYmkEaGZyGK74tO7wtY4gxlIZs/B92UeZ\nImToCcD/u9Ztf+grVm4GFsd3lAegnKHfOvnsWsaGniD+xfSv6uw963w/iasqMXaU\nZ7SGJvoV5CfK7G4oJ5LysGgLOZzBbmJfw+cMBSkGKMatUb02j60kH+UYTTGOD6br\nNTSnmZ9IlqYRMAfxdGQEOWkzJQF6gPRs2NuuoNzYT93+fVp/2B7h1HSj/cJ6zZGV\ngVGpbIpSJqSe1qye6RRt5ePVG9SL2cFEA5ocfAcamG2BQsCSWvHDSJtMmjUCAwEA\nAQKCAgAM9SiAFR9jLbLVE9h06nO8REI33mZcAp+kgmhwRvogGDPNHyK2VZrgGygU\nFKWfDLnaaSlZ0B8/Xf76r+gDjbt3eKJJdG4eLWvpfSIWeNZOIyBWt8UjlzSwKI0E\naJTo1AhOaOaQh2umXabi6OlYbivUqVeZKL2WDjWheQxj/gQa2WoywcdWCBlJezUO\nbBk8FQqgfa/dmnMwHtRWJrnheu8sOAnVWoI3C0JwvJAPH1EmbtZi2ROEEkap48Ai\naJxy68mCig12yXt56iGn0Sns1bXO5LSzSLyv22t6WhH81gtRDTpou0BUbSoqmjGY\npzdblUBADfBIVcuhbvNGsmTI5GOLbmndu37tLrl4N23WS88DouqnUEr1nLtg1LQU\n0/SKmGxZHB1+B0KuEjtTJfVfisfOtSUM2Gl47/U2hcdGMLtndqOcm8FT0fs/EXB9\ntBrq85hGbl2Shg5dbZ6ec4Lm+g0fsR0Po9qdmxehqDwMTIQqvU4wfNHmybhk/1Xn\nrBULV9g5jwvV9BYFn+3pHdMTvOIwQ78/X5Cn2NcpFW9d7i+jbLvnQchvZ1u1Jcc2\n1RyyX2rHCOoiKR8byD48vFmeIH3ejqjkA70+K13qJuzOLoABJyeLNzHqwy541/Gt\nGDpKeAvJmIlGMCtervIV9EtQIQ4KzaHpHLpu90Rmfh9BTLg+OQKCAQEA6eWXX6OU\nouh5gz68xjFRCusYdjo3f/W+BytzL4pkHMbgcy/TTZO70ZvSkbrnuBRe1/n2xe0i\nOwAOZe52a4LQXsgSwcOE8w7Zf77KYnhWqizfl2iB7bPYMp2A2UXqc1BN8pO3fQ2B\nFHdpI2fupVV4bhjAaBf26/5nn1Yn36avWrjdrnOX1FhxB15TDo3uTCADUUIiNP5Y\nD4QFfvKsqxnfsLLHAStU/j9L5G1x1NkAD5gzJTaCKzwj4Oeoy/IDFzq/z4L1PC7G\naKyrqT8DqUSmP3JiOoQ9KBoWJDT+YuAh64CA8xr2L9DpNiQWn9nFUaIJUKCS0I1t\ndnFMWhjynqq0OQKCAQEAw71wFPWk0p9II/f3kA2QUuchhn2kELwy8Fc+zXPa0Bj+\nv5fze06Mia9SFkqiAfjZJBg2mxoMOdQiWj4zmKKxu8jtmB5pPG9uemXhEBPsmmke\nwDk/NBC9aOxxguEy5PFBSSHnVRX45/ire/aZOlJ8qT5KSdGKWpVbkVBbG/0lm39s\nOGiGSf32YWnTTQQncBMCcZ95r/MNx3egUedtHRMxD4OuPGTLMXbD8XogXYe8hNZK\nPi3TGeaVjWwdHL0/a+IdTpRfgjfXzGsd25nHi5/ErS+/I5d1EJli6UFoLztrA9ud\nX71LRJpH2jPU61EyLGFsGoN9BtkZlzRdv6H+HEkt3QKCAQEA6DVv2xtj7XgvawVW\nFM3RT62nU3josLkgN64DZSdXzNoE61aHyXTp+mdg3h1Y/3/5ySH4xPdwDHM52Ciu\nmH3+sJqhRIz/6O7NL+4Sr0AZikmSkZbHp13tPhLwYMTwxhrrx/CvMg++HruOPgBp\nBOud7G/WVYG1OwYPijjWzUuGu+Lc8tz/12kWjeIvQzvVYO5HXNzzaPk6I+1GJ4p1\nski1s49J0vdaIjBlABtH77CgRtsrq7457QJ//EEBa7iRKPbChxnUrjMh97m1kwlk\ncSAejM7aho3SyYVchgW2qCMsicnCO5iA4WfeoEmjzH8/TpQ3+zvvhe1ixzwkOS6b\ncLq4wQKCAQA3csF+XnubYp2n+sV5XC5HHcxkcdD5IKb5aG2U+72/d2Uq1xuVEZJE\nKpMBV5D/KAQy8lz9oOpXs10r3TT2hxf8DxYnIm5DPXm5WITh7hL3RtH8N/tMf3V4\ndIpPPgYRzrnkwqLqenfxFoNVcWzElbtUoh2fPamIsYin6HB2xEZT/0ujyxBHg5a4\nz6aYyZV2bRwjHb719c8wcxXKPdmuA9LBB1djKlZZI8Cr9iGW/S2NH7sWVBrZ2nUB\nA+BXVNDTedE9glBv7evGr41cuPpK9i5btQvbRDtYQWtAklO2FYniJOM2zMO2olG6\nYTZulqi048Ag3qCbQQK7z4zDDVuTnbNNAoIBAAqa6jI5FRIxksji4NbQj7R6J6Y/\neFRYTgrS5vlAv083qSQ8A2YOUTnKAEf3J7bGg3HeOmophsfgyIy+dbckfMsrFdFs\nYfCrERMR26REtqI2z322BT3cMhbC43Tpi6vcDZAjq1EFsaJlZEsUsjfWa1ceuM+I\nagcmuJKpdblV9WRHJ04g54se0abYhhsxPPcat2LkUVbXeCK2Ud1x34Sg3C7o+I7o\nu6/e04UC2nuurcjD9xtOsrOgmQbeQHEkAThqi3xoSn0vWQhXAs4VfKSaGbkUgTSf\nibvYsAu+p4XCg9BgDlwfl8xv0Xz5Eo7Dzgq1ZFBTo/0lPytCrbD/GLLF9G4=\n-----END RSA PRIVATE KEY-----\n',0,0,'en','user10@example.com','$2a$10$YTXOC/Mpoy6/rU.UcqUwI.gjT1.D/EauZUTNRWtj3cuthT5S0ibdO',NULL,'2021-04-27 21:03:35',2,'2021-04-27 22:53:46','2021-04-27 21:03:35','67.188.25.156','127.0.0.1','2021-04-27 21:03:35','2021-04-27 22:53:46',NULL,'vG3RYF267P_YRnpAuDznh6oJrFNJHg',NULL,NULL,NULL,1,0,NULL,NULL,NULL,'2021-04-27 22:53:46',NULL,NULL,NULL,0,1,NULL,NULL,0,'original',0,NULL,NULL,NULL,NULL),(14,'user11','-----BEGIN RSA PRIVATE KEY-----\nMIIJKQIBAAKCAgEAoZaxtKFg4/1uuBHciMLo8ruuZ19nAuEc4zuoY16ZOsT25+fo\napGF3jrbUix+uY6cUuQ9jFW9H3cSx3DdI3lcoHuN7DeWQulJpFcd6lWoMtlDHqd7\nBbIZGt6bRfTTRZES300K4LUeO6EH1gK8R+S7dc+Aoh+m9fDdKxWxBFZ+/yolgpM9\n+avNGm+B5oL0FnvahWpZjB0S2mIaiy+v6S7ora/vZ7/uJXwv2DkOVPt6s3jONC85\n2A5tMfMN9LcUdxDNWUPqjlU/BmhYvLajsZIzlyuyuaj5fQxwmi8uAiftWJJeVoZ7\nVjlFy7X4X0vBFmC2InzOyYcfw9yEd1yHaxBgZUnHRrjQnXj2Kr9lVvx9yDJtOc4G\nwunNrAFqrDffuqbxP+3K4qgV1pLFasFPoXEWxYwjNdrzpVTCMFvue0kN4xOEoFVY\n6fUuinBlfA+CxZfwZ2/OovSNxOEuQFDo90Y14sAJlRSrfFlkcrZ+qtpLEMhgoK71\nfAyxXn8H/K7r0k1SNcPubApaN0m49yQEbesdIwlrnD5tcCvADGAJNkyUDYcyvaE/\n0gtHvgQ8NBb1vGCZSFHgxg6Fy4rB0WjVQqVbYlR+fM9ZVWN1xHcczhbUT0fLtJTU\nyWaop66YNzKFCXU1LrD+mEU7rcYfu0p70Ttijv4GpRu2UrNRFd6+8bYLduUCAwEA\nAQKCAgAoIGZXvz1y0GP2xMS5l4FGidHI7NmFTwaf7RgnOP4fKHtR4naGREX0hjQh\nh1ge1ym9sd0Q5Ne2oRiiO0ZHAWO9nIEFWFZxnkIB0/pjT0sZ+Xbf/WIg63WthPsV\nF7OBUoHXvueFHqT31Mi/3eUIi2X73wAIAokxCNO7V8MiGyKlVb+D2fGpdv7TYj5l\nUj6v+Kiuudar4ypj3bnOt5Rc+R+hxg9S+cf3Ogwdiymic+Kn/8dhERsxqn92SG++\nRdqIqLz9vk5YcxXYDwB+OHKU7YPvNdRHo4z0/ypVN4Ma2PRpKsvPe8zUABvzduhL\nLeIwnuqLzOeDBxGdzzx78ZfVP/dXusNXcb3+Ctkm46dkKb3sxmPF1f7PZtVlaYC4\nGZ6ClVVBPz+sqtk2irXFB28ef6w5g90E77KiU72Fdb8LxH7OHRIyXnsDvbr9/X5f\nFlQkK4mTU6PjgjXIDVfw225h2iOE2C/moJFD2aK7TCXXlg3cBYA6hH6XgPR/5sRp\nrOHv40zmWsqQU7rrC0iDQgjYOxk+yaPLvTISW9Dm//8qD+0y9+t6Q03uJTwaktTd\ndWdSsvIGiM5GlpieWp3kr0EFjPbw12BPO+CkedLR7Q8Gl9PUejz0Vl8X144nDwKg\nsTUeOWaJ8yRvfNZQPQl1qArtNE/gaS8eWfu3ReNJpaLZjVDQwQKCAQEAy5i1AvXP\nWWcZu/peD0vUwf0mDepPeJgm7qk2seAf555HnQo3OQZU9HkHub7fWhs1xL6OuWV6\nvFhjLICdP9RUSQdpFOD8uM7T4PsgYGaANxmKIRNtP431z7bFEmC9c/K5VDo/zoLi\niYLC/MHqgNNiyui3NefKEnVsmOEBsc0CfllYKUdnSPrfnOsqxyrdQAFi7LJJG7ZV\n1uTx6VBH43m1A1Sym1jn4smEPu+vdWszckYo2xYT5YhcnZLcpQyDlr9+O+dNSqIK\nmCR77ekrunHVzo06uoet73TNG4QomDX5KB1ogph8Eaw65sYwJrcbuAUKXlLv/n8r\n6K+FLZUdxUQ2hQKCAQEAyy4F8mSizhTjBYFsEan+woxfQjp9P2kgYuQKRyekcIjQ\nHfYVJ9omxSumD2+hrl2s5NrsSQFhnw/IXh2423Lyi6h5gRz+xWU3F2GKRgWOhUQ0\n7ch5zx9X+TP++m7BG6U7R4pL5j7uWOnP5UKohRyRzc1bl2kyigHrMZzU2rF1obxR\nY/3SzLnJUnD3Xj2IpZxwv2VP4S27FFWq5j8Vs/djH4qbigg1Um78dqo5zG7LDmMU\n2U4BPs/xS0r7gryhG2vYq8Zn3mEyEykEpYhMnEIQzeOSBFdQEp3HWYjbocKSM0SJ\nXZ9dpG9dra/H6b0XfgwYbFW0IyMDT4Krsaqzru0c4QKCAQEAi3xf51tJZ9L/Co6J\niqlFZnJtc/Mn51M2uSQtWMhYk3MZVTn+g48W/Tc+V7+xfiZOPDDhz5r677cOmxqy\noVxzMmVlVOyfuG3bM7RZhjIzfYx92hNZMcWst1Zcxi6JHbsZxd7ygCWj1tpDhK/G\nXeR1NtchTkkzZFoWwNbHNm1iW/YSNJW66YEXWoazlCiF1KgeglPTSq0tOkE4i8R4\nvBxSK6oHg+7xT6sIc6X669M6N/xhWVhS4Vr/OOW5TUq5jLo9XgUmKw/BemLklSa+\n0snS1eRkbA8w13GKZGOy/DVeMmGTjIWz2tfIsvrtWljxIK4zYFQqII44Iv69m3Ei\nKFiHkQKCAQAKIOI1AiVHhq0Ggjwj6UiE5EB/abECrzfpFhsZDvXYkkllpPXLBcn2\n/EUL8fGqYosS4YLz5Li8GCpR3sNvVRyYL67W694bcv87ECa3dOF07UCCNgM0ewiE\nqL3mOA0yVptM5qz/7lUtY4J0mE0UTadLDhipxJm7XXse/wVxXXVSubOI+4c9o2lQ\nzcbXENQ2BUVtlRxVSlVQHzEkxzJKxWNQmDVGvUADOvsk4zl8Ym2G6xOH/aZ8Pht2\nOGevTb3uQwMLFRnqcQfxApNzuQawp251BQorYzrforPkV7kzKCLnoVwDqcUeRFr0\nJJYfpch9BRdWlzMiqUUp+oaalbrdVn6hAoIBAQC5mWYs/Vtd2aLPw1aojpfv36Ab\nZ3ue6rlzuBz/2LEd9F2i2L0Ag00xnh1AvLQYAPzsOw3LuGz6Wjzyg7DB9OzAYMhk\nUt5aY+T57k1lHqI/11r0tTGm3tRw7KgS4R3vK++39w8wlHjEBqtftOnhz1QlyaoB\n+Dpk5yA9IJkozoSkQZIhI1sZU/sAKFbKnU75dr5rn3OVL5HaXVY5sWJW0wrqYvwv\ny0a/SpOC+tclodBNrwPCmew4tjo4pj8MyBpigp0fOqrjzdrJ94EtwpvKK1w3xz2a\n5q/C5G9ITXBPyJUaXGd33FB67+wDN4ssRDBtB8vV7DT7qKm0REno+oOJ/kPf\n-----END RSA PRIVATE KEY-----\n',0,0,'en','user11@example.com','$2a$10$0mLAJh6HL46smuGNfKaqj.guUQ2rwj6GBqoHtWA6PyP1PJS0s6Hta',NULL,'2021-04-27 21:03:43',2,'2021-04-27 22:53:57','2021-04-27 21:03:43','67.188.25.156','127.0.0.1','2021-04-27 21:03:43','2021-04-27 22:53:57',NULL,'ekJYQ-E3syMisdLdAUXpiKnKuEqjXQ',NULL,NULL,NULL,1,0,NULL,NULL,NULL,'2021-04-27 22:53:57',NULL,NULL,NULL,0,1,NULL,NULL,0,'original',0,NULL,NULL,NULL,NULL),(15,'user12','-----BEGIN RSA PRIVATE KEY-----\nMIIJJwIBAAKCAgEAkiR4AaP8CjIvGA6Ekvhb8AvopDWaO4Wk/xAkdn1xL1lRC7Ah\na2ZVmRO0XZnN2+SDmhF44l3AvLfLgiQVNU3C11w+7sOdtaRdawSLOSYR4k9M8thJ\nACT73Q/kTPsJoCM7d+8I+IsouApFDJpa2HpAM4Sg+m92skC9mBWIt9joMeFO+gTV\n5EEUZuNgKy6I0wsXJhaQhnAFVd7T3vBkiPu4Ccmp7/Ht8WyQefjn0fwavtllRvbw\nciZrRSodhoT+UbjB8vuZ5dWBqmamFmUwPS/1dRhpjgIIcyJo0NpQGC9wQEX/Xh2Y\nr00n2/V4TpB/2YrralFMrJABCPKtILnoZSi/W2+wAo8aOartX84kSw8bzQjWksLQ\nVX8vg5TMXxMA8SChOA5oLZaYB2MauuCcFUbvLBB8Cfr3S+2uKKhflze2zrftzXhM\nuJIJiGJy7jtiScFZQdQhHrrWxgsiycNIjTpGtVkeKyn31DDJgBPZbmOE0XqzkR77\nvT+FjhJqofslB24BapfLlDUoXxATZ6TRoG5V9rD8QBGRoM8MYFoW+ISsHtWin38f\n6Le7n5dDwe9CrfZKtONv7CWP9DJIA/xCq0J1Ha0n3vGHPP1grvTyiio6593GjqNR\nyyX5X8W5t/fJyabaRVvKbLxgVLsDQTnPe8HBEgVgTE4ioKO7oYAWVxU8mGcCAwEA\nAQKCAgBIsy+n0UXeZJyc4Qv+eOJzhdkTZz70gUVVRVh+QWT+4vW4VMQrQ1strWm6\nbnrD+uekyzBRm8X3m473jK+oNqjIrbD44gMgi0WVqUsBAPlAlaZ34DRgiAVrMS6n\nRPLC4QQCY70Yt1FoTGORI3Ax5I7vkfjq3Gw1vJMUhxHeM18/ARBiu+kThXR6wn3i\nvWF/azL21Z7L4golb5YCf5/jrSUeaV3KaZWu1g0BQFtCUKGVc1w4czul7YrLe2n4\ns0w4pyqEj7k9Znr8o9fXqDrZFXSL7bsE0+oULHfr/c5+WYsDzk59KUf9XOqJN5HD\ns4qGU99Momj8Jx78royFjTYYrK6UMzVK+TSadyEFkNxT3v7KRyc7QQ6WHv3TjUrA\nRFtwKi6stZnyLA/kG5fV/VGvSEmbt89xaX7iEx8eI+/3nfPIu96TYY4esVIN718h\n/E5c30gkwo6mINWwxUwuC4lbivJmuLatG4YDegkSZsqMxVy2XMv4BZpSXfwgRE0u\n6kXPoctpXhIyt4/NK0rEpGA7tGby8Sy22JZo9N7pkAFIrn5tKwAyfdxYAcd9HgBJ\nTbhxaY3qyVmoKErpel7dibu9m+gb1V88Ldvv7h33Nd3AMEbrDUnbm/7tDf6oSh1e\nq8SgPFAtSvAeuOVTotf+bBRX6UKR/AAkYWQBmihDPhMbc+bVoQKCAQEAzPSZjJuJ\nU7Q2zs/vVKc+cn+CHzq0fOqvmE0DZHYIIAfGlunxbJKdvZ3635qf2BlSE4UI+mCY\nkP7ctwoTt/dWC9dDwmI9Y031OoDWugu23OIRJ+W4EBp2pHb/UK5H7wv8VZbzJ0ug\nkzTUYcy9Cr7X7E2uFVTEe4fSap7wyvKV3VQTA+Mm/jIvi4lyXpaN0t9sYANQJcI9\nmCve7wYPoLm4jYxetbr7BFDKdvmSqtd/Tf33GOzoyh99Xaut0tgtbzfuTXAc7V1s\nC5Retihml5chEPxp83PXING8Uky/MRwlM+Nr43bQYckfIBsBB0Gg+1dX4rl7S7jR\n3hYuik3vucFn3wKCAQEAtoocto0LniIlw17P0l4/G2CUKZO4LSiOO8zZDux+g0E1\nQNoPtFitSj6IJkJse0g2SdRdotiJmoUas1zuAgmjfE3zEktIOcRkFAoj+qMv5MmT\nbukOgW8cEiA+ygzfwvIXe9BrTMoUXPPCI23UMiTpOjQIv2oBwwuFCBmv557eXpJG\nJlczTFTc1yExihlWsn8avARyzvNy5KYg1/x5A0zYQQpiaOIYSmenNcM5odjan1Jw\nf70nvrsYEyjEd0TmY4znR0HmELngMXcXEPjL+PpIVFwkO5IPfvIph8QIHEoTUN3N\nxu66M0Qcxl1Zh0IspWHtiCo2pyqy8To9H0mHw32AeQKCAQAHs92dci78DVbN+PSW\nqt5m8THTuKIV28ATqjlJakIt6fzlqQ8gtHXnLWvDQY1mUrVJ9IL83ep98IYc/uz0\nyf/a3BE42fZSqBhiRXtMbKpHrNtWM4TyXfw9fBdmUdZ0PnASS2UCAg6b2a1tq4Mj\nRz7YK6cyOAhWWClpRmXoSqulMMayK7RIc1xkExtQQLo9xZXOGfHGKYGlGWj8dK7b\nrH8qGq9ohwluBRdG12RStVyccsH5ltW82ugcQBp9RRCYEHMNR/xeU1d/K+lPUT9h\nzRU6DTJyKtVX72nzcdzxnIwtYguo9cspEaTw0PL98dJ5/7NW2v+uPdjtTsoa+oja\n41DjAoIBAF1FXvyMP2ZyzlbwyEIWtCo6BBrmhxJUCbFWr4ZnoxFQLXTQt3uQYCNy\npkDeae3obQz2fU3rVQxmfMkvb9IMuMOYVN6BJwuVZQm0UMQNxDgkI7hlT2slqfM9\nFLhLMb670vIKAfm/u/3u88EEqotgvudllR6xfOr7pOMJtQ8l5zvtg/itT+Ht7tXh\n+R02a01TkwaFQ2CplohstpWGRRNBnbJGKxiqhnzmT9MxyO4BD1yfVCqBLaDQmrGX\ngCPtSceORNLtQjBDueGsl1WtuxOiV3j7h+wEavSTqlLcAMTruMj2POIsM2pkoEtf\ngZKSZpuu2R9daoWqVLrb5kVpXfyu0QkCggEAUXQo1W4fmb6GRpl8Mga8mkvlpiLv\nfJiIrMyL+oRJBGsUSQfn5uxnOVD5sxKC2dNHVMM2QqR4k8zCyyoV+UMqNlwU7RRw\nYwTCItMMTnUfHbWoFuA84skRv0IdjLnbUuNQE1zrKivKzXICG8SFKqV4nzYRULYt\n3fmF4Dj72X2MA/r+z3GGPoh2IqqvskcCMu9AioxiBo+ARFAEg+PyrBL4Bv5tg03c\nKtSCchQf3cyJI9WGDhJzEWP3gNIGEzumsuhc+U44lZgTTbJwwGKvlnCh8ozjSQPA\nKZf5KVZtarfM1BQLkWrPzrJN7kVPce0Mrgh846EubvPpBEKjKyHs1ZV3tw==\n-----END RSA PRIVATE KEY-----\n',0,0,'en','user12@example.com','$2a$10$52F.iMsahbG0R.pKZewIqOHcF/1b9yqs6RaNfgGyTjISFdOqtKdaC',NULL,'2021-04-27 21:03:50',2,'2021-04-27 22:54:08','2021-04-27 21:03:50','67.188.25.156','127.0.0.1','2021-04-27 21:03:50','2021-04-27 22:54:09',NULL,'S1hmiVFoS5APe7DxG7FuxnTMyixaPQ',NULL,NULL,NULL,1,0,NULL,NULL,NULL,'2021-04-27 22:54:09',NULL,NULL,NULL,0,1,NULL,NULL,0,'original',0,NULL,NULL,NULL,NULL),(16,'user13','-----BEGIN RSA PRIVATE KEY-----\nMIIJKQIBAAKCAgEA+nWqLqDeRNwxxm9/+TebDljAja5rQZHP+UcUKET1yAaeGM36\n69Ja/Jn9sWDVKaPjvxEJGiaja1s0OUHVHw4zs/ipIUr5+H+mOcKgsOuH/q3B6MF7\nGom1GAxc6j/M5Fq7CSspjdd6r4J+e1UciqTWRh3SAoa7HNnHf/VxztCYt38+hsSp\nhaZrpWFTr2AnnNoP0f59QdOIEv9jW4UcPEj8XhKQyAaJCl2wrW8BR45TgRFvaaPA\nQPyM9zj7J58hORLybWhEmTRDTpl5n8bXv3XE3J5B/Q6z+x2siwDmW4tgp8rSsaZd\nIGxukXuu8QnAxj60U3pCMDPoJAXaE3MCRV92/1mVmkgaK7471pgQ/ggw/LT+2Cuj\nuwu/QYM+/1Ac5nfxANMLPTSKM6SC9zFxMFgd6nPeWMhg4QwIOrfKYk15NmzUqiHn\n+P2XeQ7kFdvO8xuPcDZGpoqtUjylOjBLdFRhbIhQNrILQJJg8OU46fc9YuyxJ7D7\n/Zl37gsa8gdNfXDS1SsFOIm95rwd+d9yfzQOP/OMU6kyeW9UtG1Z60qehNAJmYn/\nHostSz8Z+uyAM8/o2vSSrjvtXgFuwCkzJl/X+Zj2P4MAGottlC+pk+HwhdwMVES7\nAOnp+VuenZkC4VISRvy24iHaz2CbjGhM1dFzXCjprrbDGYDsG7s2Kqe9VDsCAwEA\nAQKCAgAmgPf96B7o233OzFhnsfvlQOav7AGy2F2ZLIC1pM2w3QzpXPfiJiTKaEq/\nPgGMlRSk9yj85gtsgd5tnlMgeENMO9eVyzF9BEluism/uSM0l3YpOAlwAyid1FS6\ncb7S16dLrwuEh1Jl8KaiLkD6Mtd60F3Mo/WDEhs17uqlSUiZDned1KuyZMBwHHN2\n5s41h7PeltmfHjZxTpAcmJeb0E/1ObRxU8k17euvQKf5M1u0tWn5MG0/cF6kKRSP\nZaAqu+DHdLv1s4+qDIp38jk7xrlSKLBAskXKvqfxIgfH82Low2kQWjY/OabmjcBP\nb649AT8hWuPEW6PTWeT0kCiSuAI9IdIIpifTfFFeXIqmwaaz+URYhP2FgwcecsZ1\nJhUkGFQRzOA2niH7m7SJ4qJ9W2vV+17crj7Hfesxl06laE3v7119xlD1U9nSc3dP\nsA7/UjgY3FpOd/sbGO8Czh6DK0eWEueqpOjW6TglTgQw8XcXDxg6hc4+jc87ab4s\n+B9I3zPlw7kBs3DttpjmQGseVbQb5Nge0Lv120oDnjKLDPBJ66S0bDUKBdTrSflf\n0IafGATFh3jnUoOyZAJSukf8y6XM/fAQMZFIlyaW22oSiB59tO3ziklCygydQrRv\nnWeQ77X/gjpMK8YJzRusubmvsTA/xDQ1KFWd1FEEpL6pCUB5WQKCAQEA/ogTR7Rk\nTPxDwXGy7lI9s8iAhrVqrFeqKDFhPQeZPhkP7silmm1RLAdcS138QybrOHGcBRBO\nJY2EW1AF+tN2sGxfqcS/dI8q2D2WpewV/6tbfgtJWpigZy1KnHA6VWfSjzBuSi+A\nlm2M/WMI/qA9cSg39UtbkBiDSAcNwpR3xhnamT67gZytLC+dyhVMJK856HtZWLW8\nLxXoCy7NmusI3XSA3PSHFsx5O2LDgpU6gZ700OdyHsVTd9PxsYCEhb8bM9qOpXRk\nU+6qUsdxxOe6xFlUqQeDDTDVF6IAm4ZYs+9OUyH69NuO+ozp4zv0ioFSwqwmn+q0\noukDMCq4jElAcwKCAQEA++eTVkjumSX+r1kaFFLQxl2IX9sAyCzlo6hX5NKu5iIz\nJI2UHc0KCCvZHvkjY/PKGdNHQZpPGY0MhwPdUBxJ4rJHQ6DRXPpW/2ePIwPqWITX\negws8QbH/3vY1UwzTCtoJolhpT85/hVqooc8FXkxKn+Ou8A97HrKIqfZ9jX/GmwV\nX3Vn7ToRE5kDwgWGAg7saB9JmB3hgewjApadfFLt5WEWMlIxTiFyffeMiVVgEal2\nB1GA/t049ogs+luvVQyEMxoR4L90BhRCTqh/n0avhYaQKIOzGmbcAtzbR7obo9Ez\nFsTi42hCx3aVRYMD3tVijWReWYHgXGeUv5deyByTGQKCAQBxPk2Fq4askdf7awC2\n87QsFtrIFFL/lolIFKA0rPrLHA9wp6i2SkjBFA1GIuynW9tvY2yM/DIolwv6LGJc\ntFSsLatqNvUPgNsJFm2+KImpFK5CJ/dc7WcAQLBfZbcuZGDUADIxo2zMgLUnzzYj\nQ1vSypgK9JoqRB20oB7JIZEgfEQ7xiNaiUCq1gyX6l3UPHnBK5AW3dR6Bn8U6p/j\newqYrMrgg5LO2+5cM5bUtFwxa210vGSTuCtots1jsdBESUBrE6Q/jMdOaHMzHTVK\n6+a2kSAPjB4Mclt8hkFK8LzqYWAxsH6dDkpQwv0UcopcTSlrH3iX0a7IhG88sOUm\n1ThtAoIBAQC8k2ab8GsVoPjhAZ3hWwHJjdl6kLMsJ1gdxPdPaFzgEPgiRA5+pLD+\n3vxiEHXq7GT+Ikk0ljTi1tFq/Xye7R5uo7FvsiMpLIsWFct0lgjIDWJVjmnSYZY0\n7tyrCKlaOyBzwOKlVwit6hBy7TQQizJAM0+Bw+9XabCKcwdbJp77g7AYTwbm81I3\nTpQemg3w2oUliU6JnszjewfWdzQcDuTik2SPdTJN4AIaxMejQ5NwhWDDJ8Oeh7ON\n8vFg1mQSEhWhP8Hkcs6DgoUE52TqsnrRRaQDgFwCxr+rMPTC5FKutvw87lU/khxz\nv5UNfX/XP/zQBjQPY4e3BR+4sbOVsLZ5AoIBAQCDwTceocBGOBAgQBQ6cG2A6flu\ncxbVdOuZeG6WaOK7NHAgxq2GSH24BREwmzp0Lib7I4Yh6B7bbKbMgcqFqUSuoEMk\nu2rbsE6y9cN6GA4ZkIVbRH7RDBLDgrCQRM233HrRN+aRjDQLgcshW3nX7qYxL4qV\nACv/VgQnKlC/YZbb9WW2UEQmULsx9Fb6MGCe9rueaqJq47y+hvFb+PaZ/bMtPp0V\nj5ZZ60ULwd0gk4OrToViuV3hOB6Du+JlXq6ZviHmTpr24LAYf4w/dPJkuRBR2Lp2\nl2k4iCj7UzgZgHzo56aUnXGGqb60CT3v7cNeRE8Fpk8EGzwDBPx3m+/MfiDd\n-----END RSA PRIVATE KEY-----\n',0,0,'en','user13@example.com','$2a$10$RVQIkYQmBdZIBUEIst2wVu/NPDdBlw7MutccBne3oSKOqIgEyzIhm',NULL,'2021-04-27 22:54:20',3,'2021-04-27 22:54:20','2021-04-27 21:05:46','67.188.25.156','67.188.25.156','2021-04-27 21:03:57','2021-04-27 22:54:20',NULL,'2UjfAYzyNUdc1ZN5J-7As9_aC-8kXg',NULL,NULL,NULL,1,0,NULL,NULL,NULL,'2021-04-27 22:54:20',NULL,NULL,NULL,0,1,NULL,NULL,0,'original',0,NULL,NULL,NULL,NULL),(17,'user14','-----BEGIN RSA PRIVATE KEY-----\nMIIJKQIBAAKCAgEA5muZvWceviedDrNXBGEFiWfjbHBFDYHDkWrQ/Mddc9QJuM1X\nMKXT2g/G2QOQqcUp7VcR9/B1VTYAbb2gCY2QfanQH8pyJcvzUZXyYpKUUetKFf1G\nnxXdy7TJiFmwnrnC90TCLsLDmZgmtFXqutRIa8VJXUxoJzlNGMeMiPaNxVpiATBz\nlWuqLxIRbo5djHVRsLxhYB9CEbqaqtXlnPzJ4F/TNWqWMto6xxrdu7yTUQ504E9B\n74ONdqRL7n3UOSBd+WCzwP3vrmqBrPVv3vRwTaAsA3Q7MsjIQXM/bhWdwYMi2oX7\ny2buptYLaKyMqlXZ2wZmDevNKuZ5Du2psZckE/YTimaLQgxGmSrhRRDWvk0T6stA\nP733z6pz8eTDvvoz2N9jM21leg1ouj0rpMxJh8cfq4Mkp97ndYuDHroJ/MKpXxZo\nn/ZzrQcggrNEnIqpob97skyTthVYxknUqJA+yp/oEwzpkA8nr45HK5u6fwoPe4Fr\nSLFgLQGoLcx5VpVNuydvxmcZv2ya9skkabgdnVh+4smHyvYIx5Np1n7d7O8x2x+N\nv8fvZWQZ2j+jndvwO8X7meCSDdT9uxOlQlaWkZA9AHH41H8vAs/zDrt1+FXOBJiI\ndLMVLj+c1TJaG9+Ek0FT6DaH97E8TO6guFrGIzjY4gwGJj10JQZte+fu/i0CAwEA\nAQKCAgBUFJ6IpTjsJZNjmmCd6fN1xPGRj9Q6zge5qBMzsmIxEoYrp85xo4lPUKN8\nbBcdRCN9BmE5qsZ9/hMg+GmOIti/ajhWaW7GyQn0UvWcL6Ws0OF7ba0X/wgsvb8u\noJ/ZA6sXxMDhBFQQ15sEAjgBzdXRca/IOknlSj0OVj67edCY29bYXUBIHX3/6CVx\nRMTxLJxPFCaqRy26P3AR97RuWTYnSIBPRSIi00xQfEa+K11MXiya74D9b/Euglxs\n3gCTifKQvc9KFL+h0x6XqQYWAvd59AErj33MlcSxUWcrefrTctFEkVCk094xBfkq\nzJAV1fcFu+uAl/OJfIlfP61E7wSMDMB4qzMRL1IV6FoteJMbI7tsJqZWKHnn4ThQ\nYQWCMmhuGkSWDQyJ5jggpExhG5WzG+2C8nAYHVq2q6lCOoPQZDm44GE8sfGVN2ao\nu9nz8zHUgOXh4C8f+9eHvs9EMcCR+K52YdD1onn1YrW/1I3yVORcxeWebsMnLMbu\nT4xhtOiVj6HhJP+qNSD4Z6d0ygEghfy7xif+ciboXTZXUOJrQpdkRv9f9ygRRgr9\n4GGAH+fSB68nsjX9MUJob2VjIHIcNSGxjDeMemTuT6Pk/QBqAHmZCfbOCUUJHVye\nPfv5zzG8SPmhQ1fpH3HCtUTPFX+rAZRFHH25lnXXZdMF15ubtwKCAQEA/QBz9skV\nnyx82FpTedagjnuH1vaAfH03HvhXBSaUyZxKJlvc6u7/KR5z6GXytFXqoRyzqtKn\n8uQbvWvwVpxBoGZSHTPggZf75c2SA/ozwi2goOvaBxAaUB51h2660GPC0sEMtTHm\nQ511wR2Xa59wWhW2cPIMQq6dk//aLnK2lFJ8pzNfDdAL8iFvz5RzQO1BEFyn4cjk\nz6Fx6y8vyjv0h0fnzvQTmm1MPONg/Z5cD/XVHiTWzZFGfZIJQvEaU1pEk8/KDQpy\nh8aqxF7+v35SOdoHHXDtXhWczdlp2Ywa1jMC1Np5LRasNoOWkTUe4qoTxeZ+f3Uh\niwfkC5+3nqX7WwKCAQEA6SakDG5z2C9BakkX33SAegUGhdokEJ27B26Br9WQ6ftW\nPJwt791sX4+d1/xzpcE9hsa/5vmI3nfO3mZrWWyu1AeuRben9n2H38DH3KJbU1wy\nwq2ud/SCnq39mc+O7RSesu0naCPqhbjjtirEQ+l2lwaq1Fcre4yUyW8byACxG2R0\n5SJ8AqaOxLzE491+LnYc2Akegw8ONLDWxZcWPIyPJpzqLJO13CQA+Ee0MyyeVz+J\n5VHpTXGlUwZ5JscQ6zd/e71pM0EnzXC9WXADPGaPsG15NM5MDaqFDKCS9tp6M8X8\nBVLjd8vn792NIpNph5+fUEVhk5yrcDbkU+7My5GLFwKCAQEA0/ccMOd5yPjhw/Wx\nOEO8EoOmZE/zh9j0ZGsVpQgU4fCiIw8VwHLprg6Id21qcPIGeGLumDCTayj3oLSd\nEEMrrHHtW/AJqSmnbnnTWqe103qcuBXBfedc1EEgoI4Bz/O01xPMTMZ4r69tZ5Ue\nNpnG7IKCbpAr+3YGKWfS6NVM6GlPbFnaylzClWK0JYqvIPdlaormUIEaSmZtZegL\ntviSPwDcUoQlJF1r4RtzOCkD4o9ItU+R83pCP5QpVD9hmfHnwJr3IgPdvqmQiqM3\n9UGlLDjheyYQiKG81K3RQ+Vg2pK0TZaYrVDwiV+ntxJ1RNvPYx9gXfLJXo0G30I5\n+Z4APwKCAQEArDefq5MWvNRDFJhDKwqqL/dwVwTH6QIpeZbV8qTlMwA1NfYDNI+x\nEnFKHZVbc09m/Bvo+lrOD84dn0e1+cr+5J17zAGZ7sfQyqVivAWtQcjzsbuLCQ4y\nQbWxgqC/KT4272Gf3xvQitAEW7YBXUyhDXOeUdTFyLAR4yzQL47bQ6mTcwFi6q5O\n/OGW6d3c68LREX7C6/n9+0u4iSFOCpGk19fGXgEJrz9k/AAzCi3mE/paCGrV0x+k\nB8zbRpp6U9SdtTA2+eYh2W1yYBMOQNpdPuvOQQQ1R07ykl410GOXKpEO1Hvii8Wx\nYAudybFrnQN6MVfeeKOcOvpA9AKLgb7TJwKCAQAMml1V0OIG7SvGA+jPjV2qdtb9\n++AURUrG0u65TS/wYavLRiEkihDCtnxJ1fEJ0UE7u5uQ+M45viY5QSo3aa+Lild0\n9xSvMBYxi1jDBdTyT+JX88B5lW8+6CaX3KK1B/FD6pnT6UZks+ccV92OvyLnmG54\n9Kcf5m/Qq88Wm6pF63huHezhSE1ybOAVFLZAuR3rZKrZlQ9uz4THpXqHzjeC0r8y\nWCf4228EN+8vHCA726/h7NaUKFzEIE8qkD1Oq5e5pGGo80y2IyoWSHIru/LBX6GO\nS7PG2OdVeHVbzDJqTgBzvAZOSkhbNTKKLrcRu169pEXBKb73RLY71wDSqe4Q\n-----END RSA PRIVATE KEY-----\n',0,0,'en','user14@example.com','$2a$10$WdSw.aikEP9Wr1blv8JDS.XM4JsFBRewuFiOAzA47XPWtU.FQ/jbi',NULL,'2021-04-27 21:04:03',3,'2021-04-27 22:54:32','2021-04-27 21:05:58','67.188.25.156','67.188.25.156','2021-04-27 21:04:03','2021-04-27 22:54:32',NULL,'XnfUeGv7H3MsAgqe2iLhxyjaR4-EfA',NULL,NULL,NULL,1,0,NULL,NULL,NULL,'2021-04-27 22:54:32',NULL,NULL,NULL,0,1,NULL,NULL,0,'original',0,NULL,NULL,NULL,NULL),(18,'user15','-----BEGIN RSA PRIVATE KEY-----\nMIIJJgIBAAKCAgEAuhfsrdp0Mb8Ty7HVsn+YzJhVKMb7Og+8w9hhkxEWapXtZtzY\nfav+d6zMTBQzi4XELo2h/V/yGqrH35wqDue1ZWqMD+WtE8LDHJ9FttVHCbDitqdK\nGfewNjk77H92jYxBae4kazkca9ljkcTrVDasqrBOBCK4uXpxKvevNcS2Ed5TBZYd\n1HiJ6iycnFatZEhGiGXXVgHoIC83pNVVHcovllW9oiLkc+hosy2Y7VQA2auFM9iZ\nnVZhPNInGf1HvBrRPFmk00eqwOW5JbYj3O4cLXnhFJCNuoM9OuTJ5JsPXJbsUzG7\n+mT1PeDRgNwEHebVKclouhiXYtPKzbjOOuLCGw4bedIaKx//Tmj8gOyt7JbWK286\nLA251wbm/kXfAwaI7C4P8H2zCkw77Y8Fu6lBtIqZVgtigJsikK/gepFdkE9rb9s4\nRUb2cOojuxMpvGJMIi7x3WY/EKZ+YyGtYahvIPLsuuyZx+AW412fKBn0Z+cUehq7\nhEwqGpgzbWWBPPIZVy8npQzb2NLGuKEjobpuxJOwTfRmwzKuoe4D9uqxWDjSjtgU\nuUNEUX7CXk8jGeqQJ9KQcrG337FWD+vYusB8IQuN2vY2nWvPs5Wp9DyvBrKcmUzq\n0BZi6Dsv0/vXLWVKl+rOkymbLsuf4cpEp3G7yd6Q+7o48yEcAYdVI9d1NvcCAwEA\nAQKCAf8jNfFw878z2bKoINxvyEaJc6vE4hC6qrHXn427PBwHnJmXo89SrTKKifZN\nJANpjDKwFl9XDc5wm8wOYcrGpL5Bf/kznn6VSHH9DhYY6m09rRjpyT9tV7FImRmE\naQf7pM8aQecz5HzwYUNUP8jNGJcRJwvDUjjgkKL0m90HGkMCReVrnVxKgssXjcuW\nJ7yrB68tXr0TAR4IO+L2vY4kPi8Nsy9jiBcYNdOJ7DBYCix1qI5GpX/1M4BxjXFu\nPGibPK7kOHCDQquv0AakiFnuFwf29UnqHiUBvQKMFGOBdW8CapAB0zX/JNBGQZBm\nZQuVkP4DUnE9YoFpyUKzxbgcTLfTigGLzDgK8pxFozoYVnPfnMvRUoOcoGBtE4TI\nQVRvVhP5hGS1D7uzmzZhcw1diXrSOzzkASKWlXJPzF3WMsxz4MRApf4nX3E4pYwJ\n3gR/Kck88OjOSVc982P6c+JtJd1Y2Uq9Vw9FViL07QlhiVpgoukPQD5K6xhw+GUj\n0CVGW8q1IiLFeYvKaxybwkw68yhHsJfDyxcRNUhwGkagJurjDjEm2j6f9hcz4EWF\na5oUmPC1BHEd2dlX20FYJyRU/CyN8SxAyiEnBb204eq+h1bZqyuznnNjpuPO3OaW\n2cdK6KeEhOgYdAbwMoC/Uec447vLVeWnK+SAuXkFxZiTlWAtAoIBAQDrPxSEQ+jH\n5eBJCgD1j5aRA8jjr1BCXZqfCXicj7w6ga4iW59sMXhLmI25tq0W60S9+Nu4GHT8\nWlD0ybRJ5gH75zPzgtkliEaK4v+BLoeZbptkkiyDmWundf5zdQsooxqPAvQuIFnB\nmAUuZYnSRdFQRq78gj+dD41ikhef6dwhJQpieYOrfzxszvomLZCnqeEvOXi1QlVe\n8WTmBjwLpZ7368npobj4MgzKbfOb1EUzBk/wDM4RR8PwopLy8cYQlpGeR2np1BZd\nUZKskKoVKTHZ27SZNgeYavk4J2Y+SOi91mx6GBfzeBXa1Fh59NaW4HZQ7hJimZ+g\nhLS8Da8Xr+ZzAoIBAQDKgsAGRGF/yAR0T3dUiKtL6FduGnjpdvPiKSe5tfsdjZZ0\nHFgD1euEhyXbzWnbUUAX7n+2TxWvGq3UXmzxik/sZZT7BhwFJ91kA6q0XOKu5ZG+\n5wZ7/h7M7/gRXoBIg5sIW1goYfSfvLLCwPXeffkRrz4rtKB7DDXxbGPV+GcOEjzu\n7P9gvbaQcEOdfAnpFSUAzSNLdHEhH6m8TSQj7h/tLwO11jxjv3vN6mexuPmiffLH\nLgIg9xyJdc+ziYfqkdj3b8WaxFK0O+l/EelwyaHTEq8snqob+t54o9F6ZxetJBqB\nX+6Y44S1Ta3IIyhr8QosRj1WckEogBTnEecYkYhtAoIBABurA6K6yfoY01RD1PEM\nvky4ATymNe5YTANAfesMDLtk3TI1TH7RIrDhdGnPTnRPn3oods8kMT4s8TCZOJco\ncjtKahXN4fREHufe4uYyrsgg9i3R82JW/Q5pFlBGB9XzuP/w/P8f1u6qDpHyZ09P\n3tpuNc6FEy5J0fsx641nV/id/qauXAojoNu7TDiJS2Ys2MtRGx1We+v6wD89pHpK\nNHQ8SzcrSjIG0PJOFETTpn/l0ikNmH73zdfThy0DuqPg0aeoBpD13NuE6JdbPGXY\nvoA9EvSiIiqPCljMaX4R3S3WtlN12ftMuGVQbEeLwGFmbQP/vDHUl62tbgRgJ6PF\nkHkCggEAUv97jBYCj8h+at0W30KUUiwLiUi4PZdPJWYQrgBzxwz8mOH1AL1wJYTu\nc0OhGw4V4rkRBrsq+/VHQT7iD6zMTOrlQGykl0hbaF5IXFulXGEidsdg1Pi1zvCb\nDyNYGGA37hjh7MsY408HROKo4mNm7WSRaoBBNa0vfp8Z29xPAGlhJ9tiX1fhtxkL\n3UO1HB5aaBWrXYV/yD+d5VsIcOFrnF4keyYu4gLczuw/S4uwZHSSSCgHH1OoEn6C\nfebkGbNk5SSeLGxCKTRU4ouIzX0WIdgKi5MLzSPogjFB7ZTLE180rcmPlIHLJjOM\nAfbG3laQAM1Y3lE9e0fjSUEBIgSjkQKCAQAh7NujSSqzmCOPpn8zWsffTlbKIMZ7\ndIxuykoWa3JamLScAIFaZPWlb7La2G4J/iF1bDo3A3DqqApN144nLEexnF6VaVFw\nuYtytfOO6yhCWP4pR8q13PE4bsIUtDfS6u/FSENMCncB9bIsk5AEOi9doRNKlHTN\nI1jNDtZnS/kNCWrX6otIwyUotli8/Q8jH3T/C6ABqBwoZi/jTqEriu3CDHZepHob\nhEUG1Uxva8TEoNJtZBnGlimueg+BO+0SE/ShUIkbz8xgw2iooWfRTALWCMSEtwbh\nYdG2KyMwO/2F/8JfLTG9jYJr+NNJiOw0g89bXTuCvxbpFO/4Wk3YRurc\n-----END RSA PRIVATE KEY-----\n',0,0,'en','user15@example.com','$2a$10$lgP7xPrdk62PlowNxVL0Oe2IVV4hB9pgu6VmWxMsYah11AwOsU3Bq',NULL,'2021-04-27 21:06:48',2,'2021-04-27 22:54:44','2021-04-27 21:06:48','67.188.25.156','127.0.0.1','2021-04-27 21:06:48','2021-04-27 22:54:44',NULL,'JZF9aNWWoTaijrvdDtUdU-pkERpJGQ',NULL,NULL,NULL,1,0,NULL,NULL,NULL,'2021-04-27 22:54:44',NULL,NULL,NULL,0,1,NULL,NULL,0,'original',0,NULL,NULL,NULL,NULL),(19,'user16','-----BEGIN RSA PRIVATE KEY-----\nMIIJKAIBAAKCAgEAySotVjCJH7wYh3C0xtuc27c+T44uMOiUcH1CQz4ZVn1mCOc4\nphlqt4ZQbK7VwQcdgYzo1qgXqmPOQ6kDA2x9UK8LUzCKqtmOjb32QgcPaaOuLP4f\nvaOGPmKfFX4NnUfxA3s7ArryOit2cClz5oPbg/0Lzwf3SDqcnZ1VDAxN4DwpcwyP\noUXH2OhSQaF+ojnZu6xO9tfSo3sxTEhHEysFWwDXvuG89REL6HBigmulIhxaVre2\nfzPdEEGlqKTR3HjAdb00gnuXzqgu/r5ik4DByH/uA0O3FHITCeaQdIX2kXPXR4XT\nKOMnhmjm4En5fmNNa1VzUceMyL+fksq1QD0ygQOKHFxVtjS1r5UuLOk0Or/ooapn\n54FLSXDMmCuy91TwIETRZ/UI5necXyYtSM5R5VeWzs7PPqMfpOCv4xi63h6L1Zgt\nRLiby4kejGt+V3iJWja7ku5w3HWdELwqJ+R+w9gdQJR/4auRSddqZqN+Td0n+BXL\nkPK5wUzGk/5KqwqoUOHdV7h7b6jlUxfGrAt/Wgiiu0tY08CyRhGmmBxHZAsJV4Fe\ntAM/xXl7aV/rVHWUy55CKYEL1cdjJIk9/vunTC25nkNg/jqYybUP1Pck/kYT66pb\n8/eYRq15NVGKdqCcAnncwFDjELT88ziUkpjCeKW63Ue96lVucEnRIB0i1tkCAwEA\nAQKCAgAEf/cHqIpItXJvBSxmDl+R4qV4LhwGaA15/rNOwcLbVm7D4Dg6LvNeK5j8\n9WQ+ryQP09EZjCULYLQqe0tf9jtPZLsCH2HatIcl0IwDqhjEKi8pPn4DRfcoyhf4\n6Rrw270ecNE/HGNyvaomlCbNj0GH0E9FUE5NxVHfjLdsT5ImY/IharSDzQXNalT8\nttoYUub19cLGbsl9crIFnNBKM3opMPmigXYynTEBABKUDEhjXPMAYZepfMWDKZTF\nEvrGzcSwXY0hJhadPtHeTO/zkLvE+meelxMvV+XpIMk2chCz7D1ykiHJFlu5+/q+\nJal5FEuVDRJJUAdsLi0poXMwfq30frICPipkWLwtZt0NODOJsdFIZJJwa3droz9p\nY2p3wFHQlulL2AaAP+60oXHVcfl8FY+/pH+obTSaWGKO3AyOh41WsJscfmBT9d9Q\n26j4L++91gHO9SM8N9sy0/ZN0AA3X2VgXivGIDgO9kBXTXTjja/6LnBJDNIMuLHT\nR0GkiihC11QhUKWXtddYvWRxPt7Gd3DPN0YU4RcCXlxtr3BFV5ohK0bzTHDoxprj\npKXKzE4vv41edhTzT0CPi/4sOJy2IKtdAs8aAe4JZP+D7OQiSz2MfQpeGkwPziSb\nBQ14BjzIRUmIVB84ZYB35Dyu3dWqBqqlz0GyDaDLJIEvEtmzyQKCAQEA6DKZAUt9\nVDrLJp7uI7oJA8q5Ho4g9hkRmNSr53EbfAXytJtwQsOy6HGmCzk+YuJhVYDfLfUa\n6QMlq3vxwrGKPmqN8jJPsjjncl94IoDp2ypiRj1v2O6IfTRQzYzyO67pO3gR/gM9\nl5vbGLmIwqxbnG0I791m4EIlq0IOCQnTkN/I5ffVHxe3AVCbfpMo0LWxLAuYkhBq\nAkisvZ3e2WUrvDRnvkb6EBAdgevRNNc4377XStc72ZGFpdN56RRNUXHpmnAgh2ut\nogWMIBhb5iwaQbBsZ1Hed5It1/QvxFqLEV/12sEf9z9pInGQQV9HKBlSCxqiACtJ\nlGD27a9XQltv7wKCAQEA3ck0ZQ6sSB2eZnKXnHucBPB4HP5GCU2dtTWhCI+JottZ\nyo4yI7dbpbOH1biDSyRqrfIaMZBJS5GS8UptNrS1TBI4SoL49MfD7EOqpCyagn2+\nAgRuAerdu73Y4BjiIrHtigETbObC0CwO/xMVcbmr8/or2FC99fxnHQ57Sqiavb9G\nvvUdLlxTHzBhjdGcfuNFSa7FHD5CEvNMQQkQmM6Gj+JsMtTrTOgyWs5qf1ioUNyU\nrVQ5iYuIUy1jSDNvhQZ02C2bY+19Hq3myYtkvSRXB48zXy3baJhqLGk6WRBMs8PR\nlg/Rp5nI+WwPXy8qK8QRPfUEHWZkzSDlv/XaT6RdtwKCAQEAxlkKiKeirMP4a8pR\npOUy9DFFB0vj7jWl6YaqPe9Jyh0OoacyM2YWuybx7x58I148RRzsCMcasLdGg4FC\nGM0uSXkePikqGRUw6GuTJO44VkaTYmry0z2YDFQXPi9LcR5OD8XWoMTF5W92rl02\n7QzsyOf/PV9ElQcMRIoNkTz6pAP2CjQ1svTAGHhyC6LLt9WtPfG95+/rjn3kSanF\nBrG8tW2SvWDGFdieTDBUKq464C6WnFDVyFnd77SBrE/yaENFiO6FawjZbtEMTRJh\n1nIQD9MUFwJBZqTRUms+Lp4ls7bkPnTAyKU7OvgFgUJRd3iBtAiRIFHZ7c0SwiEJ\nCh8vswKCAQAhGoUdiGEiqnkYJYaHrtOM0S+8dB+UB+fAQm70zifnDQKL/0lwl0+w\nnelqdw3xy0+5Aufx+e1WwDXEmi1O+w4MerO4O3BZaO/PdhIkSxwM2iPgPTUGSD4s\nZZvXZx9pulEQRjTWDmOJmunqHLkYrnQCCJc+xF52NuRVK/IvJJdkNwaiPgfLAbDO\nePQ2rNDFB7sx0kpNeuV12qbJFkdJ55miJFOuCqXMZuQNNb4jn+IPn7z5Whb0dsU0\nVRP6lOLSYjJSigwlkC8awy4tawbwTFpJIJC0Zi3XoNhIJLS20n4AXvwLf/T1JTkg\nMYbh2DJdMfi43Ldug/gLvhtM2a9qL8hlAoIBAH0HIP8VrJjd4vk+vDIBC+z6CY9D\nRJMIrdjvJsiYoIg+Scl52TWQAUNgcbSRasOGyZz+R53bChTAPJ1NhSdMH+6b34//\n5aDi7G32EOiZzX/NrPhUKcJg4maA2c73FDbOuogjrZn/b1kpSi7cLIq/72prU2Gv\n6FGIan4gvhrxrq0GA0FFUYcltjVI7l8pCJn/FaKM2w5OIghb3farxNBDZobrynq+\nyeLnSxFzzmnQzKV4NUpx5IVmbkPqddgnPHUYDlDSSqkMoa1A0oo0cK2+vvlTcLrt\nxzL9vSbdwhDYzSS5y0Kv7egYlwXsqCDzjOeBT/IWd73SDg5pJUShVdbO0PI=\n-----END RSA PRIVATE KEY-----\n',0,0,'en','user16@example.com','$2a$10$59lP5L8PxGj2fMopRq18XehY07ZNB0RHY93QWZNlIFI1co8HajoxW',NULL,'2021-04-27 21:06:54',2,'2021-04-27 22:54:56','2021-04-27 21:06:54','67.188.25.156','127.0.0.1','2021-04-27 21:06:54','2021-04-27 22:54:56',NULL,'m86G8Rpx9qHpCsesj8CCTWxYyJx9Qg',NULL,NULL,NULL,1,0,NULL,NULL,NULL,'2021-04-27 22:54:56',NULL,NULL,NULL,0,1,NULL,NULL,0,'original',0,NULL,NULL,NULL,NULL),(20,'user17','-----BEGIN RSA PRIVATE KEY-----\nMIIJKAIBAAKCAgEAlZ3XrWNk4/1o7JIrl0oWg3AFzL2SPFX1/HF5sG6xN7+b5x4C\ny+xDiqUlk8XdOt3ohVBkFQnz45ewdcZkryFAAqr5duL/tVfLmNYNlx3b0mJ4ZDnB\nuA6XmNPyTl0iwM+ql5OuOBxKV23Pven9dSGVK/nF/swnF1DErrIimfI/FcN/8bNM\n+R9gc/hypCrbCaDfSLSVAaqZY37vGNYdaq5rk+/KGpVPfw0X0CIBT1u0Na14ojey\nuCZzUGsZ1aPJqyXJegYIDzrwquST0Y0WbuN9PT9GhD7fN9VpKNi1SNqRfUr0B4kc\nkQlEj90Pjk1MqT+4P56kIndW2gQfM9dUoioNMMt97Pl3MFwzgILEHhsLmhRHqXty\npSw9E6yXR0pZMowVKHznEbHwgSByoj2d6ZLfp9Kc4rk++nrjTdTN+Vg5tuelCfYO\n5t7qnI/LscFVrB/SsYuZq4QCe8SVIhMm76EMoaeEIItkgAxU81GSRypA2Be3rcus\nT7xO25TVo3e+INqusWdQ5ZLwS6dcDU/VibkYqf5leAfGuHsbZKOwwzLMRM7NppOP\nFQiNb3Z87UTIvCvTyIaLoxxZWRCenbeuNJaT5Q4LHAXSPqWGXwctgjczZCHfD5Ja\nHwZ/4OzVqXFLB3T2e9hMtwklV4g/EHtYdnNsrXuZHFaSvJsSJzrn2I8w/EUCAwEA\nAQKCAgAlQ6oLSn0/d8dhXMq0pMRUulsHcpPwqSxaUt0PP5KuIvAusT/bEJ6F8roY\nQyjl141pXut+ffsbzZUq0F4VbH+n6nO107YCsbpI989suwgcL2By/husvx2s9+Ua\n9YGJam+/zw2OdiVh/zzFvXjeap3f1RcmbiyyVvCV3lJV64sg3Y+JYLIkPldkqxXK\no83oaQQT9L5EKvyHVn8wvWuYPZcXwpqg4l1pdJZgxYdz/5Az6l/ob1z5FsKT3gkS\nN/grw36aANSTDogQ2FukzrIurkRsM81ZdNtd6a6GeOs2GRIxlbCQC+tsiFVmS5Xr\nSH92jCNU3SteVkDwjiRDYjd3KGgeRJG44JaVUZeG1s4rGxIZuE1WrJW844hg8tAs\n5RVW6wUXPmxppB6HHtNh1oG9AH6o7F8TB4+f1c33MkuhuPdctg6LuJS5OdkoA/7U\nPg8h6l729MOxFMiRQqpY7sBY1oWRVPB0qGyOb5wRwcPFBCwlXuTeOqXH51KxKYQY\nEDs/jnMRHfHjIW9UIFttjt+qVVjAaggU85gck7meAVBLKn+srl/9um5jN2pTGaKz\niv8XJ6nGMddd0j4lLPQaZYtwz1T6aoSozeNhcZfFmCvAOulo6ky9wEcbcVIVaKiV\nexbOlV4Qkui1PJX7mzUNRo6+cHPqrK/oVYZwAaETWdkUixI+RQKCAQEAyzExPyxA\naEXqg/HtR68P7r1ta5jWvqjrR2125r/Kft2YkP2eFtaEjvkL2BfpGfmt6siBlASI\npBPT0P6rBfgZKU06pGy5nduTuH7t2kXv2Uapn7hTQFOfdVUVOrBCecIMDWEJFgbw\nL0BM8CBTlattjsotfKFqOKlK4AQV318k0tJ8Z9fuV8n0VfZAAoz0X0V7lL6/+XE+\nwRuCGEPndsjeeQf+GhdLQLFhjGwZnhU6lWyI85Oz1Jg9CSv9/JNoeQ0eer1YZD4v\ng8t2s330MWAvI9ywdXYFHwM1warQCpI5p3OkmuMMwS7az/qPHr/jpcTV6PXe1XTA\nuQrKW4PJr4gNJwKCAQEAvIAm8z9hT0VD1zBi9jDpZrgf5U+c0TYMxhGujlEvNZoE\ntSqlfIQozjl6o4LHXYk/2l+QM4l3ko84xJO5dftUCmtKxswR9MDGy75fO47FdUkO\nx4AULOKJY0i2tfiutUxP1Zyg6NrHxbRZIHnsDaQmZ9UAdyEQcCSX1sjnCFBvAqjB\nsYan+lK3XjPJ+OdDxAQN85QyeE46IgpFhgqIGSDJoDXrDz4UL5C8EDX6WMq3GmVW\nUi/yA+yXzQXSoQaXcDpy1YCOwP1CEmNsMZmvkydZ4lVeA8S5HYYRNXSvN9L0CUEw\n5vonag4addqSdnUlDEIWE8wESNlEQr84MLvc/4QmswKCAQAF7MZJ2El8gOVouYo4\nt+MYDA//vjIs1xIdQBTif58w+dc0CyEr+09cN+jfgTr71er7WKNmpIczeZyIkJR+\nFRDuwmC+YKk88CUrkQ/weG+Y/1V84cwTqRySOEvpLTCTClR9o2G3cbZZOl/D9L1b\nNOd57W1MIAzP4CfdxmC45bZWK2sTQBmkF7B3PTn6mQ+bI5SJ7tH8PRAeY2X0vS4n\nqY3LK69+JUW9ei6lAJXypR3TM5n+uETbIyFMfirmzYmTVg2YeKL2MVYDWtB4RWj0\nc6CMRCglFK7ri5Vqs0djt4XU2ytmlM5PZ8VboSvBMsk5kTbHlzvLL59bBfSGnJ4p\n7yarAoIBAQCPys5rljib6MGEgLOtC8iwA9rI6T891JZP7aMTi1iQ8gmPTZXpc0NR\ndUVZP+TnNFCSO33b4oxlL33lbq72Eh+cxxXGqls0Mm4zc+hfnVyBSJbOlqRNTQ3y\nv8Ao9igHwsvPrmiM2H+2EApBHOB103c8k56EQaOxeCifvqeGjxzvkV4YFxlCeiDI\n6oayqW/nMhSWb8FERqBP4TgBtTz2ti04WokSGo/5bNYZI6PyYcjliNIdZdefKLbv\nvfZbwZR6FwwMU8IR89+X+WHKQGtPvJ/zaJ2MEGAJ5oBwH6+dzP09pg4w1DiGzXVf\n27kIRfpZ7Hu85E+MZriMliO+AUDnZZ7DAoIBABJkh2T9tLwsFKIQ0Mq67mXFSI+M\nig4lP+Z4vZ48RAdgpOYF8GTjAHqzpKwVUjhj+DtAufBjLtOjb7Wz4/G7DAPSeWWr\nOeIihQQhMeMf4qfMxApAilukrf01k6NaMVds6fZKXgQ8y2DMc3lqxyQbYvycEc5o\nk8E9NXU2v0Jl8ml6zE+5d6x3aG8js4+yQln1i7Vo8ltT0xA74K16PUpriMrNZ377\nROX+bLULspoe44FgQo4Qj3eP9dAOEtAxHjGZcaba7mlxLP517vWAeAcBJcISWAD7\nHW780Cc0ozCdsDZS6dXYpBdeIS+dHyOG3aEVeCmH7fqw7BKfz0/XlkImPd4=\n-----END RSA PRIVATE KEY-----\n',0,0,'en','user17@example.com','$2a$10$5Ruv1CMlqxYOxkmW3l/1zeB/OIV4K9OSTJ35Ijlt5wKMsQ26h0Xl.',NULL,'2021-04-27 21:07:01',2,'2021-04-27 22:55:07','2021-04-27 21:07:01','67.188.25.156','127.0.0.1','2021-04-27 21:07:01','2021-04-27 22:55:07',NULL,'TTGzxvjtU4uZSXpxJVYs62pHrch8Zg',NULL,NULL,NULL,1,0,NULL,NULL,NULL,'2021-04-27 22:55:07',NULL,NULL,NULL,0,1,NULL,NULL,0,'original',0,NULL,NULL,NULL,NULL),(21,'user18','-----BEGIN RSA PRIVATE KEY-----\nMIIJJwIBAAKCAgEAuX+wXBT5XjQyYd5ReHxdfRpRAERQC6vi53WuE2rhvT66vpqm\nsXFTvROZ/JxDuOmoHwqABL9pv4euGGdzQ15Yvyp9RS9c3dIdYGmoCNLDuVa696d+\nazSuf+CdevJ9PRyP2P2bDgY1+I3cIBn1sGGZSMM6PY7U+vrqiJotKOWdLkuFO3SF\nFvVfCLig1Y9jlfqmc6pag/lWAxgK/Kr2tv76T81MCdtrsmNC279fZJ2ClDnTKmbj\n76s9Wsol9SZPmch9wdu0qFnuS6c912nMH4NvlgAJDfzoQt++U2+uS5a2e2/1itPv\nt5JHcO/BdilHiLNABfcUDjSA129W5vs3XJNfY+E5AfuI87rtyXAR+uU+HKD9ojrx\nVyO0uS4Pc+MyjPr6BNXBj09F2p3jx1f9spZYf81b0RrMnjPmdtcg+S1LN8nR49Sd\n9K0GvoRpU8feTC4CNNszTeZCH2tki+AmV+SSvX0NTyTe93n6Rsv4VHSHFZ4Js9sV\nr13DflS5l/0rcLgFIWO5U5P6HDnbhFT2hHwccV8xoBQyzWabnrmQ5NROo26Nxeyi\nTxVA+6erI5JWZYzLcpg8xxOmHixrzwzi7SA2WAtE+wLokXiiH26E5048pfaRO7br\nNdP4ECZdShc2h1jbC2ibowmKfZBNIYFn4+zzQcZ1Aydr+ForRLaTSzWIw68CAwEA\nAQKCAgAH7k+qADORNYYZ7Rlqn1aX7LId4s3RUe4Hm15v8hfosW/milIqMAA2i0oA\nJOY4V7UabqZ+jXiF+dUVsgaZkMUWl0h31siPq1YaMyo+BlTb7btcr0qWZtA3I3FY\nOlnkbP4xdtZUSSuxjs8kiDea7PFSzRYGX773ZBb29DCOGRMZUZ1Gp3qxOphvlQU7\nXEATv32yYEwybEyjIToHB4A43rnxA4QGv9zg6aGIJ6x6bsmQcNB4daG1M4sSAKaS\nzqqElq/Zw/z7Xaz0ixf3x8w0ZLg2n5XDhVag1VQb2SCIls8ChAzpfJo5LQXk7DtH\nRAiM7a0FFEVFPjVsAJSkl4UMbjibx/hOKYXWynLQ30sTE3PQs/hk50iAiauKFEma\nTfJLLcgBbntzf4V0rLif1DLGEQ2YqwTuRclxK9rGwx/vP8xLBWda3avzeCUqqxWa\nFCXaLK9v6SxFgZw4ZRsJXIZOYRurxJKUd+2jEqSZrYFP6t/LRqWXc/yaxBDSeVJS\nPwh4K9q0iRFjFo5xS27NJaBVnMk1czmBdc7BbnB2tVBh5wySNEv2WzHZ9Ssf/XBn\neVTnoyGDBURpmpKSZ+tlnwdt2jnIwvA0NKJyymxULdTCzEgCgn4a8+w7kOZUhp5Q\nUzEBeMDuqZET5tvhlirCIeqq/4zE63sgcOesltSzJ+tQTsehMQKCAQEA3bfgxHEo\n+UadJ5dJXY+CIVpj3dz0Qd6vjQ+aJvXtxEc/ZIvuPLDIhuTJD80YVgN4J+FtPINH\nOrliVmJ2j0nuWBmybfx9SD6TV3Atk0DfnUMpwlrA0FnmZPrAcnuL3v4Kcrb+taQ8\neRVqCZpOQ6P4si4e1pStn905XvHtu8s5XZL4iehr5WdvJ2xpcakRoEKI/8lLt3PH\nedJeOT/ooZLEoR53NOOtWUlxiFdPMMqnXZEMXf5z+FfsOgravl/De8JQfiahftiE\nSTOfWbEV2YxmcPRkd9pFexI9eqIABrju5ba1ZjZR74+iVyuKuduW9tpNNbn/BdPA\npxIvub5orkHMuwKCAQEA1i4o58oaw7Lt9p9jRl4BwjuOyvPglRV3dqLJ4RfKg1XV\n19I6SpecZdC2k/diiRaQFkHPPvmVWO37qT7u0NhIApZdKVe5Kp3ibXN4RcwsMk/k\nHtv1+0EHBQDd7IKDty/BFoxOYMjM4pdbYRD3X4JBD5fICW6qVlTFCc6l7c3sxXGT\nZrSRcKvn696ysdS8ZS/EhMd3sPakPWDPaeyOnThgF/jXSqNM2x1CE5jRHbg9W+Qj\ndgv+x5nBKNlpwtAxWTP8J/uG8C1XHCSfra8IXH6oLao7AzTMy3oRE6BXoaL+bub+\nQUcIYc+xMQ9J+P5r0nyuYB75h7pvBQZDKTD1VznPnQKCAQBIE7O9CLByQPNr4HGY\nOcPrBdB7Wo4JL9RP/id1zPMLoMHJ9PdwwWOe/pciTOFBbQVNqanyRxcLzyJZxM6Y\nDEewWkI4ISG1L6qEfVJDkY5gOGpF5WzTDraoUx/m16UDzAAnhLfO4uJJ1p1PG9uf\nf5mkivu5dEHxO2CgLfPD3e/7LIEhi+4veG2ZGlQ4/+Zb++U/iffUXo4VWz8IS29b\nvzOu0RGdnvpGkWqYERIMYYUBFNs5XzPiIusHf2nXA5iwDd5O9E4Bx29RwLdn1/qr\na0oOJFTY5Zs6xBY6XJm3lb0L7laQMM54G3CB+AS0IN+1xgfdlGaERW9WoMHlFzI+\nm+NrAoIBAFlH3qdYuTVwxf9zS5fOoh8MYqa5aJnc2/KpQ0xAdZuv0TdpHAFyF7Dd\ngu5FRl7s990/S5vtwFLUyX4wjK6kKchiU61jMv3P2M5VPwKhbJ8AbJBskqpM3hc4\n2Em50hwvnObAT//KVJX0EBRzVRsMGgDc/XbpGbppFcXTzZlGqPdZM9+xT5tPHZtW\nNtkoW+w2ME5FM+Chv68SRwPZp01kbbIwedZUIjqIhL3Uiv8/iNxgSmPv9iHQNxPH\nJW4fCSMtJ2SnVgWScOh7X9Cv0OV1qrd2aakZfnEnjizHPyBS6IrkYYJmkNjtEejo\nfaZ8sAeLD8ljwBLTJWpLxP1LuknFAIUCggEAEnOYHEsCPVbKrmDS3RwCGCZLzBjs\nZYaLQYsBCinyFwvB98tivjyY6P5MOxwkyTfXh61U/7c0HCCpDfKoNRerR8eiLz1M\nAyku1gPk2V2WCZTE1CLoY1Yfv18J/07CF8gJ92hunpaMj4+qTIt8cf4u7bTZhIol\nAPGas9NngbsDSoM2LGvxQap1zvGPcXp58Eu6iUl0SvtflTPJ/nMru3xzcOBdAI3a\noYN2kfxM/s1nXsFXMGMTgk21fb0MNVlKps5LDlCQ4/+4RcUOs/R18FvLFZ3DI62v\nX8ZLm2g5q2ttCnKX63T0QQvXA3ZMvvS0fKgBymIEZWO5ZcqJMs8k0QEoYw==\n-----END RSA PRIVATE KEY-----\n',0,0,'en','user18@example.com','$2a$10$EFtTo9UYHrOPeVRKp6xZL.a1UpHhKA4ueFPDDQccxEZQUZ8NSctRS',NULL,'2021-04-27 21:07:09',2,'2021-04-27 22:55:18','2021-04-27 21:07:09','67.188.25.156','127.0.0.1','2021-04-27 21:07:09','2021-04-27 22:55:19',NULL,'PqpzV5-Dbrr414rry-RJL4WmLKuzZg',NULL,NULL,NULL,1,0,NULL,NULL,NULL,'2021-04-27 22:55:18',NULL,NULL,NULL,0,1,NULL,NULL,0,'original',0,NULL,NULL,NULL,NULL),(22,'user19','-----BEGIN RSA PRIVATE KEY-----\nMIIJKAIBAAKCAgEA2t/kVKZgdZjYg6n/FPmeZ4zHYHSGltb2jTwS+FUkzKzstAOk\n2iFKQMx5/ZgyrWEajnVdgENWyFlIxCGLxGyQl3aVnR7e1eSz/hLHl8d4cAjMyl2X\n/f/wXQh4aRxAzWYDQ5AFhBJ5FZOcrqrHRvrw5ECqEqnTG/2+9+nnn36SLkMeRfGk\nKfe3fGuyxf+H+JwoUxT/fcp7hL8ISvmPj6NI+E0rL593BpbxiVc34xEDp1ww+zTa\nuxIcuFC7832FzJDeaaJtZq3uxEDA7B/wIS94eHIMOj4jpfjSqpMcD6k/eSAh5zrv\na3AG/d8fDkJz9nIc0zfeSuXRR3+RjrwHPTNCkI+amDl4CtlFbcH+6OqgFfe31K73\nGCtu7EsQyRrknyLD/nRNIbigPQaaAJvgesjHtMOjKw1bmYYIkaVUl1Tni70rjFgq\nh6bDUE5HVTu7QxcMd9lV3WTcUEv8493y7nhBr9HVTJ/PpagSzb72+ROuJ45a7F9G\nx8V5pj9LbSK67j+krmm8PueCHE8C9IcCx+doWe44Tv+RVrM7G6wLOVQ/wg/2jNNU\n041gwjettLKj1G7h8QumerkNwBrV0ii/lDSyitibI6YbKs0j0OteKVY9/0BZQGfB\nNJjNo0zGTu1IT7vRCLKEErpiXw6Jio8PbEeEP+zoFZtj5AEvIPIYIiJTyDkCAwEA\nAQKCAgAGxLHsQrVcqZh3cNo2ITZ6bAZt14iicT0QVsVc59Aioq3SrsKqKqmfyZrz\nokFd7nDqaxt0OBDe0vD+vK1UaomJn4WGpXHdYixFPPouWcEiEMmZb+2/cWrSy6xi\njri7yU3sSM+82u/i4IzRs28EZUXt/whrWZRRSyZcxv9ORbUaSGHPJqbtk88ZIkD1\n4b4oDFcsY4u3jXuGmjw0ylUby2A6KnO9jiQ5gFExjrCIHWp0IlQS7ppdetTHx9pa\nEB2DOw8fq+HPcS0/JSP6IU41DoFekyNI6UtDqodENlahrtmLQri9rGtDMqSKtPvC\nPoCUxEhbKUD+5q6zM/ERvYOJS1ShcmFM4KQ/v5mnW1gXcLZHVhK/bkKqbhvK9+uG\n4WcVex/q89la1bypCDKe8fO9FZaWSNZwXVxicPETJ0tZEIpzzHPDLGgsrldiRwIt\n2SLnazYdwGxboWFUOJv0RUkK89SCCdsd3TxxutQvWUGQV/XRspA9q5lFlQ6dY5NT\nhcnEcpcm/kbp/A/MPfY1ihb03Cy7pLNZ4g1zY2E57VBuKlAJ5TVhRMP7Jsrroa9X\nu4D8VHgLcPSvIiq5h8MVnzHWGF/XO5eK6wRulR3AiBZ8LxaSWVvFZIszcEfAEqr/\nnRaLWuTVXoHeq3XWDUVdgXg7Y1ZUZulNsGZKapuJOdWNQGppcQKCAQEA+EKDLMQw\nXUOT3Xn0aa4X6KW37kKQT/cQTCrTP1QHRgavWB4GB7eMXAhlt1ONDfnhHHuoLXJo\nLdIDYD7hZ9Vly6K7jcGEXS8u+f9xDFG76TOUojvtPJMLmR/OtMs9jjbw6bIjXk19\nPOI67RNZIjhQP0brPtptsSQcE/pL71w2RyvmZXq/2Gjm3GVQdfmOUhwI7F6BqLqx\nEK0ApDiyClYf2XOaztdGujWRm78jgIQli+/6eRzvXKt9NG054v62hqyuByDLcROn\nzfdAw95O6ykLbTkKYf9ufY3tiyCedLkquW7LWbg6KjsygfKjbwUA0M+aisMdOS3U\nBhxqeAtozMs1sQKCAQEA4bLXTZUn++ayt+txPIAcPHClNQhBdps8DLsRpA1pFRMR\nx8fBqWzZK1S/uJ2pRW69qtIoWG891yk7oHXPNCuTBAQ+jkUwwpFSBdOqOnb9YfsP\ntLYLidMt8AbkuA98omyouTjYJYF3qi+elzmusBX2FQ70JuN6lKYTEwVThiqpVetD\nN7HnBabuZHVgcs6WhWrokOw/9ChNtQvZLpasBEUHweqbuUSTP5KHI8JNklnPg5Mo\nIvNjTiC1cN7gBIPlgC1rE7qLa/MNIrjWN9LvtZ/xMlbDvlf3+RZkDfdRkDVGtmk3\nknZGQrABwtaAMk+g71wNA1EG4nVfBYQi28j5kjV1CQKCAQA50Uu5fkuBPP7P4tow\nTpJU5VtryubPKMwL4SFnq0syXNYzYHKpE29F89K0mmnManip6IanZvCqUzHkFWDr\njMBzZ4fkoMAR764yHPKYGuT3j8K68dfzdo+J7uV2J6tDVrpOwuUHzmYvasSseAgX\nNyRBSGP7NGW9jppXcMCEk2Y0tx2mXqsVXID/rTzK7P7fUpYlbnEl+azJJHF0zZtx\nWtN6EjlomKxpK5aoviAnix8vcwlTcZCxdWLoddO4cPfTb53sHRAkWp6HEmFr/HdG\nvz1hB5rKbfGungJHl6YvqvwvSYVkdMpfEYBW0UqMzY5+Ewt766r/qROrBK0rHgUf\nROhRAoIBAQC49+a3sHv6WBEz5gMBgESjy/W5RrDP0V0fWdiVSGBMYzp5Ll6qyYgZ\nmPUfCicFvkI20tE52MEnqqUxVhugN+3eptPVqSLS8mH0YInsLERwnl86zM8b/zRw\nuFWN+zM7si18zvdllXtKwIgKi718liL9EypJDLkTRh/vwLe5BxGMVqjZ5jTdTvek\n4QVQUbrOUNWUn+mx4a39qF4vblA/l4tKA0noRikfOqkCR2Vnga8tt9Z2/lzuVKQe\ngqm5SZc2uwI8Qu+sYp7rS+xUB81oXlI/3RfC0TlqrE0HnR79PoxbRlPC9qeSU8i9\nsymREe1k/V200B0CTwq27Jnc4hKXHrRxAoIBABPyIMiFsgf6wBGVYCNzwerVseEg\nHcHOqwKjuzLPTKKp3s2NtSdxVeuGLGfnmaL8gApqjfxcGw1swuUxCBxdk2VeDk6B\nn27SahvCbn5uePIgVftyNQcCbUdE3pXGDECBPVVv5yZlxPN+pqZYp0UdXr6yhOmJ\nyqPDoL7j7Wn767eG4B4maUup/+qPZkJ+EuCR+qyY4T4bWCjSFHbnXnikL6TPqz4F\n8y9rUOvclH//3MF31J7cgQimSntNXpOI2nmdDUeYTttSxf14LxdHo05kRYAtTqTR\nrMk8TWg5ny6Gag6lc3pl8ihu/J6FfmWkXUB68D4pOrs3Fsuc3Ez6iOvJaRw=\n-----END RSA PRIVATE KEY-----\n',0,0,'en','user19@example.com','$2a$10$Wg59B8CJAeGEFR0dbr30quEhhBgc4ykyp3M1MX4SrxC3AmPeIvum6',NULL,'2021-04-27 21:07:16',2,'2021-04-27 22:55:30','2021-04-27 21:07:16','67.188.25.156','127.0.0.1','2021-04-27 21:07:16','2021-04-27 22:55:30',NULL,'BcLzCPmUbmD62m95XzF43FseEihmDQ',NULL,NULL,NULL,1,0,NULL,NULL,NULL,'2021-04-27 22:55:30',NULL,NULL,NULL,0,1,NULL,NULL,0,'original',0,NULL,NULL,NULL,NULL),(23,'user20','-----BEGIN RSA PRIVATE KEY-----\nMIIJKgIBAAKCAgEAquqzIljPoG3H9OaXyVFFukzivhQ2hSLtw1jfB/LdoQKtx2Mc\n9maH0v2l4nv4t9e0BnSsK694XEbMvtYjUVIdH/7ILFuYqRDs+jCs1sWTPZ5pwQDB\n0x81gbxq6ZscmwE4oXqZ+RhiEQYypl1/7YWe1FXzyV9TLeKBz5txxunrUFq04TTb\ntlXeTMNOBE3v+NHgyiGZM4iindzcFC2JGg6A6dds2lDCYvA7zzdFHbL2cCDbEKM1\nk0TsDEchLTmCqX9/Q/hLvPGvt6UAGpAn+/WthmRwh5NvxiaF1k2qIcVzr3Vbpc8d\nUpL1XEyMoPzfSlRjqGBZJ9NdaNhU1ZbmLh9zq/r78PrP5SstcSrKJpvrjpKKLKhr\nEOD5WrzQNi6nLXASN4K8KCRPyBtgX81Wsm7KVo8SHBjWWhOCMDY0DEOFMbW0Hdmk\nt1jZ9F3AxqP+xfSnUc9l6d4QuVvX8A5B/nSjx4AY07dXxAJvUSKIwcPo4PTo5LiF\njcX7jKnm0cDKM4uguQWQRrc483MCK9xCofuygGgBz8V1tKvC6h2NXEZEQx2u4JSk\n7N+I7XAsDJL7K9LbpQ2Nu+P3JyJQUfqis/0vqP7Cb0VLLffK4S/VLCUAlQ8TRd5g\nRDPIAjgI5Lkg3rUld8wgQUgdA0XLy4z4vISLJXw+C0uhwvir0QZOQkkZbnMCAwEA\nAQKCAgAFYaltQe2bqAk9OUt7L79py8Tx5jIHRB/HYFN5bRi0WqC9H+5IBddt+cWQ\n2YVtyHFnKKJJJ9e61BHbSmPHSjYXjU6hMuseG6XShNjUVFk7/fJnfM4dhySIprWZ\nEGS4rrOpRfJ2KOHhllfe7B+8i1ICbohkBUfZsIGU11igQjpCB/EdDCyE07RRp26b\n7RZKt9UDmEY6HKm+HbeiPQLNmrpNYpaPUy6jrdu8PQnEkx92TVqIbhMgRXHHOzAc\nu+xUyOppafZ8hwGY3y2fKH3RzZz+l8gBRM+mpgzdwAlE0fJACoptsJVERdNK6jAd\nW4juTrTqlsoH2nxc8j7NkNhDiIL8UIlu93N9SnpkmU+XWgN0chCJ22nMF3R1lGmh\n9eHlhOoeAUinvZgRHFeDJAUGVdN7cMANQHSHnAhuZ73RjRyHVNs2/EAif4K5BMwo\nuwyUsNxeqXn/kTzw2jZF2r8fAMz96b1yA4ppHvjqaYKuzkdx+pirn52V1SX1PPnA\nbLDXjIO5oFr/KBq2O+k4XLSulmE9lT0SETFwxwOBf2g3XZVddB1ocTi3dg6doaPc\nhF5N4h2wT9NoY+sfOjn2vbfW2PyTPyyIWnYsUMPbN+HJmeHkyaT92bv+4zalU2F2\nO5d2zaDqIwTiNkIZyjQhCWMgMx/lpP193Hksd+9rhv/0SZ71IQKCAQEA5laab1Xb\n0UZ75ZrIR/Qu9StzNQqP2ZW63JlT1qCJd9XMxcACerfSQlKwAPYksntYXXms0Xdw\nP07+LNHZUv1Ep1ZAe/bnVG9JjxK/OTYbzLyAlbxJCERK4GXeOIOo5F6J+2bYqkbe\nISLjcEsCVzCy1yAYMvvnLCfJnBIWrqlMFuy8UiusbkggtStAmal15rhQEChR4j9P\n07paJ8IiFindza8QOD844EuhYLgSXO6mqwoH1RGs1PgKBsE17NLQJ9uhtoNjBaSj\nakqM2FDQYLBIUHzyQVjWXv9pPgFtUAnYVnkdmhYF4xj2fzxiizYo41y/Oeh8DftD\nkSJVUCAUu/+T4QKCAQEAvfVbZcSBUn9racJsNbgrYfJd5kzm2gncroBn9Ku3SNvY\na6Sed48QiEZCvqXcGUDBQDxRsHpCxd2pu/EUvUipdQV9qDmJWLBS6Faf3MHfoiwC\nL7fECgb6J+/b/XIxGWusNs1tv0oCDnPFKyB9/LkkAA2gImMTAFPeetHjxR2WNrNZ\nbSi94L7on4Mk1WtLlfXKDrJQA6dLC3vQS+1/EQ8p48XurYN0gX53wpkdOtjxCVpW\noMrvUgzN6dlNWHyjCHNy77GtR9XWDTNp5h/fAJulUcBChuc4Vb2s4pukr6gA1m1b\nwSRRdbmrWZUmMq6XkYmc7Ahpd/RqTPCVJ3NOawQM0wKCAQEAkBUOR6Saez8u00JO\nFAxfr0b9qukvcHjjyYgz1GbZdteLXwurwV3pLUmSBRfzfp3/eYFaJDElSsS75Adk\nfTAmWNJwRdr9e2idx9x/N2dsXlZvzLpZqM0nVVUDe7CH3kpw34zG7USlQG8VfDG/\nhhDVXhIacRH32jwNNg5ul9UY3qI5buEY3GdL5mfm4fgJ40fZ9TFzfyYBZj0Eligu\nsFSCBV6Ds9uAVXWZvemGuxEhuo3stlB3H0UE6JLFi52XTcdqUcPAFlCVVDDMB6gN\noN3EbmyqEUxj1ErKZ1n3KgDujbD3XmJ2TkdYMeDw94nqa8aha7TMnOZWrpueaB+Z\nOLw3oQKCAQEAoXaem6AuNItuJ9VE2VyUM4sp2YngZ9EeLY2jz0ruXhXQnZ6tu/51\nFQBz101wCl8KZKlg3lrtyvYhQkknUcUjlP530rglUKd/sVGATMrWZih2K01Oax+H\nHs849PNNXMgy99ohwQkNOm+ZVpElxd0xBoKObOw9yHeBknA55ODDP/euuaR50UE0\nxfFZK7cp5muntlpGvPRES5yQbxmOelejSaKCwCYOr8tpzJUNTWn9Z+/L1pzoU5vi\nozU8E0zN328ScT9bhMX0TgA3sY3Bpeim2xhK9BQxxF+XRn75uv1YyOrnpQJT43dQ\neLLYZxgUaXbJVa/IxleQy5lrjr7qFvi4VQKCAQEAjR1t+A/cUcSGeH3k53Xbps1e\nhM/PwC7KXuaChqab4Dy2DPDihY9IjbWrdZAHnG7fixm1OsIIBoY5mwTHKBru5eT5\nnSlIjfoZc5NNHKcHqRTMFhmL8o5BdZEuHk3plCIGhbFCJVbM2KpPlroCHI5watJ/\nSt9FwjP0fW/VuQv5eAT6X5I4EBJMmsJWeQHg8kH+YQLo5xk+RlTA2KWsVPE7v5pm\nMTguzosh3Cc0xLF0Sg20tV0h0RRVZnihvYIlAYs8NvL0VW1CxWPIZ2VpB4QY8Iot\neRo+nn9y/m0pKuMNha4bJv4WQ7j2JE5WWYVTz82z1N3zlwEZzmG9rQgMxNXnsA==\n-----END RSA PRIVATE KEY-----\n',0,0,'en','user20@example.com','$2a$10$JZ8q69spooMUdyCitsu.z.LyQo.u0jRbOvWg/K3izAmzE0AoQwU8e',NULL,'2021-04-27 21:07:24',2,'2021-04-27 22:55:41','2021-04-27 21:07:24','67.188.25.156','127.0.0.1','2021-04-27 21:07:24','2021-04-27 22:55:41',NULL,'3Jk6eAyg9WSrjgmvLbY635zYUw2jhQ',NULL,NULL,NULL,1,0,NULL,NULL,NULL,'2021-04-27 22:55:41',NULL,NULL,NULL,0,1,NULL,NULL,0,'original',0,NULL,NULL,NULL,NULL),(24,'user21','-----BEGIN RSA PRIVATE KEY-----\nMIIJKAIBAAKCAgEAkUxRSSeUrmjZ6TM36SONkEepKfPnlM5Np5JbGHR6rUYwH2K8\n9w3D3E2FNOB12EEtbSO0t4imKF0s0jECQm193fnOH49os8OUhASDyod349fpbvw1\nPPcmgE5rPu+tdNqhZJClZk3F4YdHpqmpDWOGMe7TyAaOVyylxfWELd9f7YxM8o9a\n7ejlRkT3i5Jqp2DNZZrfuPg4WoXl/iDcX4Uggk7jiwC/u/WzfcE3NJ1jOvH6q7Du\nTTkZi4dkp69YQvsipEQaGjBqQtwTeYX5y0GUAIaBxTfJHLICDJukPUPDKdmpZ98i\n+NfGi+M4sX4eoMZvZmFo+DtMwICJgL7kMgGMq4VICMRBm4GjUWBxGgNJzgDkZTAi\ny9iJukdfLK5BRNkOcyY4xjzY4q48Xy9VQRapnCjayk7wvI40SdoX9qVH/qjQu5Q1\nJS9T84xPLlHHCgYUyzI+qAKuUfUXvKV+H/pEKXTBVMnj51lPyfYe2pP9+7lRUwXh\nP++BG2/2BP24y5b4dR4A+n7GwnD5/SS+/6w104PNokier88XTrFh2oD1KEIcJTJJ\nSzLRgbiU9mTzw9NOs3iiYiah/15rrVsjlXpTbTEyMTcOdH9Tgv/VLDpugpSOhGLg\n4SbLQPeuBmbNDhBfkHpRfQtKhX22xLPdN4dzXCzFcjcaY6FOiQjngBU37s0CAwEA\nAQKCAgArIDfQOstKqRxktysVK9RMyrhPF3HZHRK3dh1LuObgn0CRUEE+IvvLW8b5\n1tWjhlTxW/O7tfd7a4xuJtXA2bbON+MSQwKUuKxQMvbbGjJfkipbIsi6e7EVzDDQ\n0VruoCXfL3+oSdU+B2Ug9qKSssOV9oktiaSeA0aA50qAQxi57Ta5mAspKkNDBB1l\nc+PsIjNUwQ8+W45+b9fAAgjm4SCxDLFFBMfkBh1safj0yPI3ALOiWjWg/h2y6FDb\n5JOR7fBuSThmJZCkn6W4ICfwSFqhfUrvOoua1Mr+6wNom8BFn7FEf1pl+cWYp6yg\nIgr9NWjDPo5lf1RcnsoxSHd60DLsE2xomqeRapzF3U3lzLCFpeckOdicvvo198sC\n5G+4uK4NH7tG1ANohUkFd/c3kmw+i276jgND3S7Dh89vygjKkVj5+jF3468fnRv/\nfatC81tmlOxSgppJppEXj8vFnitWIVOXRBn5wdxWfFlLF5yYgWvODhDTXm+699jB\nUBxSqqDysaFbSON0D8x7FmCf/WcA/5t6PGTN09Z1CgYTd6eijQ2PfxqbkmAmvwkL\ns3TRVJTM9YLbgrFPTNRXTkVmMmVYwrc1/kh2N7YuYdFQOohC+GHN5z320ldZLIAl\nQbzIfQ9WwSD1J/hWpSvjiu27KHVR67maUcA3e0Xito6vYPZKEQKCAQEAxtQZKAvi\nLJHNpLmzHpJW6E3Eta6+YT93A+D9hmacPXOTpjSMT4bwnIYjG/h75H1+Cz7w/P9l\nFkB9jcMxyZqDZWbwIUfJdSDkM/Z547EXIVnQmsu/qQsSfD7gwj8XSuUSu26qmgVk\nBKXtOFtLCr/A2pzczGsjiwo/ZbINS5qn1El1oFcy66ebBnrHgt1yha7B94HIQ/tU\n3MGWN5cM06vauKuzw9GxKWxcC6ZJcVv7k615pUIMM8+zXPqbJEX7RGnBJNqMjzFy\n77M4NYuooFXDgmwankMCrKTIMbixYj17MkQFBmHKkDoQTzUTZ86IZ6TvAL/V0Qiz\nPB4ptp/vGGaZmwKCAQEAuxPPgrqKMEuSqAgCXXKhfnDoKg6ujp/Yy1mdcuNG2HnK\nNYWxYcnOKG7eM4SS9Bv/D5X6vCayRVQSVNH1N5VqfrHRg4RPLuuvo132DZvPbkEI\nlxhDzdySelZvibXUR8I14SaK6+Q6AINtwxVtTn+OwWEHzwh9lHxrz+OC7GyKUlmK\nv60Vgi/8riKgTQZ5pWi3BXkMFS4yWdN4xalbGrBmevYK0p40vWIUQvdF3wC9piYu\nKUqHQQmLkcq4KVPHRnLRDhR2T4y4R9EQaOcZNrOMQy/cCnmSPzcCA5XQzta3iPyy\n4Dm8J5s9yDBnPqtfgAfGfguIWbengWMlaK/TUlbztwKCAQEApwGwv7p7mARAP4Tb\nt2okJaxs9k55CyZLya5KRYIa6mMSOiEZWhN2N4NUKkJljl76aGfN9DRxrGcvDsxO\nHZDznVEBknLB/OhLxnnZmC8/xnuyhNNvgYYTWNlX4NEtt3MCcP1bv1OX12+n+hZ0\nyeqXCwmHTQ0RJdDNv5X3JPIa1m19p9iWpOp7hM3Ml1d6wl8v/b29gZyyg1r32mm+\nFG3dohBXRrvzm1+xUPez6MviXQDxlKYNqddkSU0W0zkU/Tn3SgVo2z4l1MEtDYzp\nbwOa3QoAsb6HmIwwu9Lu7B3IRUhtEBdEFjEvUdi7HA6W9LfNKUv5RUORiYWsdAGS\ny2Qi0QKCAQBkojWAR0RK0nxjs1tCVYWV9LqO1TMFOetvCBfwU14q2OjzfaV7ywkB\nKxKQeAJtGhpMkgs85zwCm0T5J7BXZCLTYGgp7SSDQvlKUiMoEua0kntCfCUNOlf5\nQ0HgvFUi/M/q+8bDOhQRbqG+zWntTiTG1aFTt2eGVp/QRryI3aJSxiQjE8J8M8Aj\nFDFS/ea2GexKH2Fmi2E+fMl82qtNYhLeljggMEaCkZ4An++QFF/wXp16TMMRM0dG\n99u1L4IE3YKjplI2XKZMy6OeKqKfkFolUjt1zwviwX5t20tl2I8GO5klkSkrzRCg\n/ZisV5eZ0ZTu/NkuGeMbcPAQrnRo2KllAoIBAG6HjEmZ65Yr3CT/R+BTCgAETd16\ncTQWUxGnN+OWLA+5ZCLJwgDh+8XCNNRDvUEPU6jYm1xZjo0tFKevRkL0MMR+iS1+\nFdzCK6PpJ9sgILcZZ541hHCLL5mKzJrMrm6zjrFSIHOWkDao3z2l3EKHz1qOrcC9\noJDbPThOXhB4rIya33jBET/Xf0+J7QF1ENiFnCbAnbZsdlLHcqm5egU0TAQkqZ7e\nx008Gv46ey/cwPHRQUs+p/mbHJU3h00TyNsSOmHJu+qeV9PbevZS458eS77K7j1S\nTaA/CbK+uKiRSsO0CTsXbPkHZSMEtUYNJX4I+vhYQEBAJcGdpg8H2U35Ezo=\n-----END RSA PRIVATE KEY-----\n',0,0,'en','user21@example.com','$2a$10$/zXMkhj5NmSJr6rZcFb/duCttns4WrBNhY2UMt0QgUONiPMV0baCe',NULL,'2021-04-27 21:07:30',2,'2021-04-27 22:55:52','2021-04-27 21:07:30','67.188.25.156','127.0.0.1','2021-04-27 21:07:30','2021-04-27 22:55:52',NULL,'Sz7oyN5ms3yaDeQBPMRctTV-GArsNQ',NULL,NULL,NULL,1,0,NULL,NULL,NULL,'2021-04-27 22:55:52',NULL,NULL,NULL,0,1,NULL,NULL,0,'original',0,NULL,NULL,NULL,NULL),(25,'user22','-----BEGIN RSA PRIVATE KEY-----\nMIIJKQIBAAKCAgEAoV/9ABLMTrPi/QwyJQBhSwzfFVIxordHgtmURuCyx4s7QExJ\nat3qk5UdRP1CImullrRQ8XQq/0eEfYiOjuuMb8yhbc5ERd+sDwBBGdWf+0JjzRuJ\ncjsrOfjbEoP1JJSlj7kVIgQN0xJcnH6ZGDZbmbfgxt2zSo98CW+aiGycpZfbe8RC\ni6suwjIYzUaD4wBEJi6C19SI5/ZM/87oG/mKUZhvR+nHUJvTZxDVvNX3BtASrCz3\nV2S45uBDrrDyzuVbY1MVzf3NHdlFNnJOU2OKyZEDZcQiVsZfKsZaZvMsiLcXUF22\nkizlyR3YEV56QTC+nwm31K0CzoHxsxs0SmpExZZ8JURt4iTmpF3CPzqUb2zi3apN\nCFwJWhgZgaOsJM3Dqkr0dPheTuxhWJJChG0iOY0XYtNyWStgu87YDGLxwD0t3dpX\nU+HVbdveDRJsILlPz1d45LLEQwGcvOGAJPK5yFnpnLGVIYlZn8eDRXE/TLWJTMaW\nOROzumhjD5oUxVyTwU9bNuaxFB57tbiHtiE1Dn2JciBbMtBPtudcNw6uum16nkWo\n85igg9iy+8K8OvvBrQiH58A5LRMtqOIPLJiin9ty0D6B1Km4KJF+B3ppVH9/FpG4\nmk3GV0SnnE/AAfLGo22/27UhM1XigVOxGKDZ2hxMPcIE+JnbMLtofrWWnf8CAwEA\nAQKCAgA9DxGuXm55dOz07BFpGKy3deZOrevj8k8XfnXxH4HlqJPBr1u0GMVyE+Cg\nQucsGOjtjcp2oYrHTmseCHZQM2XOw3FtF7eTbJ8widsYCFFhA2y5paqq0yJ26+cQ\nKWeu8KN4LwKE/V2xuGfcOrZ4h9C+5+kftbDqDEJVW6nv5pCaw0ujl83KBPpLNiNW\nQFEUqfwfKkgNm/g1NGdL/yCpvRCN8Qxh/F2S7XLes2r76UVviXkXNmhb49tmWAKj\n7YXhrLyYZ05/w4FBwvzCLhvex3Iy9DCB5+VKSgKmL6jy/R2jmQs0OFElG+HR5/3i\nDIpbcjMd/9JToSbHtjkamLd/VJgyROzxnkw9Lm842qBOh1aONhZxHRW/ObLxbCid\nz/bLHcyyvht8w+iakSHbY3fXK72/55goXX93zL+VsaH0KYTpWm64G+SmLntRzyUb\nrqNqOXwkR9uyDFqko2atOteOew2DVeISORIJn+vVeDCTgEpHx0OsTsahtK5kXh6G\nvNzjHYichJfv92x3wGzN5g3f+O7z4KgFePbpByifxWKoFxEa4C4k2ZjAIfCesbGF\nhXv0Q8v5VwnH054n3zTCrayYvjWXti0RCO8xBwfSx5uwEq1RyzoziJETGaVtpsaG\n4ifwXWKQ/cc+HUp5YlMPsCmL0DXzFwnf0vW2u1FpOxlvchx5kQKCAQEA0ZspFayd\nmOtVHbi8IFSlUbLb58vK3RM0B3K06r/ncGZo+QG2H6t5e1PUeO104Wu2EK0/64wa\nfp5qUTCFsWmYnxNiWxOs0QF6i6WhPI0CGhqQm04de/24cFSA9ymzQni25vaczikN\nhoQfB2LUHEPVocj7ZEQVb6cRY7azU4NIfOslxYHaqSc5l43IjqEnnb7mOC4eSPTY\nALc91hCSc8pECsKt3V9kJlvSjCJSPVSHLNu/rIhOrYtp3+Ys1J7XCZ84wTZWyq2b\nmrpoGBNVvKxFXPLO/3ioW/FAbEa/7V1XUdODl/etDgpo96UfkPQnhTV+bvY5gEbf\naHeZwqN1gOBLdwKCAQEAxRfsQsOV7tQDm+hB6UWl0lX50Ljh6J0lTM7gicHesGaX\ntkCOuRfwwDjMZ1jacb0vvEw9LFkdcLDoZFq1agyElIMJXGHufrWoRmSZQ02bTce4\n0xtdnGq1/TRIKhbrEd21Jl+Ia2esTF2rktCh4uVZzbBnKadrXhgb3ZaetJqC03/+\nO29ULHqibbE1aUqQOAv35cJWXE4KzO+GMGWSUGdrun3TcP6UxtKzXFEoeSKuCizU\ncAE4XZQNFY+LzVsf8E01Z+zixrIvhF1Hu46FcrtZz9gEhTmkA1DEATUPdabJwHAn\nAa/RsQEP6/3emr26CGlC67E6pPrgwzYuC5/arlvTuQKCAQBktfmimWLLs98cvcNe\ngW1BeP/iOvAJEw3/uiSlWnmYbwxnAGSCiQCAukGvrOBo4zkCgEvjIFkml3Ub94V1\nPfiADm9GtYhmkCBScs2q61GkOzlZ9cmC5uC00FV67IVeHeQ7yyiCggUmqdrC0MB7\nqDhAWPI5NeFa2VoooAM/0CeHJfDrGj524grw/8XqihIf4DZ7reUNRt92UJUcgq/r\nhLb2uJ2TbR8QszPR8zeykie07Q0GmCO9jOvdEZpeusc1r1Q0uagwEARg7snPL5MV\naWyWgW/mHhI+wwciP0g+g4fOICPtY6q5wVS4EJW/LyDCB3btV88/DE6Rwk2V0LZH\nqv13AoIBAQCOd717gT/G9JBrSVcjlQnJYgaDfrEl4ToOLFiYm4AqSO6PeljwqMKJ\nYEU4yzyUDOoNlZp+jSg/xlEmAX+zWbsYUyQYGF46T3uE7sDuqpGBhsYuK1DeeTB2\nCC3F5u0i6/0+8L1+zeD5DpiwNolepuTkTwgzTubIjGrQIUk1SZ8Z3SJbuhzBTiBN\nZFQ0eQaIzPXzqiec73jVLKr2HuXFowx3MO7/dbb7hWDLcYrtDUl6527kS61/zz4q\nAKpQ1fbfUCAzsEM416KLbpYkmGAUUCMan46c8s6A6wfTy5QSOm8J4MgBayMLbLYi\no08e0dhArj4GewTmLsb7tRVRp8p+ULhZAoIBAQCjwz2PuKQcjRnUyaENEatGWhJz\niDDijK2L44BOxmMrLH6sjctcfrx/UIulPwSwk1/47ajtXK/cmh7QMeXzNF16Vy9B\nWfUgGrFOH4VIPBLTeYLAybhmXGZtx6C4NEEAzVHwnN0DwTdEc5vQbjrYbKTYppLI\nPg0uXIF0jKeW1zfTPVJUvKvSIZzGCFh9y0IckQHPz4LqqrW0Z+/7rVUP3Je3F+Ip\nheSnDjed6gcxtT3f/gwnC5L2zCopg60zSR2JzylX0toENJ9hCrMWqUURLXDScDql\n0La0xZiARbMkc2+lBTaFDdu5vViLhQR3kcrG9vQkjfW5/zWsCjYNCUxCSDnN\n-----END RSA PRIVATE KEY-----\n',0,0,'en','user22@example.com','$2a$10$C8tW8cWXhPGDG7SeHL3Fe.J8TaPzOFRWchtlbWHtmegkprTFNSoGi',NULL,'2021-04-27 21:07:38',2,'2021-04-27 22:56:04','2021-04-27 21:07:38','67.188.25.156','127.0.0.1','2021-04-27 21:07:38','2021-04-27 22:56:04',NULL,'aQa-8qZ2msK_4YrztWw9Tqs-XAA1Gg',NULL,NULL,NULL,1,0,NULL,NULL,NULL,'2021-04-27 22:56:04',NULL,NULL,NULL,0,1,NULL,NULL,0,'original',0,NULL,NULL,NULL,NULL),(26,'user23','-----BEGIN RSA PRIVATE KEY-----\nMIIJKQIBAAKCAgEAqpIzA2YwwwSuKSXSjCzJgLM096+Qco5Nhwun+qDwmOkw4DL3\nyr1sQ+fQJ1GxJ4ZR2gHAoYuxfFEVHn1lwCOh2K5rSJm8HYPGG5+RMeVhM/surWJ+\nX0nemS5tYJa84SoyGFwllxvGaTnKwkGccgzhDVY4LFLzAnWoD6oU0zdp9KH8rYmL\ntXpcZQwAp1qQRJ3J79bcEHxXBpkE9yZ9WEW9ssWENOi92mBSk1FfJkyKqCzmzdjB\nQJmBbN6maBT+IQs+kKQxvrlP8DyHeLbwSU15ABy7+m1uqOsiaAKPM71RqEHHZQFN\nbCfp+x0kMxdLJjJwVy+aK/nZyP/4K34ZjR+lLANO01ANkn++3wBJWhUExa2SyiNS\n2+C6tFOq7v1+htx7UblK5E9RiFcrKmxVjWSXL87fppR3i/AnpLZ0La2psePGeztL\nZF8aejxWVgR02w6Bs7xR5Q9PV4kh/h/FhniSkBxDlZPuIBgm0YzTHlZr1e5apOYe\n43kTc1WKfhud3+1YvW5xVytZPhvZJMfeK2bLXGRFNL42gyga3RThZZw4U3VDJT7d\nQA+9VlGXwKiK/LJACYsB/6IPr/ku77651dhMppio/EXPX1YZcGPe5UUpKqEeFaPy\nMnmwePoyg0YL8XWHKb3wTdu6Kqy7E9aBOq78fkAC1YoeoxKOO6Ddr5eXSsECAwEA\nAQKCAgAZrDeRY2gjcijkeJTgFD2f6Vknjn0nQNPaZ5640lBkM3TvybwR/8Cz18g0\nos8PK+BV972Okv/7vhh3plgSO0q42ke7fagaqSLANZwc7nFa6Yt0/UYYAX5Hf/1m\ndEmpejhgAj6GJ+ANJm2mH0n0wIt+/mMmCLYawKqy8N6Bi+2erGLjm7gzcF9Hti7D\nAZaFPVqPhr9Im+5dR9q/eEOVbanHpoLnk8A/hg/nrG+tzAdymI+EnAM6PeCFCl3x\nfHdjcdXQ32W9Vxb5CaM6QA6aedakda61WpM1SW68SOZU20HXGU9xnGiSxs8oxJIW\nPoNJFH5kIP4LcGefISexJCGkZAbwAWpCpwZFIHCp5a0rb0qcfp2TXmgwR1K04dNq\n3jb/v31T6I1lnZMQsrW7tYn+u2/tefxYHQCIYlJ8YYSF+kMwIN0as1DpEEf9P/H3\nX7y9u3KXDPr3sJLJUQ/nK6n9n5iAh/HDuTqJZUU0Hc5bimp52e7TqT39udvKHeyT\nrcveR42S2XGCBLsGFF4EU5HNEVToQ9njVhMOX3/dTmzqYexD7W1n4gezczf+dLv9\n6C8FYcTOSEntHuK5FQC7P1K5vWTzIheS0vuOxeFzqQCX4BfaDeawbIveEB09M0Dc\n/GRf8WRsN8RKuBb/e9+LUZmc+GPCrftLvMGZt9tLuxYne5xhgQKCAQEA8FgMqQ7/\n/G9E61dgLdnJ28yQfRCF4DkAAv9XMPpBnDMStOJpnxOZ4+IdJ4qqXdHx7p6xkmp5\nmfAs4//Rkn38KOI0zLT0EFYRGUCgO0rh96DLUlAhJ+nQs73x2qX0j+GpWivVZ2re\nRarTaL8uqlPTJ/RoDIw7jtPjZMRIY+hCpVT8YTGBFC1szHQVFjeUiHkdJvVCvfBQ\nJcJvvYjC2LCz05LvT4oRg/kRi04WusBAr+P9tkQciMzUGeGdTnobKhxzLcwDyj8q\nqNYYWTjdFRq7LGxx0lI2FfmRsPD3uyIdvYL3yoimgskJ97DIJY2ebgdnNxBQlzb/\nYRW8S0zRv71eZQKCAQEAta6gAD+ojfUEbZ/vnRjSeHFBb4/QThSXwMeAFmHbnCC1\noBeNtnP1XBJ84qVnWXCB7UlqR8u87epEBRdbg8hnWcuu2xTEkmzbihYknNVUBg17\nbD0GQGcjfVOjviNGFctELV/olTNA/yjoQyg/llhDcGzxsDZ/bqxA/8HO4d5pFDdj\n2q8IYZPDn25i6O1fWgOEJqAb8SjPE2qSwgHUADDkhMtFhXKZMFKnsDdTCKe1jWkg\nC8GxClD6ZmsBdrzmEhbbaOyfWIRTXicRLaBnQvUMr26e9aPc71wIs2bpQIx90hBM\noCJzU+oUYgQWgoYFrLHyp9T9/fpdeoclRH3n+I43LQKCAQEAvWAzgZYfIBGwlVtA\nnoAnrLgP9WtqgVWIa9Q0KJRX1DLt/3cTUFPKgyPsYvbA7LH7VlDWjA63iBMV3AT7\nZdk9Mh2jCtVeJe0bBfHFD1Men9ajvlUC+wch+i6lfeobvK9LmJBHU3iCcRR8BeH2\nbCEmlSngPlrUpuLQHtsGSyp8MPe48QBnu7VbL/Ibl2jt8Wa1ELhaAX10OXxuPUKg\nfMsmtoPlap/Y00sShthd0oKftbgIdnBOp3/1c/swzuApvVGzc5d4OQjynRwtDUhf\n8zwf1Y4RVW6PzVrbcDc+i8YC9wtWIdDwmsa7wt4ZpnVjK0FME7gYOD4Olbnhptd9\nwf39fQKCAQBC6D9GOCtTtALgeEDe4tBHyLWnZxf4WT8VoKK8G2er1KPuhB4NLiES\nukBBm1Y3Kua+QwYf0JkQKPDJyzNJkdj1ybvoNHq7zdj/vm3XT/y0ieyFDOgreZAp\nTE8F66mYxxWhfCuEHq72CNOYP89DB9g2I/jRwxAk6sy5I1+T8LtT1Z4xX7o/bRJi\nuV01mI0/8gGN0/LWWggAh4PqbI/tThQqD03X+j8N+7KDg6xRiKmknS1PBxKy0OWW\nKBwO5Tv5N2+v8UwxZfHpv4tk+ShuER6N0Lg7kBACGiueHe0Sd2qynIwLgQRlx9Of\n0Q+VG9QlKBdL1XWAPd6FDBYeZhuyfnU1AoIBAQDfHE6DVbFi/W/edZOGqhXoql3f\nm0BiAMa28lYvo++nCaEfj+UQCDOYDhXXDQHh/wBjTF8Y1QGhxpXGO3tMMWsnlJfu\nbCPlaB0gMjp3QksmOGOlR50bHEa5J9zY1WPaQuVVN0B6OJwaN3++gfoGLbIgXdwi\nUAgVAP14JG49pEpRwsqzZOBqB/w6x1vYyce6uTN9+u2DACD6C1BObPRlcf9MD7PO\nKsC4mwowFZAcr+dEbrCR0o4HukNlEGaNFXzfEN3Lm7Vvnn2zT1Tr9BObqXijJ3j5\njyeqmyK9CSHUH1sT+7h4el9XpVpZZQ0mLNMOPwXP8Y/Gt7pE17pNYOPFbMJb\n-----END RSA PRIVATE KEY-----\n',0,0,'en','user23@example.com','$2a$10$eL4FkWLl8VE7ToIBifmP.OlGDmpxXrbeDqVFBVWKU00yLAVVSlRVe',NULL,'2021-04-27 21:07:46',2,'2021-04-27 22:56:15','2021-04-27 21:07:46','67.188.25.156','127.0.0.1','2021-04-27 21:07:46','2021-04-27 22:56:15',NULL,'A9sZb8YEBTths8d3fNYrz3MCZc2Now',NULL,NULL,NULL,1,0,NULL,NULL,NULL,'2021-04-27 22:56:15',NULL,NULL,NULL,0,1,NULL,NULL,0,'original',0,NULL,NULL,NULL,NULL),(27,'user24','-----BEGIN RSA PRIVATE KEY-----\nMIIJJwIBAAKCAgEAsCPdu27pN+vVDC40Uljf0ndZ8PrBCJrxgX9r90zfitg1bx69\nw0H6vfxxaBZGrtFWgi5ZkQru0dIPRwKW7i28XWfF/Q7FNLMNOpU6Nc7fVmwYsfnS\nb50Yb/AyCOIqpjrRIa6uTswzoNCsfQTaglOZPEOu4ItZe58xyDCw6UKNA0zpFWBz\nwvOVN0hPJhIGIkc2VW1y6IQ/RSLjtB1alJ2gly/PFg3wd28YYvW7Hs2s9sbZMOGm\nJB03u1McM+XFBKEPfR33xtGWkuET4BKNeusSMCXyBJ4z8h4w3pAj8MFnhSYybZM3\nvFHQ4l2lLIC9QObztc/2g+UXARcYpUpsd5+InJ8GVu58GeKsimML13CdpeG6BGLo\ny9ximDlIHDYZTsL8u2mh+fOvq+pir17hLQF1ScvuuVwuY7lHK31lptYM6J0pFF7x\nQe5cMRlNXvXaJEJ/b/wTBBV/X5EujJ0KXW16cL+I6rLZ1kPmXhLlLGRv5nWo4USe\nY7BuUtLPBU6RJu1OKWpSzr/sdkTtCvtjkuIA4LoBSRs555xilLDyf+P9cj5eB7mD\nwffFssuEGJln5Y53JL4XTiIxhgqXE/u+GftTLN+7gwG08+NS1xY8AHbjsrS1u4Tk\nKTwda7SMvncMKpa6NlI6yZGEuKzOAqk/TEP5KdxE+Io/LVRvkUqAHJPqgJ0CAwEA\nAQKCAgAkT4yA/G0HCm6dx3OhSzF+43xO3X6IPdrN+Zzh+v61Unt3eBSiCTq9yin9\nzWPOW5jUFuZ/bEvNxNpB5wKCwLptXfx2fcJBKi0ut78rgwVO/VM881WCjVXRk6hY\n5PjqUkM1CJvl4ho9i28XibXa+o1jG0fUgd2VSrzaOlFqEL5doRAGyF6s4IaRAi7Q\n2BPcIqaMh1bSIJsjbz0WLxvyeak2qZQtBXwePvB9zA8CW1+N8vGorkfP95b63rf4\naeRK30IAZrpiyeeayVwNy/1PCuExvEzPT2bBgaBM7VV/ZvtmeziXlqr9fzdKxwfL\nLBH3rHSutRuqVoJ+xspdnsFMCr8ARJM/4J1OvfXfmc5K5NA0bfE4kJApyZoBjV27\nD3o0w/lyJ8MpOw4KQbSA8uQ89lct4xjEnGaOeUd2Fr6DDYuRgKHAEq+rbWv/Hkct\nStp6/VMT15PuOdacf9Zb8Ysfpzm0+uyqzIfxg/8zQmNnSmT2TTywyu+DtCFDfAnq\nL97vsuSt/ceANPn1A5H8YCsuVn8CS4670hUkxziasA8BgSVNmQzX0saeKFYfBR8n\nzd/MrxcJ4K6QViS5k1ZJinIOm+88rXsDryenfqU5hGZWcee+GiKy39lMJm+1mUVg\npSSPf0SseJ2HOwEcIVjaVRC+4ug0zK05QgabdHoxwwaB5fI02QKCAQEA612XEsna\nyEBelLwJX2GB+uxfc+9M275wDvc4fCb6WiqzR6m6OZryssxQZmVRwxE0ZhWKvwWg\naQAnHUAJVJDhTyDjdek2yLXXp0jNZ3RerGEh/YYS2ojwGVHjZbbEKuQ60e9eNx3p\nXTTplhxqNdqnR8t8COyHTsrDDjzHCkQz7kkN2XgQluP8rcLFBCct3kbJjHKhIhM7\nxP4Aiu3G1yLCXIrGM3Yth3fFuhjjCZYZspGGyLX0q5dH8ebxm7HSvkKzfTKHLHHW\n+7OwszZJTqNyPZGJVGu4UfUov1ALSWjBIHOED0AZN4hP3wnkSRIgDl5RSj5cMcdA\nQ0esjaU8cHwPWQKCAQEAv5UNpQkdPeRf/xGFnY1PtAJACBw8hWm/7n1t+KIGmmoR\nZQSbt9cC9dmPSWjeM/PMqwDENuZquP5DBTma6KSZ7NNkRr3i2eeA2TX/1OZoPqLi\ne15/kljaSEVC5BMgjRJPelBZ1bO6sETO+rt44OTO4tj5oZ0DyXapKG/Y58vI8DRY\nC7UsO6WgCpcjfZqbVjaFM5xbt9rdiV1ojKsvVXWYtMCeILjPViLIaYMa0yWGNML0\nuX/H0NzmRfpL7M0FrABv0ju6LYI8vMjFq8EjhjaioXxapzLxRJUhQ1WImuzSIei8\nO4q9JpE6nNnEzD+I5ya5pgfEkF6Ld04F4lNPNNQ25QKCAQA90Gqo6JKpHR65+ViM\n0FMOz52SGTsaSz2q8IrJMIN3wtcq7wyVrHgpNTe4bMu4a4BTfzzdRmEGsp+TMwpA\nR3ylB4I1qXZV6EwnBxvLG+jxZOFEcD3rXyOPws3yHLoQebhpAnDAEP8FF6xxXC0Y\nz8A3Pt3oihZPPzlTN+seayMoZc9ZWgshVec6y3hqys9lHTo5xLFE/cAo0Hzb/+7E\n+cAKBfhf852pgm9PnNGj5uQA3e+ELyV/G1At2/WAaodqqKHzM54EsjFAEcVKi+tc\n19hdCygCH/hcrgJxnFgag4SVPUFlr/PvfcFcVoC6ICSDIYo/8XjNKgNaqCxNVyQ0\ndqChAoIBABFAzR/FuFpwjKyd2Vic90aQxU91q4WgRmal6RdxEAMr9jEQvy1JMb0O\nQLctuIUZOZ9UzFbdXVMXotV/oJG+8RXA29D7HMje7l2hXU7BCTZK2PafRgHZ+p5z\njliX2GCb+4haYBy8uN1S9QjjhTlLoc4QGDsTttmX1BgOKoyFb60iKaO0Ry1/9u+9\nOLcBC2gyNMC3HhNqpHTQcq/oYrThiEUO666qthFdxIqsAehuAq4RuJRUC5ylqB85\nMUk8FXyt9WQLePLMPcgKlLKpDBf0J6U/W7KfBddVTs+PjmPVW/8txHXgQrSMc6jY\ne76hIiUe+a0YGf2eZhTyc9k0A3gQfHkCggEAIqQ9d3fc/tUxmCuLxup0wUEAH8EB\nkHAwMVZGVVDGpehKWiTs/VfzcPO2Jp4jiJ5zkJi5b76Jiqw5iAuOP8t+OJ72iolM\nsgUeEDfv6aowliMafp5emFbHOSp2UpugPd25dWa2vOpVZ8mFAwn/IzJe+XPtTisY\nRXiuw3N8uBVaGg9c6kl6tmI5ILAmod4PTPL+KSgUJx0qBlQzWftjnEBQB7vubmfl\nenqgDICFXAHEtPnxuWeeTZnq9C1c0bPXrSa15azTq6Y5WFBKoUCfeZhGtJ0fVdrc\n4Jo6J0s0Va2O5d1UmbmqdpmV8OLjGYdg3apjpiiRlQt6I4DkjAeJXOLv+Q==\n-----END RSA PRIVATE KEY-----\n',0,0,'en','user24@example.com','$2a$10$7hyzpc.QcMqWfIwZa56ob.ARpsB5Hs5No4Vn4AUrdaiTK462aIvpq',NULL,'2021-04-27 21:07:52',2,'2021-04-27 22:56:27','2021-04-27 21:07:52','67.188.25.156','127.0.0.1','2021-04-27 21:07:52','2021-04-27 22:56:27',NULL,'i8g9DmxegZAWa-sFHhSKUEsJ_8p6hQ',NULL,NULL,NULL,1,0,NULL,NULL,NULL,'2021-04-27 22:56:27',NULL,NULL,NULL,0,1,NULL,NULL,0,'original',0,NULL,NULL,NULL,NULL),(28,'user25','-----BEGIN RSA PRIVATE KEY-----\nMIIJKQIBAAKCAgEAyhO/H5vXZp/lIzSSOjnrs3+Z/CEeZwxdVQzfpA7Xh+bZASpM\n/I5BjmUA7PbvcUvp4tLixI4a7M0KhM4tIxaPRGnogg3AU0K5OrRNzxwuIrWpmXwo\njCoRlk3xaF1Vy8/XRurTAluE/Cbgh8q+G8MyT9MYAZmmdIRSp9G9a43SHb3oKAoM\n6CuxY0/59d5JyvQKRwitKaZ2FhwPQ1kXxmYTFe5gZOFPzU2Xn/02pk+Dt+Slv658\nEWxvQuspD2bYfjFVUsuwZ+sog/+TgcW/kPsDx+u2Q7onHRx7/a6ejHLMUloLH2H1\nTRFv/6VFyhxmu7MxL3Mt7rrtyH76IAajyX6naeJ5Tt34i3zilAFeAH1LhPrvDefR\nSRXYRTUWfLZONFzJcUoX0NMI/T7ZkufKOMn/6B+7Lmsjc5I/x3BUJN/iy95BoX8j\nzx4rI1zytNuQoNlJ4Jh4ejUkhpbdV3UrxaU7PzxPNzXlOFG6l5FsiWKlFUx0Yw7L\nZmB0j3jIXySPBNKMt0FJ0L5319xKX04eW8iEzNzG/ujSTpndN2ZhkKDpkzVDhgeJ\nJSw7/XgN8VjS0bb7/EhwqhnxxkLy3Jsqn55/q/SfHq9nMzaR15Qpb6KgjbkwKH0M\nI4scYW7qhDNXQN7Um4m5zInPVkkNCWywLV9fm63rZnYY3cxugOuWam4XNSUCAwEA\nAQKCAgAJF2dXYDcKLnJsKY7UoMt6aWi/n6vS/grq6yfapTJMMnYb58/L4wiPA/tN\nLfTq13v/0PYT2sLaWYU6IV6FgBvU+6DSzRSUimF0Ay2m/kETHbIyLhRS7geZiAsu\n41gbUdABKEpzBjQO9h7O7S+tZxRJ5Bjl5YhIILXpR/XqM1i7LtKVjpIzFdgmvC/m\nQGh4gY8+z+SehZc1enCzWnxH2ErOh0l98GcbOPzz3TwKsnQeH2LXo12AmSzOSW8w\n+rMNxmFs1q4qlrldau+zfHaYarqqUXADTwo4dJIdgTAv6HBJ2jQ65rjXDUxJJ6Hi\nrHFwy2iQlnGAFpfhF9lf/Hx88b5NYCNWaUwk2TK+XN6jQGVZ4IiaFjOwVG+G+8r+\nHwpANW2fZaWe9/8dMraI9IB/CEOIESsZCXB8GEB/tmxRXabDP0clkDM894S3G1zO\n1v9fyWP20QxMnyrsQPs/Ji3mIQGXN0czUyh1TRvXkIYJWrhwbC+dcFYp/hyjCzrR\nAdvoC2CP1yB475TFW7LPHycbePM7yhTFBF41lKkSNix78jrjumoWL8nlYt7PzryP\nr7F3yIoAxcXBPdDPVEHm1kgbEspsopX/+rgXGj3PMu5qoi6199OpI43gFYBgs39p\nr2KFA1QUg1wPRTWWI0L1yxGl/IDKapolKquz0RBBiMx2sMpGRwKCAQEA/m30cwUc\ns7HWl14Hi62CWElcxRHshhzv4NRH3q54GVSM/DPLGX/d65Q4T/gxr9luCY658rnn\nlBzTMG7wBOw604aedD9PLjUdzO7s5EFy1h2KPHlkbQjhvB2rnr1EpUmndIo9UKFg\nerEfm0ezJ9o+6TRnH/qhD0oGuGpc8ZYGPGskotVWr5p83oCthfsgsS8q2FpyKKTR\nIVecgC6KZe59Vf8eHP+D9WtPn6SDrnb32//Ep+sxea+8hwJezSUy57Vqm1qLLYIu\na6QMYIl4VcWGGyHzT/KExrr+i/unX5Fxc14hGpEucnl7Nk8a+iYIRYkelPrtjzy/\nywPH/C1GBux8UwKCAQEAy1MQvG4lQoTHsV54OX+ZJ4hr/2LkNn1C5QoVD9p+V7OB\nx3xjWqFJMHpNQyvjLYzFIOHP5IGM+HwgDxkD462DXReUcTtPHr5FHF9zEbqDQBoK\n/sfv7ep3EDBQVO4FdS4iGiELOqzRD9nJi0xlSwC+HA0YMr8HtpvIRk4ZaMR5df9C\nKQrDa2ahD5J9eUgevPn4NLyBidmJNAxSxVHK/3oy+aJiSI+EwZX4gne3tD5KHjSV\nEaaBpkmqe4oeMiJOYMqQyqXmZ7YQAfB9j25XMEK6TCtiLPf2xhOpT7ag2Xw8ZZgX\nw6HE1apkWtcxQX0/LactOpQGZa1oN4B2mNj44doZpwKCAQBawjpa9U3hw+R6pm4m\no0RF3hWbruMijBv9pXvlsXLiBkkshgVDGVu+d2cHD9AZnIQmIKWwMiSrrwSe2FQC\nTYpGflTzvsmuAACbY/dZDQe73Vm8bMkoI+zyP9tCit174KQ9bDqnEonp+lj9+Tut\nUarzYWAQBkWBwLRZAIgbHZsn3kh5VYTQq1kzvc8oZgapbdvoxYrHeNOpAymuh+uS\npNpM3O6PBY668wa6OeNHTuTns3shM0K417l2p5/NqiFYilx3Ant3RmLsvt4zaZZl\nckp+T0QOFsLKaVX39VMlQiqoLsG8SmG5MCCFpP5IkVyOAXXJSyGG4PLBpp2mFThP\nq/hFAoIBAQCCLztmCvhccPwTezNrTWHYyCauLLmGkgmE8UGvFu0SZmNQQTq0StS7\n73MM8UrSXXHSrgMYgkKqz38Pa6rr2qtjrbdkEN+GBbnmgs8AqPVk08f6fjYHlbqK\naQTmfEiOUO2Q4Vt5RDHP/lhnkpDAx0byWwgFZf8gUvqW2Wa3iCVlAf1wne2mFN5H\nRDqGr0DPKxZbXd9rThfldYaBxO8/SRTedbSMVShhcw7dKp47EC8QzAYuePhGaqB3\n3WWcIA8jNlAjELpH6XCybTNX5QR6aB80qgqAVHxzMx+TZJH07vEU858zqZ6IWENN\nTr/A+Nq89m+lNCYscC1sbBqDn1kr8yO9AoIBAQD5FokIQaeccSRSR/r0EB6bwQjL\nv66dA6sfHw2ZjOXG1+0GgDtcQV3d/9LOUGeA6RaDnYj6Ng8AZ2iPsgWbTdIjYK8+\ngHiuREabU6Ajv4U6oo8h143+eY1+kbZDY+uy1yEpb8T+JzuHse2owyptPFgXuqY0\nWPvL2lGWOJIWFCy+8jaczfmmntYIe1kxkQGmYG8u4rmdXKWGtSWRtIb6GqK/xol+\nnCXrXX0vY3TjYuZQU1Noq087sBO5QaWqXQ7l3iGe3odBxoXGfYgi5jL8OX01UEdg\nr/7vUL2vhY+5k7u9+oPVc7QVQwgBX/6r/6AqVLJIimxasMDE0lZwhzy5/XTL\n-----END RSA PRIVATE KEY-----\n',0,0,'en','user25@example.com','$2a$10$1WyoJMNb.0Jz/6Hi.znTfechrcoLSYMNxMQGfFsBpGbyavfb3ptd.',NULL,'2021-04-27 21:08:00',2,'2021-04-27 22:56:38','2021-04-27 21:08:00','67.188.25.156','127.0.0.1','2021-04-27 21:07:59','2021-04-27 22:56:38',NULL,'o3UgkNztAEQyJAFmRAsJzjxJa1RjKQ',NULL,NULL,NULL,1,0,NULL,NULL,NULL,'2021-04-27 22:56:38',NULL,NULL,NULL,0,1,NULL,NULL,0,'original',0,NULL,NULL,NULL,NULL),(29,'user26','-----BEGIN RSA PRIVATE KEY-----\nMIIJKAIBAAKCAgEAoXAATyUv/AN1QcO0drMU3b3+vXTnq3mNOdeh/h24eK/V6wu0\nTD8XTKSH2RODfmcd1PraK/CgAXzwBm72IvXtAvxxew6y5nrJGWw1a2yBhSZZmj9W\nWuUEx66FRCF42YLACLpj+rzIskIC2txJdLNiWnEFlYiAfJXkH8tSJhzp3LT43wnH\n6v7bp7nG3VGRsIjqvybzw6k8noJ4IzaM+OyHcjKu0WJt5HsYRnPRAMxZ9/EyUcZb\n4NHslHtHAiW5FwP/xGoXATDHn+4ngeW/8bOAOwJVoMOIfXszaqqNr6BNErmtDIw9\nShW7Xku88YoYiI0qFflZpszQRjbPFifwtS6Dz7LWPfmUDnY2lNgQ/i5jX7HBq7Sv\ngdvBbOKg9XnInfoIsUBOOkb4FzqrGPLGXDVU0QFOiZev2MvLiy5pUvUHDLCyA0Cj\nNA98h5MP8SNFFcy4JPUY8ksylEihl51z0UAidAurZPTeUUI0bxk9Vt9t1Bm3ddls\nVqhRJz6cIJL/shMVri5GOYzoiALgBnqLCm3K6sx0vsGZHVz7TZMkdoSDToC7+6HL\nGD8rLSc2ZFPbF91mu6m9e1+aJQLishNy2w+pFzIo/nmmNKWW5NP8kvXVLIrWRu/y\nmp+4kiEoKrcl5MedkgoN0UJgKHWt+GWgqyPOfdobHnyLHwPvUWjpQ7wkToUCAwEA\nAQKCAgAElgewN+R50ohTdrGK+LHkTbgtniNRq/mO1dkYfLQnm4kmbPXxf45UI01n\npYYEAn5mtTya6HJHMIsqB59u5VEXF2BK6GM9KGpLklcfJt00EN+VQezcVqqw2HyZ\nL6E8/pmhddgOwKur4rOtj3n3unvWCWVo9tB9mY16OL6r7gDXv/1c6qx2+Mf5Jw4m\n7eEHZJBUn1Dn80gRUbADghJ1pNSBMj7knFj2V2fcYoBitytsH3o4N/wWsif4HNtq\nzHMKXBb5N7FRG5dkK/IL3uC5x0lig8G2eC+JrwUKJ++v+EwQNt2bYGWCVAU3W8vx\niaSCRo5WQvfgxOs6v2ZZIQfVwc1FPugO8avXiEsQVctO80pXMn33pOysfWnL8rPY\nn5/zwotdXw2cb4tEa4G1xImrgw6CXs+FKX3gXnj+qX/kuPbAHiOiRyKsfEPeJ2NG\n/w97gFzXtOlPu5SOxzVUwGHBQTLXAIiKIXDuM6hbA5CVSh+tLAQ3MLALS4u8MVWY\nHPNFtHYy13Oxtx0OeanJ5rJi4W8KBDPZyZ+gKGTsO5GNGNGNbu+a9LCADdkWrjcr\nygO++hpoLksOwbu6tSv7uPh0ElqIlwv/1bZCGbbgvS9ZJohohYLHT+Dda6pIXoJp\nOhEY63awPGqxtn1h6N7m2BpXCKLWlSczpOamCiuh18n0Dj6eKQKCAQEAz5p0oLrb\nqJfFrgxXZkRhYwSsacCi41ewDiogwnSgP7yDJUvklHA7ib9Lz/d9xFtMDJk8IxgP\nHJzVmHk4TYfIvtpFKzRrOOqbw8kpyuAGIqU2jftovo+S7rUPutgj3RijkZncfikz\ncyjYb78tQbeOWTUzDkDua9FkyE8Di/LM+Fj/Ny+KE5kUmTyz+GIo7nZEScGd6oXf\nt0F5BdImQrLyxgZanvH1lpyPv8xp4cJpS83aARHPS7Aq6Lj8CLwT5ta7Y2q+no6m\nGWI/RULF9McIUT6fveixuhnjkSt57t0VMbS2xPdDvy42y0E/wliJtX4JApwNnTbZ\nU8/efZVNXUHCvQKCAQEAxxJrBXsmwMAaKIUvYR/JJoegZQy4qcodA8tROx3C4EQl\nzDidzCXA1wbIh6RoSxbRZio4T/oWtTePU2C5fgI6TNYjY003eCiaeYRlmfzS6I6b\nhWX7jlDL9nValRa5u/24f+gfGmYZoxrCXYIIYVFNmP3ZemMzxApdw7Yj3L+7t7ZZ\n1DEZCRGhTyHIoJPZX/2VDG3lVp993AeA0AqMKI+pdKU2REWyTaWKNu3yuEm0H8JM\n2dSJ5vOlEaVO6199p7lxjoQZ4BkhKouxnW1EelxopRR/ZoqSx8DY37OS+y96OJAs\nNiTerxSZuxa3d+hxUxsb18RCQcbkDMcQ0fx/Bf+baQKCAQEAtaMx/579qRiBgLKT\nlYqmmnfwUeaVncuO4hXB6+EWhC1voSYxrB42OWMB9cdYZoBqnWtEzn+yWRpvV6RX\nup3e6f0XH6IRXg8GkdpjknlHZPCgNsGM942uxOPuC1AosL1p/25bGJb7yPonxD3E\nXwc2qJ5/OS1ebT8bqpZXSA77fx5+zc3uRQ9ekmQmIl/f6CPZw55/iD3xaukB9jHT\n/++JsfDFQOP6N/hrXSiAS2JJtmU5JE5szJAqOsv+17WWxBWEhotSlG/Cq9rl+Ldf\nc7bgdBUStpntRiJ4lP8xA+izLnYqo1KkF5Vbo6JHIsdMVVscjwfycWcX5tislbwX\noEx1EQKCAQBInytzoG2Ou4XPambSY6oZ6DhXJMDpD9Zt3+oOStkgvzuauLy4EL28\ns7jL4uo5GmXhg11vr6hBC7e5jvucQGvMRAI845pst0NDOU1nU5gNRpjtnTqbvFXr\n3vvgj53KOtDnuGJAWybXHZfyTNGJzwMj4NdJko774Vw7XWLP0RJF/rvecNrVOB1E\npOpvyf/uyK9rDVwwsZZUglg3jOF8mowTBYI6fcKCGPXG/B8jo5+WRmeKv8JfAlsh\niNC1hOxuF3SZrQ9TdVdoEfYFnCrzCGsUbdncKolJXczALt5bzAImSFIYnnKuJDHA\n0pSzpZRR4P3TRMF3BXuEPcqhEB+2rHyhAoIBABPZ0MVlkPXSprwRfoJ4a9+25hfI\nBAxIWtNxmCq8hRljowy6/E7NHo1F9QKwcZmu06DPLGRU87rAOo8GnvR0TeHoOj1S\nz56athHnpZu74nGjTnoiv32UOGRWXDjg6tnaE5qLbcK6/XlKxAtHmZUDn+12M/nW\nyHZ6KyrJohv19zt5mjSGgoTjuoXUPDB3kwfWi4ZtKkKqOChSoWSG9lYU5cF0PrLw\nJhVWGEov9G7NtaBwUzMdnlpnGWaig9p7c94ppcW9VNgKkammD26TPBKDP4viav/d\neDd/0VUQWQipC8gkaf29glzeWFswVq7i8B7WTCgbcSB1X0k7d1XqHwcDIAQ=\n-----END RSA PRIVATE KEY-----\n',0,0,'en','user26@example.com','$2a$10$OyeplXOsYCd5v.MtVLzBcO6IkHrM0eo1Sn4lZHtco0YOGdZJBP.U.',NULL,'2021-04-27 21:08:06',2,'2021-04-27 22:56:49','2021-04-27 21:08:06','67.188.25.156','127.0.0.1','2021-04-27 21:08:06','2021-04-27 22:56:49',NULL,'wMyDLs2HyspP_hyrQN5z1PqKyivzHA',NULL,NULL,NULL,1,0,NULL,NULL,NULL,'2021-04-27 22:56:49',NULL,NULL,NULL,0,1,NULL,NULL,0,'original',0,NULL,NULL,NULL,NULL),(30,'user27','-----BEGIN RSA PRIVATE KEY-----\nMIIJKQIBAAKCAgEAuR2Rx4q/wcVZgn9BcIvnyHNA7113lsVF8VVCRel8DdLW0iLc\nMnEXsbopZMrbZIdNBE7OwcTQMCXcrl5AW6i0NK9Ck/yS7onOlRLFXMA7fYBvSgIU\nMnvS5ygfnmb54gnylPiCp4Oxvg/TLOkHDRTmdSd8AiqQG9YivCo5K26HmSMVZpMr\n0PooPHct7IB/SSUQtNo5Z8K6lCQKfxE9XHJXKh8NF8xp7y73Q8QsMgxths16rf8l\ntuAbMoW90fmwS0vy/i5lIAdSEuuu4xpJErI5Q1vs+2dljuHV0sXr2vpZcbedRQyN\nZzdP+JVuBgtjz7Y4m7DjIVYqr+HsQNDMiZD1hul0UWJbOx0DubfHbqiDH2xmZ+wD\nHzcHT05mStQDoY0P+8NlTgTlxNf49JIYthb5FWIbv3zBdCeNFM8GyyDvPuNjhIJa\naeXxybcBfKEXNjqkWAIBX8SWJGkg0P6sw08dm4Wtl71HXf7PN/vVWnROMgaiInZp\nZuqrWGT8uLTBbed/Bx7kYm+f6mzPavZ0W0XkOTbKwknu1SaBeFQBXyn615+CIs9i\n10Nq+RruUL7yfYolsS+o9z0C0tqkUXm2Y7YTikM48+IucMp8dh6gWVjes3BwWXHs\nRGAdespY6xxK9k16ewxmUJF8EKLWlBClx4DlR4MD8p+J4y+9idrxEi558jUCAwEA\nAQKCAgABqS5BqBEIYAjpjtK7e8XcmowemawVAjgabjVmAy5FwXqD8CQhn7oishTk\n/pzxTfV28G4Sdv2XMP/F4LqbF+xl/JyQT1fSJBJibASxTFg8TAazl0kvGsVNpaKC\n/VGIoaY3h/NEJX5WwjWW1ZBmoaVfr7cBHfilB0rQfWB970PwL8xlWzStb1ElGbyj\nvpNlyJtZxAt3ztt1sM0XTsRKLAx0KEspx3+70aQOS5hJ6qqg5v8OyJdCCMi1r1WA\nqMjYJBpOBYSKwQYPfWXYS8gUDt1MqWp65vaWTZhph7USBeT/jDIxCGfMYUaqaEzQ\naRHAL1Zarz+acPd5FIHWIwlywoYxZ7pLrE/jWjztEMPBap0sW/BWDDw//cNEHITv\nuSnNLK2qHVhaN+IW6+b5Er+KQQOXkEEaUeflcOShX7WwsEVNAnHeeK6jQhsNVpzD\nwaxCUECOdRHC6cE/9xctt5mXgFPHrefoyJCsPRLgbK/GnaUjrTx/DZN+8QDXKGUz\ntRWkNLhu2fxee/M8KBtFEPmzqu6Sc5/TuA1QghFl3CDh2eacckjJR+OJ2zYn055W\nYDxfJVEpgrKVMg8ms2hKOuOihypNfhlkD8AYx05RlZTp/GQPH9yLgvzXQPb2tMwu\n8tkaox3BL8nXh1kkVRNHBXfJoQkSueapBWOJbw/OX+YXOtQMgQKCAQEA/u5SGzeo\nGTty3rpMThAlVKJgWJwaoUDDM+8iSgud4G0GGlNO7+OjPhgbNHiBPDf+yvppfogB\n0jzFLnucX+9jqaRq7TosbZ0lYnTfsPJGS6RMyTrwtDEyv6asWL39hxhfUtCnf91x\nQxt2wSnMsenETJh7smOW9nxXSgK3Qm4ioyLkk+hKskuJi0loro7ENGEm4huBz/ix\nw2wN4uYOEFLApbCo9EJzSh4au3NGo29DbjWhOWs9GYGDLraIhGf/tcjz2uFEtGvf\nqEqrdDQvuOjZx2JX1+Y4deC//rzD0swhS3rcQyjYM1atU471Lw4VTllxLDn/SfHa\nF5w5N87/GsxQTQKCAQEAueRMgop393h4nXuj7xcf6+z16XoTYdqhGESMoa+YXQh9\n7af0h9Al9VpUQzyBPTdCMdVUruRlzJM+EGgt5nI83DGjyqEjBiCjmwj4LRcC3hPD\nHNDj9HWcLjQhsmyNN8oFenGJSPhgpzB9gD4kpqKMChI7odMVZXnRjARo8N4NSU5j\nqqvHfeMieUiLwJivLGaa8+kB1c+U2mrH0W/JyxaGCrJRgfQX5GWrGODrYbe9ukel\nyqm/FWwVFpl68sC2X7ZGH6+PVb7aiVX5ur/xVC+H2DgTOFipmueKIysREb6e7O4S\ny2eQOwYuGXaZVQzE/t3KmFy0nn5s+D5LioyvaVNdiQKCAQEA7cjLqvlyAP8TeS6a\nB+JFf7jpVx1cNXab3PA7soc9Xl0y6RE1uspAtKV1kq6oFMxCC4AhMFWaJUhrv5yq\n0k0PT+e9mMK/OArxGPHcyEZjTSDWQoiIhfqx1FOZxDiKpx0TpMJcygZ6I9cVIL1l\nYbmjULKWBmGgKQ73uF/qIbtq8XGVdWShb8bHZ7U0QEWIOzc3NoXjwmG9JYO/PBnL\nmmwlpyatoQ/uS37i/l9azwzz/3Nki5M8bXMBMmwt0BrVR/FFi669D/DisC3d2Mjo\njnga0kAnoYjqtwDI9MmLei7PC4Fwu+/4IYLCrwLULWzccLU6u77pIUbGX2lncWfR\nSWSzrQKCAQB9q9wVvKsSAL36KaZQcx+/jflKGJ+V3gper6krfdzRuHX5/zwPvSaM\nUr74naT5z6vOqNyRSBOSVFD3Ipc1XjHK4zxKNtnIwLQakdvGD/J+VHnpt0cE86Xc\njp3hVAW8m7VMbAlV7aTaIqwV0O1SQj3OaTkrU9r5OXvy3uBbRqNQ1dAHiA5cCvw5\nZlQkppR2vf8vumzlMWr+poXkD2ErDVUdUiRMaMrmO92J+jTnYSLBFsL82fk28FTp\nbGV0S9h/qGiL71JFs7tmcVtdZ3otYdzCzlYgF8DB2prG38ywZGBo6SKHpMIbRThR\nOp66ouFjNGpMyw/IvsvIn8TOLAJCgHuRAoIBAQChjwLRrLO2up2i6tTx881q+We5\nmwy/e9WBbQo50YTsVk6XfB9MVrBraxaPr6Y37lzYk2OA+BY40VSivAQpTMdZP/06\nZCWD2FAe6fvoJV3X3qg7egUTTlIiwMWaSERV6Ddj2xcHMHupFb214eYZEhQg08eq\n3LFpPVsny7bqfk3NdQr+yE8JtstXB/7JDp2kGHDPfo5dx//nae8xTVNtRmNqr0fJ\nlYEOPp/JKaKj7t26veIVSs74K8VzpD+8EBLcaSZ4lQhRnipQbbtb7g28HKtuefk+\nxD4Cm21GwJVn4PnSWaFiotUh3IBc6/orA457gIc9+HaPgp3hOiyi9ShBthjH\n-----END RSA PRIVATE KEY-----\n',0,0,'en','user27@example.com','$2a$10$U/V/rAwjhjhONE8W9dFGyOZBvGOf/CHMfaHqPdQW.2yCsalGY83x6',NULL,'2021-04-27 21:08:15',2,'2021-04-27 22:57:01','2021-04-27 21:08:15','67.188.25.156','127.0.0.1','2021-04-27 21:08:15','2021-04-27 22:57:01',NULL,'AujqZRenpACHtZ4HuAhyXrFvRZcutA',NULL,NULL,NULL,1,0,NULL,NULL,NULL,'2021-04-27 22:57:01',NULL,NULL,NULL,0,1,NULL,NULL,0,'original',0,NULL,NULL,NULL,NULL),(31,'user28','-----BEGIN RSA PRIVATE KEY-----\nMIIJJwIBAAKCAgEAw6T8Rgvntp6y1P8fF8ILveBUTYyUI0VDo73e4bnAREE/u+ij\n7ltpV5NeIJfMrjh/JNMWunQhItwvEnvsdAHzTJ2FTT+xVfJIdSKf9zqCpeBGYCby\np64s5YqtKIpUQ47+JKpStrljSK676BdYyPE/JmJD/JOw5n1LBN+JDHFMp2uwmL6H\nmAJZGcyr+eW/JApZ43HrJv+dIBq3nqDtVuibiSl3O/mXDZrDWILmzbtyh5gtg05h\nDODsASCELfhjbPp8vhkT5n1TamEKRdRhNqQmg8+03L1zymdvrbyc8FL7Kxf6z2Wt\nOLKKZlyrJopDwvGcKwF8Ay0cs8QC3lBXINdAbLO/3p1ev6yTkczOL1AJ2dhw9St5\nQak9eygENAHljvlqi8+gqNT72SqqAjxirS5ujBSgetZioL4ReNlRehC8BOz0bHh+\nCwbp6i3co8MqcPKl7QkYi4+SoE3b2HuoVRB0NI48irxyDSKM+Nt3dxwtnYim2b9z\nou1cvlwSyzhg/IE7UqLHaUgH7ZPFgrsxw0rd9+pdCvWh9WOyq9cnvauGRcZ/Nzze\nr4P9wfSmC/1QXoVC1tl+8ZKrquFWLcpyGDixl5KU0BPKxErSATM/81sZwYUykImc\nZYgxBQ1wuDhB1OvQhrZH9v6jd7hqkebWjyu80ZfuffVQrRsgN5NXGjxsouMCAwEA\nAQKCAgACoLxoc0/qUXkZdivNmi1ce9YKnufrDe9ngjY9nxX2VL12s9NCKBMHldLe\ns32QnPEV+K69L4vaZXIo/R0jGcS/s48YPj+g+DGT0TSsSJgNzAtl8ztnvJydMvo6\nKXYSARhDqdBMUk5MhaDkgpvFQp8mz/qDhABWSoNml1s0L936Sbe69X+gwaUIKtNV\nrWUwuL0oWl3wzZa52RjhKEw1iTUrVZ72841LATO8zXnjmPk/a93cEDkqo2daaRf4\n2YfVf8IdwUWe3zruvyZdmlKwhzNZzwpqBKBK9kS3LiCHz5D1P4KjNxfXHtWrWuK5\noqgW660GwSPHSpJnRFArQ7YjUVxHSljFfVYBpihWS0fdlWW2vThOuUE2lbwbh85Y\nWT4QppbRRhADJMnIGilxkPBRJdsy3MMvdEtqfw6uASIl3+I93NlhnyiHD1Vd8M/q\ndxmKRFLgG8uAeDn5hSzy7N7ftu9SgC4hL9TjohDFEXBnsNbyzXEKte4Nx3os47yC\nUFUP3OfhogdBxLjIw8juNKf9/0e3jcIx7m290Ix1YriokJ4XcqrHTUi7FRPURpP4\ngKuDijEH8Iv32MDUMUJ7zVb9/XLXWnP0eFqy2mAuV/Lvrev6RdZkWT3VqqyxO7Lh\nW0YSoTl7XWwEkgRJbfU5O+iy21nCBSiCpb4RaVG807+mm/BEgQKCAQEA6NpaPKPt\n9DMMWOy3G3c7ewVCNaUB4bcEzDlri/DLgPQrwlw0rwVJ6Yor6q7Q2qymjAyW4Pid\nhkISyho5VbqcnbAh/Ks0uzMX1Vw2Z5BXT9LR0Y8o1g7iBV+E/UoT14poX/ru09OE\n1Ky1TsNr+lwsNEmxq1ebckWUEF1ZzOXnNOTQLwW+E0cZwiJpXWZXdC9ebkQ5Q6eX\nbdqoXGW/+MpjaeMhrjNRA05dnkmKZEnKguCf6uYKFwpQ8FwLheHDtu2tmptTeQ55\np2y03MPcscx1nesTw0q0pbJAdPwCorH5EhXRRfL/y/AGCYcifTAi56GzdUZcz4uw\n+Oxji/aa2SfsQwKCAQEA1xfAQSLPgx7U/2zkb8VYy+AKlMxm+K3k+fLJk+oTdkpg\noHYKOaK2UrSQaZVXaoGgFOcVYde148vutq5G3rNLKQQXeck34jtlHQ0PK72Y+Ch6\n6GHXS7TsUBOagUBr5y8CarqF0WpCJeAu9zYqgq5mVNMZlmvhUBApfZJIC7GIjaNL\nToXR7qF8U23XWNWzV2No8lLn8reTODx9B3/PS5g4OOX1zHqSaBMfK9SsHqElwGkS\nqVO9+jqgYDQ8veSx8B3ADB4G8Tl9QotkunwyVHvadNZZEctnHnb7/GFKr5GhucpT\nC/j8wUiAkXNqbigR2ZJzniPoKE2qIshEbsSZmPBU4QKCAQAYxYHsCZR68iNSInyo\nU1rkj36nrlIw7QN5pnImhQthQJiXKLACHpHqYmShps9ZNBzTsVMrw8ceTVEqZvfK\ngvu+WsqC0sPdVmYmsJSpF9XyC/9+R7iUbSjmYW8IcyUBPRw1ecCGkG4FIgp3wppu\nG/gn598a10sWMQi7ZPL0tVCPc/ghyH6cFmhLGtYStZyAI7nsCR3+cInPif93NOvj\nT8SbsyoWGid4LpIPEMvEN4Vvvu3EU4ynPtW1fFVNfOMRRt+9HuEWc8/FW+8xvTRx\nRcsNbcDAeeYV6oyo5VZycHSK0/9bbaqAy5wYz2N/5esQsUciJsYg3j+Je7xrW2TF\nzVV5AoIBAGkPbdWi9i76gVldy9qYTz4N6b0ydd1juuMnZrR78hOmUrotzeLHCj0t\nexhHXNJmDFYJZVVMMsjYlHngeDdQ5hZbrEfNNCGpl0LwXQelbTFRPG+DUtDkx0R5\nvs8BM3NRb+HHx5M5TqQHc4lGiM8Z9lvaXLYvbXdY3Zs7NzuW9LcSGrd4/8iKUhrC\nHRyEDTxTDzDFtAvHBP7D9OIT2KH48QVBtaSx/g8dv+z9zTCMz87Cw923TKULu8gh\n28V5DjzVmzeP9x4eUYOOaJ36Ce9gK51EEW9ypaSow35L21oUTSVdoODJNlQGYN4q\nvMKfidB3C0gkC8Kb5M1mep6MIuYkBaECggEAED23f8gURkTDTq0vtY8mdHyFIqh4\nNdW8jE1tKqommFAaPy6Lm9emWdaN9oZqBSfsoPa829/ZQFZiDcQcgQ9GehTgcBOD\nwidQkX8tL8qzIv+i7lgiDuxmCar1FJ1ZTyFuhszU3BV8BHPWDD8cjdLJ5hJ4iK02\nnX/Lvo/6u6B9+WpkRxS/v82EdaVTr4/QEDB6cI9/6n7+DAzWOiR5m4qol8gBgF2V\njCeS9MC+vxIQ9z55ZWk3Wb7shtu/ql93Q2f7ox1H0wbn26DSNrHocET+Fgm4rVps\nvxmOOfFBJFfy9FL5Ha1HElgjiOgsxtBzbmXS6nr1mdcArJaZTf1YYjkmYw==\n-----END RSA PRIVATE KEY-----\n',0,0,'en','user28@example.com','$2a$10$n37S.59Wg67CXcytKU1mJ.47MPdj.SzF72Q15aah6JfZuccafrw8m',NULL,'2021-04-27 21:08:21',2,'2021-04-27 22:57:12','2021-04-27 21:08:21','67.188.25.156','127.0.0.1','2021-04-27 21:08:21','2021-04-27 22:57:12',NULL,'i2v8d8syoNqkyAY6AoPtJkPuh-AUnQ',NULL,NULL,NULL,1,0,NULL,NULL,NULL,'2021-04-27 22:57:12',NULL,NULL,NULL,0,1,NULL,NULL,0,'original',0,NULL,NULL,NULL,NULL),(32,'user29','-----BEGIN RSA PRIVATE KEY-----\nMIIJKQIBAAKCAgEA4j/Sr5WT+runhdsXojPvpNuf/HLvxnwFLC3WwCb0sLHjE0Vk\nC+liMSl38xCgw1IKBJiQ9qbTlLiDYctQuk5FR2B26oqnAEYE6cLI0csyCyJSCqN9\nNDldc9eeSVklUjKQubvhh0r7/bkGjCj6ON1FCPrm8PFk/idmUqEVPgBtpQPURwMu\no62j5qEq2txoS44fQPNY9jbMqWmbTyX6/ka7HFdQbw5zIAwIgh0sx6GH4r/ipPi3\nugNp+dcdybXzJD0m3X2j5uVR7gT8qYYwXXQH07WZJUylUhxdCKErgv8b/jNNuy7D\nNZgBwjgESeInEc7qvD5dzjnO+MPa8tIRZ+rxsvM/KYVUWD+uJ7+urAT9hQCFXhcZ\nRBVjezYBVJ4CHomV5c2W/HVdGKryYXQ3Qh7AFou6o6vNGsGeLhIT/1xlsxrBUjuM\nkHO0mG7sH0tYi//ATDw283KaLnhok/DeRrflOukz0O+o0xG3E7kRKez7ZXv3PVKU\na2wwj5/JjyOo1S4QfgSIbjFomVhQNUPsjW8ryJP0q8Z0BR1BA19snAyGGiACID1k\n+uZfc7Ox7ikAnaYwthw8XqMnNTUKnUrcDYuJUKfIShaogK4mg+SSX09YOBd47QtW\nCzobIz85ARxozJUyZ13fansU9yyCiT3PgjzZ1C+IC+IfCqEQLKlcUIFDcBcCAwEA\nAQKCAgABGz/MBQa+vKkykeI5NFjRLRPIt8UtatDZqPW6ZdZfgNcz8mxtVHxa8jF4\nelXW7rFG2XooAqPZP9fApC5mYtia40Fhn0D20uDWRdIWmJBLlqThEXCcz0UCOoU3\nJZz1nHKxvdX6A+dck8mQ6OhkW8ypIRT9C6krRwUMlWYVsgnXO0AQAtd5DHHXQGWF\nwXsvF2hWuHnwZk806uPMDMr/8Fec6V5m1KLCftyRylO8PDF+beLNXLwFSFv90Uv/\nfwjL3hKxFZq2F9wBNnwH1jSpWFZrdiFkGc5bKvFXh/Y/A0FfSl/wcOeafP5RNVXs\nCJOZVjI2rnVl+0lkVQzekCFuqSr6azRQFLw3+q/VWLhGTNlP1nzqx7Dce+Ev5mGs\naPTnd/mURZ9xAVn5USoti/JlnbxhDizsPcnAYVSnhqkk+Dl9Hj2k7rVgnJg0ulAl\nJjL4px95Fe3PJ1ArrQ35kudyXKnWhFwa5ldZWHHqcAfz4xXZR4g7pY+AZTMy6aGH\nHow2gw2VDA26N9kH6wlswwQqc9USd3JCipa+Kj2VKDEUknPvKz3546H6MR3c40z8\nQSSNF7a1Y0vFszMnbDCb8F59k+7naCDR/M+ci306dqzJUw57hGMc1IXJDih4a2NV\nM4a2wSQvNl5SrheD7X66aqqMiTnW4eQ6+DTUsFG6TNqyhPfqVQKCAQEA9uuifRA0\nzA9AiE9fidjmrCI329YQjdJlQSi1IYuJuC4akU0RY6PEGaGj1BN3msla+2T1sF7n\nZCdw/FVjTQ/D3ISV9nzf45SNVi7NFjSgybrPp5pbu0oOsIshcthkleHyNf3lfnui\naQYRafItGvSB8HsdTOD84Lbd52S0LeAx8gXHjuJk5KSR6c1xcYn1n96lXmZbJk7h\njEpd9qR/lzG7ybSAmT1luevWGeEGUzvNPpZVkmlr8SYYYszrlyfESy0iL9ymUU9a\n5kA2xITXMPq8i8Du3PINuQAxSGSdwFiCfmN9Dlu8yCe5mgCUlr4TmUkNlLg0jChU\n+jDT+BAhy4Se6wKCAQEA6pGaKflIq0icfZDOLflWM9WOYeOcX34Xf8U4V956jkWm\nVOEt7jI05/vnddnbLuaGZzdkulaAx0VUmJqPyK3sQ55xtD1ct2jfJmt6q0Jjv05n\n5CvnGBo3kDsysFPy0ZQdApbCv6emPXMzE01hbssXKNQ+iizgmvnN0AE19R50schW\nGfjjss6ZjJblBF1tE/lt4LUQcmOjYT1q4ZpfIKgj4yrF5PXNAt9xifE2Aqd4utUB\nFXpKLlOvhFZaQYn+oQYLTDUITw3H2NrB0fmQO0ZCigR/3tKOH6MSBwClxMSVSZPs\nqiT81+mhaHLZlFMq7MA3C1iJ6Et2B/zOCyi9J56ghQKCAQEAwIq+Cge5I+ZAzAoY\n1cTtGw0TwbkK74xAqK61j5LfsV9CGEugY7IwGEyTE6yad3jMGXyAmSdoCBE5aYqs\nBEtmz24UAkEd1Ljh/XJBOi+Psb6abndPUJxPGBtl2cgjpzypQrDZY+fEnWC983+E\n7J/9MyjNkEVg61mtb+J3Hc7VI4SeOC0Rv7kUjtxEueR6RE+5ZAMs0JJyDpNu8gUT\n+TIu3PqDzPqzeGcObN+rrvvS8BsKX0EVitXJ7kEc9KFtz7FCF1BX4M+gcitgiZ2M\nsATVQaUQnfmh+cDMrUbIPFTIbQXnXmrqqqlPcWdCdsmBPuZYUL/TOfe5S98Ha0gp\nEio4QQKCAQEAobfWgH+0IRrDgTJXY4zWaJAgRM7GnXNyQg23haUF+5Z7UWOZ5fHJ\nVfLvJeoX2eLm4Lxo/qrqx/e9liRhYuq9y/St0aTIik6MIpHRFceEu30T1VSLU6un\niRG3JagK7YDe600DYVz1GMKWgQVFWjw8cFK790lvZIk64uAi0ia4L2W+LtPQMBON\n+0aBCBxdOnspzNUoTKTzG/Ra/sUONpaVf2Wa3/qy5/si7QZWxUeuzahSwfr4r63U\ngTmDqlG4Mk3XdifN3arTkGdpXxle3e7Xqw3lFrs1bwxfPmKs5tbdUcfhT4CGrVkO\nhdNAvKkGHAl9KZ5WHcgAzQr3BuyEVI9hfQKCAQAv3Oa+bzFndWkHuEkSJ2xMYohw\nvS9MJsHccUdARvqgBGNwtSyCOn+6uWZRKrAK962lNEZ7ek4NH9Hu5cYy7flT5y8R\nRtuq0zc+JtTK+NaJK/QuGhDZGRiDEev+aD/w/XK1EprEpk4K0YroED0GcSZZc2zn\nHMehdcIJgYUv7Ed+LbD6pBgukLEBDuzIIAXrgABxic4eGQy+FRW3Iqy5xCI7wk75\ny+6KG/bcbBTfJL436UT1vCwBebNSKaCgZaC1wpcsFmabEUvjMcgkT5B+o1HtfC9o\nIIzifbBJfs72RS7TSXK+08ZjZ6dnYj7te6e0ZEZuocc2HzEqaPrq7Ioj272u\n-----END RSA PRIVATE KEY-----\n',0,0,'en','user29@example.com','$2a$10$8pS5PgqeduaaYxku9UjjHunrHFPmCwLwNwcTH5oEW4KwYFD.rf3gu',NULL,'2021-04-27 21:08:30',2,'2021-04-27 22:57:24','2021-04-27 21:08:30','67.188.25.156','127.0.0.1','2021-04-27 21:08:30','2021-04-27 22:57:24',NULL,'ypa5EA3Cfc6yA26y6VgUehrrjpfVsw',NULL,NULL,NULL,1,0,NULL,NULL,NULL,'2021-04-27 22:57:24',NULL,NULL,NULL,0,1,NULL,NULL,0,'original',0,NULL,NULL,NULL,NULL),(33,'user30','-----BEGIN RSA PRIVATE KEY-----\nMIIJKAIBAAKCAgEAtmP9Gi+vRwX75VbF90pnOiWGppxtB63PY9z8d27AHSnfRWNu\nnhxHyQrHhhATymU6ixHYpWzJA5pUZ+Zkmu0qG3ye4GDpd3jQahlhm2Ngtf980Iz0\nIjp5MBPQ4mLqrz0yGxgxmKTDjFiBH8eOZdJrcpf4FgO+IiUD6zzIunjLlgMFxJBa\noNP5dFMpK+OtEK+uwDqpPDRpyMQbbWnTNvOKs4Qr6uibGTHYQF++8sVzzsBcSNGe\nhEMM11P/sw+HnBxpDAmVcy3dIOK9L68aaqfZ19AE5OMB6Nj5BPBIMgDKVk5lWVj+\n36t1E8kRJcCzzTSOydrw5p199AF0LS7pS/vYmdagkeKx2OUZu3tVLDwjrcUiRm2R\nAaBrXC2zEJbtXjgXVIYKQ+HSzuDGWnK+8/ZQj30I6i9tjrkpcRLbb7JoMN+OXyAY\nR1zr7rjtsiM88Xw0ocE7fSmm2BuP6BFK/NfduCIsj5pgK0WY+PDBPkLuu+TKoOY0\ns4gSHa416seUIxt6bErGeTyVTpjjwnKGHcvgFJ2sbzat8wsM3Lxr1DYQPhNxD87h\ncosPQUfESdgM7ZbCIZtBABIgyd1A19A+Wxd9K4plCzIo7tck6VljqC7Vqltuv4FI\nNBznHDvf0jeGzoAupbOlUtooYDPSpA9BVbtpYul/jxTJVcBp/LELOdg6uP8CAwEA\nAQKCAgAU06MVp+dIYWcLn5Z4b+8MpTdUdB1BGLhLS3MqwiM+0Ua0+i8p78nEq63v\n4YsY++ks8ys9bIghmLBVsum/BSDfRaIwtfBC27FUxDQwla736UYb3FSOSgYHluOt\nziTFQOQlUuRq7TmFH6AS/GsGtnndenvyK5g89uQVKvoyzNNWfF7evKsUnU/pWAul\n/tgGxUDbo3cqsEN6EOae3kwnhLTMXeXT6562SEpMw4Ie36wjKjT/fawvpyZiui1D\nCZ1vFpFqNffyUITlGe8HcGPAVQ1bht3gMwnHSGtbBIMB7rQsGcSZ6L8l1ELIsRd7\nq578ail55D3I36f/wmC9PhOWwRnQ+UOG9yVn5A0zOucmf5yby69wvmbLROjln6bX\n6rcWohu7eGNUMttHF4W0FOoJW7pNy+iT+WwdBYqQy/kfFOlK4iKFUDeFscNp++yW\nQjekyGoU852SZBPmMeiEijEJLATGHXBUNaQ+Ulkk+WNxwohhNlYV0Z1TGhwa63+s\nnGFIrom4/O6b24erRkqB6AcNMFMN3qxuwAgCRL4U166lQM7/NI+/13TIxhU9sFyK\nzlEWT9Jdx2nU8OGvsDiBGp4rn04WLXsj62vQp/vVzv9574JPmhHCCXG+ZfVRtosT\n8BlwzTcvr2pmKdTagMRe2DNOrr/VhlsbqJagGJuzAqNkzcttmQKCAQEA/cstWDz3\n4QWvpqqWooocqThaY9eaIBiOTD98GmcS5BcHuvfg2Lm+pQ7NqElVRye8hA3wbJWR\n0DAFCaPkbLMJGfJedp3BMxO/CKiz/v9237mRyz0oIAdeJaJIxd+CG2EcocYnOEpc\n3FIkDqlQq8VcONaa6sSPZkKY0w5M4k+oqeOh4fPP6wrA3382UGuS8oDFgj9EZmyi\nbfZYCTiuFLcnulBnMQ2qBRMHcJmgQeOVyKyqzmBWuv4xuvtZCi6tw6GoBQzsqq0P\njVKDC/KaD7dcKjpY7X36sNoUERvYWHVMuDuE6JYS1OEAoEY8Le6Tp5Tm+/ZPRlfd\nsbiDTh5na1G3+QKCAQEAt/nnDswBygpSQz/s5DAjnUhXFQMD7iCaGrNgb6C1XjeP\nrxz4sRjcI/LzGs+3Scs6g8TYM9TpPB2EgswPCuyqc4MVWZ/QgY01rjtOMkTeNSQk\nlPokMyAKQlNpZE3TRCjtu1OE/+h7Lbh+5hTg4fz2a+vx4LdbJEidymOqjQewANue\nEeDh3E62XYh1rJB8d/jdX3T8jDAzScuQfjGpv9hO/t6oD+ibxBcn6WRVGJ6fbH9r\n9rX9wodWECsku4P+ww/9hgR7jrGg3VRh3HDeibQ0JX44HXhM1BsjGAshbXLeNRNW\nwPcUOcnVXpkPJAH6gKoBNxR+rNLWYS1bRXUpjFtmtwKCAQBNRblurlGCr+qFQldO\n8eI8G65Zy+FfeFqLGKE+oLd9vw1ZffN1yUgklVdEr99JJO4e/ud/CCM3UgeWodIA\nzposzkC4uNuEI7T8e/Eh6MJW5/dd/CblaZjeuISTyrOghnbjQqPaXbncUx4rYJ3x\nTsv/ekf8xxAqQIiraiU6mqpt36MAWu2pUMLcyazN25MIRvDb8UtwLA9gj6rKU/mc\n0Q9FiQmCQ/jKRrrzK7NBnHuUeA4he++sS4z0s2au1PuPHv87Wm4MoVik3MSNtLX3\npwpmyREebkcP5bZKZ0H93OkZBvY2osrlCgTYx8m26ncGhS229Y25izMy000XUeaH\nJIBxAoIBAQChu1oJYwSLpcktf2v0KfGVGfwb55uz4gs3P8ueNkxauENi8PgbT7xv\nCev2/PWnNLaLEifyYNBs3ZIZHeR3eRhbFbhWIq08xnOTaGVUwcAKPWy/XqsmGpuK\nNSOoXtZDzCs5i7GW+rwWtGMyRtZvNF84/qGTJ/1Ch2fXfQh4lHKAPpDWLLjBYJzm\n2sh/3EDfgvKxMPm3D8R2sjKjDWup0DGZ0wkxew48MxMOFPrN+twxmE7EArdDJJBf\nBF51ThNPTaZVA2nPRo4hJEYncT3hFn7lGvGfzprTt8uBHn/TZLC9PfP9DPhF2Q3u\n7GUoBWk/ZLROxICb03lM0n+zLs1Iqy0/AoIBABI0bb7fH2G7xz50TesZJhMBMDuH\n9nI91rJzyhXCA2be+4onKgsFVZgi+q4jVegn3bKJyYBIIMyPNA3gNNvH49xJ4wtm\n78Sav1FLFAbXeGIA1GDmS/wrsri/9bVa+yyr9TiNn7pbGZdhPc2w0ljGkgbJ5dYl\n5f6LlMlxvlWeRlY+CWR/v47hcIK55uHc+Lf2jzW0ek/kRH/KVDxnRY2qtYkShCMM\nnYNFHksQOSpat1MpaKcFHtVMUZpptAeSa823w8IpYvqtIKUifd/HB4sX8BdYmfDa\nhR3hlJirlZG9/CFVkS5CJTvXMf6ckyzRyVKaMSSFgAdxp3ynW4o+yzoUjqA=\n-----END RSA PRIVATE KEY-----\n',0,0,'en','user30@example.com','$2a$10$cS9rBZ32iZAQx.yDZu5nfOjcQKr7Q3fKPW4gasMKoQ4fZ.mAgp2lS',NULL,'2021-04-27 21:08:36',2,'2021-04-27 22:57:35','2021-04-27 21:08:36','67.188.25.156','127.0.0.1','2021-04-27 21:08:36','2021-04-27 22:57:35',NULL,'iHJQS9P3yDdad8QjyajGpH3w1qSaFg',NULL,NULL,NULL,1,0,NULL,NULL,NULL,'2021-04-27 22:57:35',NULL,NULL,NULL,0,1,NULL,NULL,0,'original',0,NULL,NULL,NULL,NULL);;;
/*!40000 ALTER TABLE `users` ENABLE KEYS */;;;
UNLOCK TABLES;;;
/*!40103 SET TIME_ZONE=@OLD_TIME_ZONE */;;;

/*!40101 SET SQL_MODE=@OLD_SQL_MODE */;;;
/*!40014 SET FOREIGN_KEY_CHECKS=@OLD_FOREIGN_KEY_CHECKS */;;;
/*!40014 SET UNIQUE_CHECKS=@OLD_UNIQUE_CHECKS */;;;
/*!40101 SET CHARACTER_SET_CLIENT=@OLD_CHARACTER_SET_CLIENT */;;;
/*!40101 SET CHARACTER_SET_RESULTS=@OLD_CHARACTER_SET_RESULTS */;;;
/*!40101 SET COLLATION_CONNECTION=@OLD_COLLATION_CONNECTION */;;;
/*!40111 SET SQL_NOTES=@OLD_SQL_NOTES */;;;

-- Dump completed on 2021-04-29 18:33:30